"tf_name","motif_id","gene","grn_weight"
"KLF4","MA0039.4","PLCG2",0.108967606836444
"SP2","MA0516.3","PLCG2",0.108404434182512
"KLF1","MA0493.2","PLCG2",0.107179789932928
"SP3","MA0746.2","PLCG2",0.106672602491737
"KLF7","MA1959.1","PLCG2",0.100016705787207
"KLF6","MA1517.1","HSP90AA1",0.0981345780156861
"KLF15","MA1513.1","PLCG2",0.0964898388333605
"KLF12","MA0742.2","PLCG2",0.0947314456344712
"ELK1","MA0028.2","LEPR",0.0931655982325053
"ETV5","MA0765.3","LEPR",0.0906012415741635
"SP4","MA0685.2","PLCG2",0.090549550745143
"KLF5","MA0599.1","PLCG2",0.0884413165529092
"SP8","MA0747.1","PLCG2",0.0878428822328286
"ZNF281","MA1630.2","PLCG2",0.0864759407131866
"SP9","MA1564.1","PLCG2",0.0861476858462068
"SP1","MA0079.5","PLCG2",0.085409785356444
"KLF2","MA1515.1","HSP90AA1",0.0852723383955065
"SP3","MA0746.2","HSP90AA1",0.0848116005456118
"ZNF449","MA1656.1","PLCG2",0.0847368338786085
"EGR4","MA0733.1","PLCG2",0.0843749370485614
"KLF11","MA1512.1","HSP90AA1",0.0824396735582658
"KLF2","MA1515.1","PLCG2",0.082008704976479
"KLF10","MA1511.2","PLCG2",0.0816958859609776
"SP2","MA0516.3","HSP90AA1",0.0814538580368537
"CTCF","MA1929.1","MOK",0.0807745518197759
"NKX2-2","MA1645.1","WNK2",0.0786024185806878
"ETS2","MA1484.1","LEPR",0.0779376125108213
"KLF11","MA1512.1","PLCG2",0.0777862079976571
"ERF","MA0760.1","LEPR",0.077208198959556
"SP9","MA1564.1","HSP90AA1",0.0767990141668494
"FEV","MA0156.3","LEPR",0.0761207463098722
"ZNF148","MA1653.1","PLCG2",0.0757338427456567
"KLF14","MA0740.2","PLCG2",0.0755720968705779
"KLF16","MA0741.1","PLCG2",0.0737530513345443
"EGR3","MA0732.1","PLCG2",0.0736462442196325
"KLF16","MA0741.1","HSP90AA1",0.0726197863847256
"PATZ1","MA1961.1","PLCG2",0.0712600849324376
"ETV4","MA0764.3","LEPR",0.0709753939283302
"JUN::JUNB","MA1133.1","HSP90AA1",0.0707839289161098
"ELK3","MA0759.2","LEPR",0.0704108750058312
"ETS1","MA0098.3","LEPR",0.0681462292954704
"EGR1","MA0162.4","PLCG2",0.0668445593657831
"ETV4","MA0764.3","THRA",0.0658272547986306
"KLF15","MA1513.1","HSP90AA1",0.0656870219262505
"KLF12","MA0742.2","HSP90AA1",0.0654522445064317
"ZNF354C","MA0130.1","MOK",0.0652896776012843
"ZBTB14","MA1650.1","MOK",0.0634057429024204
"ELK1","MA0028.2","THRA",0.062403246417604
"TEAD2","MA1121.1","ZNF407",0.0616047224659522
"ZNF16","MA1654.1","WNK2",0.0607024051080148
"YY2","MA0748.2","LEPR",0.0606003219587642
"ETV4","MA0764.3","HSP90AA1",0.0603906538825469
"KLF9","MA1107.2","PLCG2",0.0600762217377125
"KLF1","MA0493.2","HSP90AA1",0.0598523760824641
"TFAP2B","MA0811.1","PLCG2",0.0596325637022429
"NKX2-3","MA0672.1","ZNF407",0.0585980167756422
"CTCF","MA0139.1","HSP90AA1",0.0585260288238677
"KLF7","MA1959.1","HSP90AA1",0.0579227830636774
"MAZ","MA1522.1","PLCG2",0.0574690162442048
"KLF3","MA1516.1","PLCG2",0.0558962047845938
"ELK4","MA0076.2","HSP90AA1",0.0557939917719171
"NKX2-5","MA0063.2","WNK2",0.0556738663527572
"CTCF","MA0139.1","PLCG2",0.0556479156591875
"E2F6","MA0471.2","RPL13",0.0543272933816583
"KLF10","MA1511.2","HSP90AA1",0.0535388489832229
"RORB","MA1150.1","MOK",0.0534995745678371
"BACH2","MA1470.1","HSP90AA1",0.0534909848306692
"FOXB1","MA0845.1","LEPR",0.0532235853741357
"JUNB","MA1140.2","HSP90AA1",0.0531782997979527
"ZNF574","MA1982.1","PLCG2",0.0531196240466551
"SP5","MA1965.1","PLCG2",0.0529385498950819
"TFAP2C","MA0524.2","PLCG2",0.0527919045740158
"ZNF343","MA1711.1","MOK",0.0524663884732265
"SREBF2","MA0596.1","PLCG2",0.0520599245181344
"HSF4","MA0771.1","HSP90AA1",0.0520584049474204
"REST","MA0138.2","CD55",0.0518769832861237
"ETV5","MA0765.3","THRA",0.0517924051762296
"ZKSCAN3","MA1973.1","PLCG2",0.0509390277940875
"KLF15","MA1513.1","TCF25",0.050604416525601
"ZNF317","MA1593.1","WNK2",0.0502667279667482
"ZNF707","MA1715.1","MOK",0.0500906400867649
"ZNF320","MA1976.1","PLCG2",0.0495484207629908
"ELK3","MA0759.2","HSP90AA1",0.0494345056814352
"RFX7","MA1554.1","RPL13",0.0488951317949151
"FLI1","MA0475.2","HSP90AA1",0.0486014430666357
"FOSL1::JUN","MA1129.1","HSP90AA1",0.0485269884865839
"ZNF530","MA1981.1","PLCG2",0.0485187682138217
"KLF5","MA0599.1","HSP90AA1",0.0483067101165646
"MSC","MA0665.1","RPL13",0.0481545429518059
"MYOD1","MA0499.2","WNK2",0.0479742401170298
"POU4F2","MA0683.1","ZNF407",0.0479102457654907
"HSF2","MA0770.1","HSP90AA1",0.0475075324035225
"ZFP14","MA1972.1","LEPR",0.0475021323833415
"FOSB::JUNB","MA1136.1","HSP90AA1",0.0471234147707681
"EGR2","MA0472.2","MOK",0.0470645804693733
"HSF1","MA0486.2","HSP90AA1",0.0468504718871127
"CTCFL","MA1102.2","PLCG2",0.0463917816996113
"KLF14","MA0740.2","HSP90AA1",0.0462952228224593
"GCM1","MA0646.1","WNK2",0.0462369191559435
"KLF6","MA1517.1","PLCG2",0.0462076344386039
"POU2F3","MA0627.2","LEPR",0.0459503027154936
"HES2","MA0616.2","RPL13",0.0458039587011888
"ELK3","MA0759.2","THRA",0.0456569895080032
"ELK1","MA0028.2","HSP90AA1",0.0454491110628402
"ZBTB26","MA1579.1","LEPR",0.0452519107973871
"ZNF684","MA1600.1","WNK2",0.0451807900208472
"FOS::JUN","MA1126.1","HSP90AA1",0.0451105501821866
"GLIS1","MA0735.1","WNK2",0.0450988384433494
"ZEB1","MA0103.3","WNK2",0.045048809532403
"FEV","MA0156.3","THRA",0.0448203030222159
"POU5F1","MA1115.1","ZNF407",0.0447146755540815
"ZBTB14","MA1650.1","CD55",0.0446553377303367
"HES1","MA1099.2","MOK",0.0437110112871898
"RORC","MA1151.1","MOK",0.0432790346320985
"OLIG1","MA0826.1","ZNF407",0.0431197177555356
"ELF1","MA0473.3","PLCG2",0.0426491305464555
"FOSL2::JUN","MA1131.1","HSP90AA1",0.0420145097595723
"TEAD4","MA0809.2","PLCG2",0.0413437350398645
"SOX12","MA1561.1","CD55",0.0412263381918703
"ETV5","MA0765.3","HSP90AA1",0.0412093918157936
"HES6","MA1493.1","ZNF407",0.0411278249679072
"HES1","MA1099.2","RPL13",0.0409529793884215
"NKX2-4","MA2003.1","ZNF407",0.0409295891372942
"ZNF354C","MA0130.1","RPL13",0.0408039971555318
"FOS::JUN","MA1126.1","PLCG2",0.0407281086126279
"CREB1","MA0018.4","HSP90AA1",0.0400054163069959
"ELF2","MA1483.2","LEPR",0.0394424502852216
"CTCF","MA1930.1","CD55",0.0393658042730057
"JUN","MA0488.1","HSP90AA1",0.0391884006135287
"ZNF530","MA1981.1","THRA",0.039158707354736
"ZNF454","MA1712.1","PLCG2",0.0390999541430826
"FOSL2::JUNB","MA1139.1","HSP90AA1",0.0390850528157165
"USF1","MA0093.3","PLCG2",0.0390416556482283
"ZNF549","MA1728.1","CD55",0.0389126171149051
"KLF5","MA0599.1","WNK2",0.0385307440958414
"ZNF143","MA0088.2","ZNF407",0.0375459460910795
"TEAD4","MA0809.2","ZNF407",0.0373037082153871
"ZNF148","MA1653.1","WNK2",0.0372767697281974
"FOSL2::JUND","MA1145.1","PLCG2",0.0369588878393218
"FOSB::JUNB","MA1136.1","PLCG2",0.0364896728361288
"EBF3","MA1637.1","WNK2",0.0362729969607939
"FOXG1","MA0613.1","ZNF407",0.0362171721605283
"FOSL2::JUND","MA1145.1","HSP90AA1",0.0361378431799638
"MEIS1","MA0498.2","CD55",0.0359875052177387
"ZNF692","MA1986.1","WNK2",0.035922646265847
"ETV7","MA1708.1","WNK2",0.0357972031926758
"DPRX","MA1480.1","TCF25",0.0356376896473137
"ZNF24","MA1124.1","RPL13",0.0356049418742363
"SP1","MA0079.5","HSP90AA1",0.0353536278408881
"ZNF93","MA1721.1","WNK2",0.0351349390664031
"CDX2","MA0465.2","CD55",0.0351289810255664
"ZBTB12","MA1649.1","PLCG2",0.0350496824371507
"SRY","MA0084.1","CD55",0.0349960515456125
"POU4F1","MA0790.1","MOK",0.0347598943584385
"ZNF93","MA1721.1","MOK",0.0345529881167361
"HNF4A","MA0114.4","CD55",0.0343586010112095
"JUN","MA0488.1","PLCG2",0.0342205959087643
"RFX7","MA1554.1","LEPR",0.0339930484982281
"ZNF341","MA1655.1","RPL13",0.0339383522113536
"ASCL1","MA1631.1","MOK",0.0338880346535703
"CREB1","MA0018.4","PLCG2",0.0338585706381557
"ELF4","MA0641.1","LEPR",0.0337706402187026
"NKX2-2","MA1645.1","LEPR",0.0337490476660043
"ZIC4","MA0751.1","WNK2",0.0337172897257974
"KLF15","MA1513.1","WNK2",0.0336260055031105
"JUNB","MA1140.2","TCF25",0.0335931078688797
"ZNF140","MA1589.1","THRA",0.0333385993303966
"ETV5::FOXI1","MA1946.1","LEPR",0.0330338795478895
"KLF4","MA0039.4","HSP90AA1",0.0329425799276798
"ATF2","MA1632.1","HSP90AA1",0.0328907406381818
"ETV5::HOXA2","MA1948.1","THRA",0.0327003399443681
"ZBTB7A","MA0750.2","LEPR",0.0326866782819261
"EBF1","MA0154.4","THRA",0.0326385140213235
"POU3F4","MA0789.1","LEPR",0.0325443984860667
"SP4","MA0685.2","HSP90AA1",0.0323690341686251
"HOXB2::ELK1","MA1957.1","LEPR",0.0323416462446981
"E2F6","MA0471.2","PLCG2",0.0322371234699317
"ELK1::SREBF2","MA1933.1","THRA",0.0320958229771263
"ZNF320","MA1976.1","LEPR",0.0320426126612456
"EGR2","MA0472.2","THRA",0.0316888945406556
"SP2","MA0516.3","TCF25",0.0314680433951824
"OLIG3","MA0827.1","ZNF407",0.0314234169713297
"HEY1","MA0823.1","RPL13",0.0313746657027152
"KLF9","MA1107.2","THRA",0.0311031284323405
"TCFL5","MA0632.2","MOK",0.0310650153589212
"ELF2","MA1483.2","HSP90AA1",0.0309529933445675
"SOX14","MA1562.1","CD55",0.0308270109863755
"TFAP2B","MA0811.1","WNK2",0.0308042722438182
"GRHL2","MA1105.2","CD55",0.0307515201090251
"PLAG1","MA0163.1","THRA",0.0306632333960106
"ZNF282","MA1154.1","WNK2",0.0306354403568889
"EGR1","MA0162.4","THRA",0.0305512986975438
"FOSB::JUN","MA1127.1","PLCG2",0.0305424421975617
"ZIC5","MA1584.1","WNK2",0.0304704305190285
"ELK4","MA0076.2","THRA",0.0304653767513454
"TEAD2","MA1121.1","PLCG2",0.0299458263254305
"SREBF1","MA0595.1","PLCG2",0.0297044243181316
"NOTO","MA0710.1","LEPR",0.0296506598200315
"GRHL2","MA1105.2","ZNF407",0.0293130089469614
"ASCL1","MA1631.1","TCF25",0.0292000877103843
"ATF7","MA0834.1","HSP90AA1",0.0290726682814074
"ATF7","MA0834.1","PLCG2",0.0290607478242729
"TEAD1","MA0090.3","ZNF407",0.0290482472940391
"POU5F1B","MA0792.1","LEPR",0.0290013415075475
"ASCL1","MA1631.1","WNK2",0.0289968195345934
"ZFP57","MA1583.1","MOK",0.028694580685771
"TFAP2A","MA0810.1","PLCG2",0.0279223899438939
"NKX6-3","MA1530.1","LEPR",0.0278815415849222
"FOXD1","MA0031.1","ZNF407",0.0276626592959435
"POU3F1","MA0786.1","LEPR",0.0276188820610864
"FOXK1","MA0852.2","ZNF407",0.0274193799398085
"POU2F3","MA0627.2","ZNF407",0.027305159550851
"HES2","MA0616.2","ZNF407",0.0272879257690603
"NR3C2","MA0727.1","LEPR",0.0270450088591179
"NHLH2","MA1529.1","THRA",0.02694557184645
"ETS2","MA1484.1","THRA",0.026844270430928
"TFAP2E","MA1569.1","CD55",0.0268429719541973
"ZNF460","MA1596.1","RPL13",0.0266682441879331
"FOSB::JUN","MA1127.1","HSP90AA1",0.0265338570003588
"JUND","MA0492.1","HSP90AA1",0.0264035165359086
"CTCF","MA1929.1","WNK2",0.0262805406022971
"GATA1","MA0035.4","RPL13",0.0261488362446192
"OLIG2","MA0678.1","ZNF407",0.0259736882463877
"TWIST1","MA1123.2","MOK",0.025897760308057
"EGR4","MA0733.1","THRA",0.0258913137879627
"CTCF","MA1930.1","MOK",0.0257025853078199
"TFAP4","MA0691.1","WNK2",0.0255454065434783
"ETV3","MA0763.1","HSP90AA1",0.0252870320739579
"IRF9","MA0653.1","HSP90AA1",0.025128553310477
"KLF11","MA1512.1","THRA",0.0245416911956605
"JUNB","MA1140.2","PLCG2",0.0244900985074885
"FOXK2","MA1103.2","ZNF407",0.0243485557175739
"TCF4","MA0830.2","MOK",0.0242975368278406
"ZIC5","MA1584.1","LEPR",0.0242721527499421
"NOTO","MA0710.1","RPL13",0.0241299620755561
"ELK4","MA0076.2","LEPR",0.024090581655822
"ZNF331","MA1726.1","MOK",0.0240610688844505
"TGIF2LY","MA1572.1","WNK2",0.0240334495682357
"ELF4","MA0641.1","HSP90AA1",0.0239328242803213
"ZNF416","MA1979.1","RPL13",0.0237123992846615
"KLF13","MA0657.1","THRA",0.023584998071832
"TFAP2A","MA0810.1","WNK2",0.0234735250841954
"FOS::JUN","MA1126.1","MOK",0.0234504795857815
"CREB3L4","MA1475.1","PLCG2",0.0233451847504502
"ZNF263","MA0528.2","MOK",0.023055298470113
"FOXO4","MA0848.1","ZNF407",0.0230334237706915
"FOXP3","MA0850.1","ZNF407",0.0230334237706915
"FOXL1","MA0033.2","ZNF407",0.0230334237706915
"FOXI1","MA0042.2","ZNF407",0.0230334237706915
"NR2C2","MA0504.1","PLCG2",0.0228168113766439
"TFAP2B","MA0813.1","PLCG2",0.0226386183496656
"ZSCAN4","MA1155.1","LEPR",0.022612397719098
"HLF","MA0043.3","CD55",0.022563575363136
"TCF12","MA1648.1","MOK",0.0225019586565988
"ZNF740","MA0753.2","THRA",0.0224465351369779
"ZNF257","MA1710.1","TCF25",0.022376459553151
"ZBTB26","MA1579.1","MOK",0.022343897505181
"SMAD2","MA1964.1","CD55",0.0223255367067337
"HOXD9","MA0913.2","CD55",0.0221950810293145
"TCF3","MA0522.3","MOK",0.0221156183277151
"FOSL1::JUN","MA1129.1","PLCG2",0.022097356303516
"FOS","MA1951.1","TCF25",0.022078394339386
"ETV1","MA0761.2","TCF25",0.0220289112526025
"PRDM9","MA1723.1","PLCG2",0.0219679071456236
"JUND","MA0492.1","PLCG2",0.0219499389870751
"PLAG1","MA0163.1","WNK2",0.0218342083066963
"NFATC4","MA1525.2","LEPR",0.021816220127869
"TGIF2LX","MA1571.1","WNK2",0.0217443616308233
"FOSL2::JUN","MA1131.1","MOK",0.0216474724839488
"ZNF708","MA1730.1","PLCG2",0.021497766018382
"CREM","MA0609.2","TCF25",0.0213883814598672
"CREB3L4","MA1475.1","TCF25",0.0213610330268926
"POU5F1B","MA0792.1","ZNF407",0.0213475147139261
"NEUROD1","MA1109.1","ZNF407",0.0210459265542925
"MXI1","MA1108.2","MOK",0.0210104327012409
"JUNB","MA1140.2","MOK",0.0210036865956456
"ZNF549","MA1728.1","LEPR",0.0205673635623262
"RARA::RXRG","MA1149.1","PLCG2",0.0205075460735942
"JUN::JUNB","MA1133.1","PLCG2",0.0204153541425733
"E2F2","MA0864.2","THRA",0.0201682401750451
"ZNF418","MA1980.1","LEPR",0.0201315355890116
"EGR4","MA0733.1","MOK",0.0201169690295957
"ZBTB12","MA1649.1","LEPR",0.0201148840573214
"POU5F1","MA1115.1","LEPR",0.0197030921357403
"NEUROG2","MA1642.1","ZNF407",0.0196372910170423
"KLF7","MA1959.1","TCF25",0.0196039339823545
"NR6A1","MA1541.1","MOK",0.019521910149059
"ZNF768","MA1731.1","WNK2",0.0193333103962578
"ZNF331","MA1726.1","THRA",0.0193128085348821
"PLAG1","MA0163.1","PLCG2",0.0193002805079823
"PATZ1","MA1961.1","HSP90AA1",0.0192945482832
"HNF4G","MA0484.2","CD55",0.019268410536801
"TFAP2C","MA0814.2","TCF25",0.0190603181309616
"RREB1","MA0073.1","MOK",0.0190089904948689
"NKX2-5","MA0063.2","ZNF407",0.0189975682022464
"ZBTB14","MA1650.1","PLCG2",0.0189600374045954
"KLF4","MA0039.4","MOK",0.0189580763935076
"FOSL2::JUN","MA1131.1","PLCG2",0.0187189950308686
"CREM","MA0609.2","PLCG2",0.0187174104799417
"PRDM9","MA1723.1","WNK2",0.0186267675462945
"BHLHE23","MA0817.1","ZNF407",0.0185062090104901
"NR2C2","MA0504.1","MOK",0.0184982271301385
"GCM2","MA0767.1","WNK2",0.0184191333044899
"JUN","MA0488.1","TCF25",0.0183638559251969
"ZNF667","MA1984.1","CD55",0.0183400612730837
"TFAP2C","MA0524.2","WNK2",0.0181437175894964
"ZEB1","MA0103.3","HSP90AA1",0.0181375344821236
"FOS","MA1951.1","PLCG2",0.018121058248963
"ATF3","MA0605.2","PLCG2",0.0180733513684104
"PRDM9","MA1723.1","THRA",0.0180399977209336
"INSM1","MA0155.1","MOK",0.0178508012198665
"MYCN","MA0104.4","TCF25",0.017826498138892
"SREBF1","MA0595.1","THRA",0.0172721936876988
"ZBTB33","MA0527.1","MOK",0.0172597776810329
"EGR4","MA0733.1","HSP90AA1",0.0172255523175646
"ZNF281","MA1630.2","MOK",0.0171799590328667
"STAT3","MA0144.2","MOK",0.017133840108542
"KLF2","MA1515.1","MOK",0.0171267602914827
"HEY1","MA0823.1","ZNF407",0.0171186609341148
"FOXC1","MA0032.2","LEPR",0.0168869844313982
"ZNF257","MA1710.1","WNK2",0.0168232623862573
"SP5","MA1965.1","WNK2",0.0165661468703877
"KLF14","MA0740.2","TCF25",0.0164684865391339
"JUND","MA0492.1","TCF25",0.0164488287173203
"POU3F2","MA0787.1","LEPR",0.0164482059745547
"OSR2","MA1646.1","CD55",0.0163547549388731
"CTCFL","MA1102.2","WNK2",0.0163008168012955
"HAND2","MA1638.1","HSP90AA1",0.0162411440568684
"CREB3L4","MA1475.1","RPL13",0.0161183461869394
"TBX3","MA1566.2","ZNF407",0.0158110207972242
"FOXP1","MA0481.3","ZNF407",0.0157224627281066
"TBR1","MA0802.1","ZNF407",0.0156850016636789
"JUND","MA0492.1","MOK",0.0156689340599662
"ZNF460","MA1596.1","MOK",0.0156373752235169
"HES5","MA0821.2","ZNF407",0.0155877833925837
"ATF2","MA1632.1","TCF25",0.0154031198119245
"POU2F1","MA0785.1","LEPR",0.0153540129244712
"HES2","MA0616.2","PLCG2",0.0152099258828263
"OVOL1","MA1544.1","WNK2",0.015191361524862
"RFX3","MA0798.3","RPL13",0.0151429953398606
"TCF7L2","MA0523.1","MOK",0.01514185990568
"ERF::FOXO1","MA1936.1","LEPR",0.0148357043918886
"KLF4","MA0039.4","WNK2",0.0148220146755877
"KLF16","MA0741.1","MOK",0.0146098262856366
"FOXD3","MA0041.2","ZNF407",0.0145753818092246
"KLF10","MA1511.2","WNK2",0.0145557604692579
"SP2","MA0516.3","LEPR",0.0144374597608765
"EBF3","MA1637.1","PLCG2",0.014332246910016
"ZKSCAN3","MA1973.1","TCF25",0.0143077116946366
"EGR3","MA0732.1","HSP90AA1",0.0142147600840143
"ZNF701","MA1987.1","THRA",0.0141383244718296
"TBX2","MA0688.1","ZNF407",0.0140733862214594
"TEAD1","MA0090.3","PLCG2",0.0140430636618393
"FOXC1","MA0032.2","CD55",0.0140168220183497
"POU4F1","MA0790.1","ZNF407",0.013978023276259
"FOXJ2::ELF1","MA1952.1","LEPR",0.0138595099049054
"RFX5","MA0510.2","RPL13",0.0137971035399055
"HOXA10","MA0899.1","CD55",0.0137462872724008
"ZNF574","MA1982.1","MOK",0.0136459032888847
"KLF17","MA1514.1","THRA",0.0135222386752894
"FOXO1::ELK1","MA1954.1","ZNF407",0.0133667125314078
"RORC","MA1151.1","HSP90AA1",0.0133034417869183
"ZNF189","MA1725.1","LEPR",0.0132887076991732
"ETV2::FOXI1","MA1942.1","LEPR",0.0131115083074085
"CTCFL","MA1102.2","THRA",0.0129968495340812
"BCL6B","MA0731.1","ZNF407",0.0128683671613638
"RREB1","MA0073.1","THRA",0.012859278583708
"ZNF75D","MA1601.2","MOK",0.0127130308603524
"ZKSCAN1","MA1585.1","CD55",0.0126291808902766
"ZBTB7A","MA0750.2","THRA",0.012601655358886
"TEAD3","MA0808.1","PLCG2",0.0125875698110872
"KLF4","MA0039.4","TCF25",0.0125687059556401
"TCF4","MA0830.2","WNK2",0.0125474847519422
"TFAP2C","MA0524.2","THRA",0.0125420713243592
"IRF7","MA0772.1","ZNF407",0.0125330406759055
"ZNF610","MA1713.1","PLCG2",0.0125212525691786
"ZNF135","MA1587.1","LEPR",0.0125126598857099
"KLF1","MA0493.2","TCF25",0.0125010932236949
"ZNF460","MA1596.1","THRA",0.0125005193753412
"NFIC","MA1527.1","HSP90AA1",0.0124096986893766
"RARA::RXRG","MA1149.1","WNK2",0.0123917619228641
"BCL6","MA0463.2","MOK",0.0123581466874675
"ZNF93","MA1721.1","CD55",0.0123113047458202
"FOS::JUN","MA1126.1","TCF25",0.0122872555986659
"THRA","MA1969.1","LEPR",0.0122193361112273
"ZSCAN4","MA1155.1","THRA",0.0121393129146228
"CREB1","MA0018.4","TCF25",0.0120229518045014
"RFX7","MA1554.1","MOK",0.0120221403154
"POU3F1","MA0786.1","ZNF407",0.0119921517362955
"TFAP2B","MA0813.1","CD55",0.0118806187170251
"KLF16","MA0741.1","WNK2",0.0118762530717348
"JUN::JUNB","MA1133.1","TCF25",0.0118447614340902
"GABPA","MA0062.3","ZNF407",0.0117778726750359
"GABPA","MA0062.3","PLCG2",0.0117751737956641
"POU2F1","MA0785.1","ZNF407",0.0117530806057784
"POU2F2","MA0507.2","LEPR",0.0117410128638763
"JUN::JUNB","MA1133.1","MOK",0.0117114292723037
"EGR3","MA0732.1","MOK",0.0116628716872805
"NFKB2","MA0778.1","CD55",0.0116526797584713
"ETV6","MA0645.1","HSP90AA1",0.0116336410827716
"RFX3","MA0798.3","TCF25",0.0115295267061765
"FOXA1","MA0148.4","ZNF407",0.0114588734603448
"IRF3","MA1418.1","WNK2",0.0114109784953824
"OVOL2","MA1545.1","WNK2",0.0113398769735995
"KLF7","MA1959.1","WNK2",0.0112255805927874
"FOSL2::JUNB","MA1139.1","PLCG2",0.0111972088450661
"TFAP2B","MA0812.1","TCF25",0.0111364639878718
"HAND2","MA1638.1","MOK",0.0111278552001511
"FOXD2","MA0847.3","LEPR",0.0111255045992663
"ZNF136","MA1588.1","LEPR",0.0111147374121914
"CTCF","MA0139.1","CD55",0.0110867201223203
"HNF4G","MA0484.2","LEPR",0.0106809082875773
"SP9","MA1564.1","TCF25",0.0106698058886014
"SP4","MA0685.2","TCF25",0.0106463018049015
"ZNF354C","MA0130.1","ZNF407",0.0106228487051193
"KLF10","MA1511.2","TCF25",0.0105017427965034
"FOSL1::JUND","MA1143.1","TCF25",0.0104434636090659
"SP8","MA0747.1","CD55",0.0104264342957696
"SP9","MA1564.1","THRA",0.0103530639936771
"PAX2","MA0067.2","CD55",0.0103306193350944
"ZIC4","MA0751.1","MOK",0.0103211719112134
"MAZ","MA1522.1","LEPR",0.0101941574619214
"FOXA2","MA0047.3","ZNF407",0.00999734199764045
"ZIC5","MA1584.1","PLCG2",0.00998174065959619
"E2F6","MA0471.2","LEPR",0.00995415848270916
"ATF2","MA1632.1","PLCG2",0.0098580523988878
"PAX4","MA0068.2","TCF25",0.00980776889840351
"ZNF816","MA1719.1","WNK2",0.00976319616442323
"FOSL2::JUND","MA1145.1","TCF25",0.00966559300403338
"ZNF320","MA1976.1","THRA",0.00959241917186707
"FOSL1::JUN","MA1129.1","MOK",0.0094550058373233
"PLAGL2","MA1548.1","CD55",0.0092650563245333
"NKX6-2","MA0675.1","LEPR",0.00925809786215149
"KLF11","MA1512.1","MOK",0.00919924937131393
"TCFL5","MA0632.2","CD55",0.00917076255291678
"CTCF","MA0139.1","RPL13",0.0091451421069853
"NFKB2","MA0778.1","PLCG2",0.00909474907007542
"KLF12","MA0742.2","WNK2",0.00902241460026385
"KLF2","MA1515.1","WNK2",0.0089812961977437
"TFAP2C","MA0815.1","PLCG2",0.00893933734268656
"ZNF135","MA1587.1","PLCG2",0.00890930117938222
"KLF12","MA0742.2","TCF25",0.00889072711179218
"TFAP2A","MA0003.4","MOK",0.00882944059495451
"IRF4","MA1419.1","WNK2",0.00867733491030151
"CTCF","MA1929.1","LEPR",0.00863901992803272
"EWSR1-FLI1","MA0149.1","LEPR",0.00848396578517666
"RBPJ","MA1116.1","LEPR",0.00804320510207509
"FOXO6","MA0849.1","ZNF407",0.00792011630566917
"SP8","MA0747.1","THRA",0.00780717995643703
"BACH2","MA1470.1","MOK",0.00779859561461439
"SP3","MA0746.2","THRA",0.00777475528891665
"REST","MA0138.2","WNK2",0.00774214225320561
"ZNF610","MA1713.1","WNK2",0.00755844430676364
"KLF15","MA1513.1","LEPR",0.00755557328697113
"RUNX2","MA0511.2","MOK",0.0075466845314748
"ETV5::FOXI1","MA1946.1","MOK",0.00751872977883668
"FOXD1","MA0031.1","MOK",0.00748761760234686
"ZIC4","MA0751.1","LEPR",0.00743483617648281
"ZNF16","MA1654.1","TCF25",0.00720121976047185
"SNAI2","MA0745.2","HSP90AA1",0.00711609791264976
"HNF4A","MA0114.4","LEPR",0.00709634507034544
"KLF16","MA0741.1","THRA",0.00706393401498191
"TFAP2B","MA0812.1","MOK",0.00698214741483777
"KLF6","MA1517.1","THRA",0.00697310615497847
"ZBTB6","MA1581.1","THRA",0.00695105236105978
"IRF9","MA0653.1","WNK2",0.00692050438531142
"KLF10","MA1511.2","THRA",0.00674730291527766
"KLF5","MA0599.1","TCF25",0.00674191374011282
"GABPA","MA0062.3","WNK2",0.00672392556305224
"SNAI1","MA1558.1","HSP90AA1",0.00652582061894161
"ZNF669","MA1985.1","LEPR",0.00637794388718072
"FOSB::JUNB","MA1136.1","RPL13",0.00630742801102015
"HES1","MA1099.2","PLCG2",0.0062633255643893
"HES1","MA1099.2","TCF25",0.00622301456816123
"EGR1","MA0162.4","MOK",0.0061176447642452
"MEIS3","MA0775.1","THRA",0.0060743199277016
"SNAI1","MA1558.1","MOK",0.00599885888512887
"ZNF281","MA1630.2","HSP90AA1",0.00579966602173422
"ZIC1","MA0696.1","LEPR",0.00577517672468261
"TEAD3","MA0808.1","ZNF407",0.00574212284832865
"SRF","MA0083.3","HSP90AA1",0.00574067286879377
"ETV2::FOXI1","MA1942.1","ZNF407",0.00568514157986208
"POU3F2","MA0787.1","ZNF407",0.00559793723387294
"FOXA3","MA1683.1","ZNF407",0.00555973685934379
"TBX21","MA0690.2","ZNF407",0.00545480317220446
"ZNF320","MA1976.1","WNK2",0.00543793725604323
"TFAP2B","MA0811.1","THRA",0.00538796547273149
"SP5","MA1965.1","MOK",0.00537119382754815
"ZNF324","MA1977.1","THRA",0.00535381232627749
"FOSL1::JUN","MA1129.1","TCF25",0.00532429560048105
"NR1H2::RXRA","MA0115.1","THRA",0.00532395470667832
"ZNF281","MA1630.2","WNK2",0.00532263687428169
"TFAP2C","MA0814.2","HSP90AA1",0.00523688044780898
"EGR2","MA0472.2","PLCG2",0.00516750990198537
"ZBED2","MA1971.1","THRA",0.00516039382224052
"THAP1","MA0597.2","MOK",0.00514544058916361
"JDP2","MA0656.1","PLCG2",0.00512651573077763
"ZNF574","MA1982.1","LEPR",0.00504891728186575
"NFIX","MA1528.1","HSP90AA1",0.00502578212005149
"NR3C1","MA0113.3","LEPR",0.00499619089452233
"PROX1","MA0794.1","WNK2",0.00498736901177976
"TCF7L2","MA0523.1","ZNF407",0.0049611636016068
"FOSB::JUN","MA1127.1","MOK",0.00491328009067028
"TCF4","MA0830.2","HSP90AA1",0.00490046215329025
"EBF3","MA1637.1","RPL13",0.00486638970852413
"CTCF","MA1929.1","TCF25",0.00470405096615747
"IRF7","MA0772.1","WNK2",0.0045899443632263
"ZNF93","MA1721.1","LEPR",0.00455266673036911
"ZNF549","MA1728.1","WNK2",0.00450436469138846
"HSF4","MA0771.1","MOK",0.00447511180441615
"CTCF","MA1929.1","RPL13",0.00447108329855166
"FOXE1","MA1487.2","ZNF407",0.00431251870387106
"NR4A1","MA1112.2","CD55",0.00422643178054186
"SP2","MA0516.3","WNK2",0.00406536527624693
"EGR1","MA0162.4","LEPR",0.00403621991133708
"FOXJ2::ELF1","MA1952.1","ZNF407",0.00391691124982069
"ERF::FOXI1","MA1935.1","LEPR",0.00372611993684616
"ZNF669","MA1985.1","PLCG2",0.00366534615921382
"THAP1","MA0597.2","LEPR",0.003589923954911
"TCF12","MA1648.1","TCF25",0.00358300811587023
"KLF7","MA1959.1","THRA",0.00349145899129422
"POU3F4","MA0789.1","ZNF407",0.00347424378683844
"INSM1","MA0155.1","WNK2",0.00334877100768763
"THAP1","MA0597.2","ZNF407",0.00331706081877507
"POU4F3","MA0791.1","ZNF407",0.00330860609262948
"ETV5::FOXO1","MA1947.1","LEPR",0.00330091785984593
"TCF3","MA0522.3","TCF25",0.00323021160914771
"FOXO1::ELK3","MA1955.1","LEPR",0.00322447124717494
"NFATC3","MA0625.2","LEPR",0.00318428233702376
"RFX5","MA0510.2","HSP90AA1",0.00314220110969869
"NHLH2","MA1529.1","LEPR",0.00309679842258856
"KLF3","MA1516.1","CD55",0.00308106120695727
"SP1","MA0079.5","WNK2",0.00307587670416951
"ELF1","MA0473.3","WNK2",0.00301003477826947
"SP1","MA0079.5","TCF25",0.00300307942102992
"SP3","MA0746.2","WNK2",0.00299099298753525
"FOSL2::JUNB","MA1139.1","MOK",0.00294056787433741
"ZNF667","MA1984.1","LEPR",0.00293438053774223
"POU6F1","MA1549.1","LEPR",0.00288426387385811
"ZNF281","MA1630.2","THRA",0.00286331947862628
"EBF3","MA1637.1","LEPR",0.00282636375131273
"NR2C2","MA0504.1","WNK2",0.00274860662195799
"NKX2-5","MA0063.2","CD55",0.00250257046421651
"ZEB1","MA0103.3","MOK",0.00246685675015606
"RORB","MA1150.1","HSP90AA1",0.00243555453450302
"IRF7","MA0772.1","HSP90AA1",0.00237750070792081
"NR2F1","MA0017.2","WNK2",0.00233597364084089
"MITF","MA0620.3","PLCG2",0.00231235598856078
"OSR1","MA1542.1","LEPR",0.00230071641040346
"ZNF148","MA1653.1","HSP90AA1",0.00229767064549495
"ZBTB6","MA1581.1","WNK2",0.00227304103587388
"EGR4","MA0733.1","LEPR",0.00209653463898703
"IRF2","MA0051.1","WNK2",0.00182799479683232
"ZFP14","MA1972.1","CD55",0.00180255666570921
"ZNF460","MA1596.1","PLCG2",0.00168872027831123
"KLF1","MA0493.2","MOK",0.00165029560188393
"RFX2","MA0600.2","TCF25",0.0016484244545937
"NFIC","MA1527.1","MOK",0.00155267216360771
"NKX2-3","MA0672.1","THRA",0.0013467703168341
"NEUROD1","MA1109.1","PLCG2",0.00129483769243705
"SP4","MA0685.2","WNK2",0.0012517895246688
"ZFP42","MA1651.1","THRA",0.0011930269645572
"FOXO1::ELK1","MA1954.1","LEPR",0.00111388233312521
"SNAI2","MA0745.2","WNK2",0.00111186830144265
"KLF2","MA1515.1","TCF25",0.00109506002198039
"ETV1","MA0761.2","PLCG2",0.00106783319607742
"KLF5","MA0599.1","THRA",0.00104146275073787
"ATF7","MA0834.1","MOK",0.00101581256239256
"ZNF610","MA1713.1","LEPR",0.000910947244889979
"RFX5","MA0510.2","TCF25",0.000649509504100773
"TFAP2C","MA0815.1","CD55",0.000611600295415901
"ZNF682","MA1599.1","LEPR",0.000605414286452844
"TCF12","MA1648.1","HSP90AA1",0.000561249227869369
"SP8","MA0747.1","WNK2",0.000452387995984315
"E2F6","MA0471.2","TCF25",0.000375705768221193
"POU2F2","MA0507.2","ZNF407",0.00027057541028617
"PRDM9","MA1723.1","MOK",0.000204565127431816
"ZNF320","MA1976.1","MOK",0.000155560882449091
"FLI1::FOXI1","MA1950.1","LEPR",0.000132252307471972
"ZNF417","MA1727.1","MOK",8.13229167654652e-05
"TBX1","MA0805.1","ZNF407",-7.59595803601999e-05
"ZNF354C","MA0130.1","THRA",-0.000112516562662221
"PPARA::RXRA","MA1148.1","LEPR",-0.000121738612643878
"KLF1","MA0493.2","WNK2",-0.000355878404719638
"JUN","MA0488.1","MOK",-0.00038489766855473
"HSF2","MA0770.1","MOK",-0.000524152895470543
"KLF6","MA1517.1","TCF25",-0.000587642257340246
"ZKSCAN3","MA1973.1","LEPR",-0.000588039678517563
"ELF3","MA0640.2","WNK2",-0.00059356422039726
"CTCF","MA1929.1","PLCG2",-0.000611140471626097
"TCF7L1","MA1421.1","HSP90AA1",-0.000620130583684974
"MEF2B","MA0660.1","ZNF407",-0.000631187509892602
"HES1","MA1099.2","WNK2",-0.000657352507991634
"RFX1","MA0509.3","RPL13",-0.000699791556273718
"NR2F6","MA1539.1","LEPR",-0.000823359440189688
"EBF1","MA0154.4","PLCG2",-0.000839490213866532
"KLF6","MA1517.1","MOK",-0.00095869142780086
"TFAP2A","MA0872.1","CD55",-0.000970518619425492
"ZNF610","MA1713.1","MOK",-0.00100726441489165
"FOSB::JUN","MA1127.1","TCF25",-0.00104731741173411
"FOSL2::JUND","MA1145.1","MOK",-0.00105352195782453
"CTCF","MA0139.1","MOK",-0.00131036170258627
"NR1I2","MA1533.1","TCF25",-0.00133878602816151
"RORA","MA0071.1","MOK",-0.00135321025456383
"PAX1","MA0779.1","WNK2",-0.00152589319296693
"ZKSCAN3","MA1973.1","WNK2",-0.00154434171041284
"ZFP57","MA1583.1","HSP90AA1",-0.001549147402937
"FOXF2","MA0030.1","ZNF407",-0.00155012982120066
"GLIS1","MA0735.1","PLCG2",-0.00155384281668877
"FOSB::JUNB","MA1136.1","MOK",-0.00159551558156275
"ATOH7","MA1468.1","MOK",-0.00175590757920605
"ARNT2","MA1464.1","CD55",-0.00178116525629086
"ZNF708","MA1730.1","MOK",-0.00189266767117565
"ZKSCAN3","MA1973.1","RPL13",-0.00199300442669746
"ZBTB26","MA1579.1","HSP90AA1",-0.00202656031264893
"ASCL1","MA1631.1","HSP90AA1",-0.00205328789332079
"ETV1","MA0761.2","ZNF407",-0.00205531834223736
"E2F1","MA0024.3","THRA",-0.00214721579052478
"HEY1","MA0823.1","TCF25",-0.00215322002875841
"CUX1","MA0754.2","ZNF407",-0.00227264932394262
"RXRG","MA1556.1","PLCG2",-0.00228211702436989
"PATZ1","MA1961.1","WNK2",-0.002330337544602
"SP2","MA0516.3","THRA",-0.00234522645806525
"ELF1","MA0473.3","ZNF407",-0.00235436021312952
"IRF8","MA0652.1","WNK2",-0.00248240946113668
"INSM1","MA0155.1","PLCG2",-0.00249064635996459
"NR2F2","MA1111.1","WNK2",-0.0025113657612466
"JDP2","MA0656.1","TCF25",-0.00260906995999337
"SP9","MA1564.1","WNK2",-0.00263699138004496
"ZNF75D","MA1601.2","HSP90AA1",-0.00268046515351408
"ETV5::FIGLA","MA1945.1","CD55",-0.00270217540623834
"BHLHA15","MA0607.2","ZNF407",-0.00270402367404134
"KLF17","MA1514.1","CD55",-0.00273454680815715
"ZNF148","MA1653.1","LEPR",-0.00276158193760713
"TFAP2A","MA0872.1","PLCG2",-0.00280257305156515
"ZNF530","MA1981.1","CD55",-0.00286993263437794
"TFAP4::FLI1","MA1967.1","ZNF407",-0.0029175614107306
"ZIC4","MA0751.1","PLCG2",-0.00292183214091124
"GLI3","MA1491.2","CD55",-0.00294610679992851
"ZNF449","MA1656.1","RPL13",-0.00294747159092368
"GCM1","MA0646.1","CD55",-0.00304472224472316
"PLAGL2","MA1548.1","PLCG2",-0.00316086272984344
"SPIB","MA0081.2","CD55",-0.00327719484542228
"ZNF701","MA1987.1","WNK2",-0.00337132680174488
"SRF","MA0083.3","MOK",-0.00348777253093655
"FOSL1::JUND","MA1143.1","PLCG2",-0.00356845330364266
"FOXO1::ELF1","MA1953.1","MOK",-0.00356944969525611
"NR1D2","MA1532.2","LEPR",-0.00358568523209493
"ZIC1","MA0696.1","MOK",-0.00358963153779431
"SP4","MA0685.2","MOK",-0.00360045919129547
"ELF4","MA0641.1","MOK",-0.00372099063806963
"HSF1","MA0486.2","MOK",-0.0037449254510722
"ATF7","MA0834.1","TCF25",-0.00380898126137088
"RFX2","MA0600.2","RPL13",-0.00394253327362021
"EGR2","MA0472.2","WNK2",-0.00408966666286399
"NR1I2","MA1533.1","RPL13",-0.00411237584911898
"SP3","MA0746.2","TCF25",-0.00430285008558219
"ZSCAN29","MA1602.1","MOK",-0.00436091574143546
"ZNF530","MA1981.1","RPL13",-0.00436893909926282
"ZNF24","MA1124.1","TCF25",-0.00441730650033132
"MYB","MA0100.3","HSP90AA1",-0.00443417132867894
"TFDP1","MA1122.1","LEPR",-0.0044578689412709
"ZSCAN29","MA1602.1","ZNF407",-0.00446512882743824
"CLOCK","MA0819.2","ZNF407",-0.00454594126347743
"KLF9","MA1107.2","WNK2",-0.00466173043111108
"TFAP2C","MA0814.2","MOK",-0.00472173484435698
"SNAI3","MA1559.1","CD55",-0.00474608492549566
"NEUROG2","MA1642.1","PLCG2",-0.00479476728052543
"EGR3","MA0732.1","THRA",-0.00481797244775448
"FIGLA","MA0820.1","LEPR",-0.00486491099993169
"NKX2-8","MA0673.1","THRA",-0.0050418304355861
"TFAP2A","MA0003.4","HSP90AA1",-0.00508278482315062
"ZNF76","MA1716.1","ZNF407",-0.005299195518853
"ZNF449","MA1656.1","TCF25",-0.00536623343458369
"CTCF","MA1929.1","HSP90AA1",-0.00538504275701677
"KLF7","MA1959.1","MOK",-0.00538708362725706
"SP1","MA0079.5","MOK",-0.00548300770407814
"FOSL2::JUN","MA1131.1","TCF25",-0.00550054084491596
"BCL6","MA0463.2","HSP90AA1",-0.00552357553036801
"FOXC2","MA0846.1","ZNF407",-0.0055431013748286
"MAZ","MA1522.1","CD55",-0.00556906566249896
"MEF2C","MA0497.1","HSP90AA1",-0.00557768072860258
"KLF12","MA0742.2","THRA",-0.00561399689446974
"ZNF16","MA1654.1","LEPR",-0.00561418836988405
"SP5","MA1965.1","LEPR",-0.00569568404943889
"FOSL1::JUN","MA1129.1","RPL13",-0.00573049512012261
"ZNF341","MA1655.1","MOK",-0.0057852681461015
"EHF","MA0598.3","WNK2",-0.00593045676725079
"GSX1","MA0892.1","LEPR",-0.00596268203074523
"FOSB::JUNB","MA1136.1","TCF25",-0.00601988565536556
"TCF7","MA0769.2","MOK",-0.00620268471331737
"FLI1::FOXI1","MA1950.1","ZNF407",-0.00626276838955003
"TFAP2B","MA0812.1","HSP90AA1",-0.00627080561443033
"ZNF16","MA1654.1","RPL13",-0.00643494013743989
"RXRA::VDR","MA0074.1","TCF25",-0.00647072836948551
"RUNX2","MA0511.2","HSP90AA1",-0.00650337936308729
"ZEB1","MA0103.3","CD55",-0.006511499640648
"ZNF460","MA1596.1","LEPR",-0.00656087802157895
"HEY2","MA0649.1","ZNF407",-0.00656536781259208
"KLF12","MA0742.2","MOK",-0.00659236215684108
"ERF::FIGLA","MA1934.1","LEPR",-0.00665546387453636
"MEF2A","MA0052.4","HSP90AA1",-0.00670316658792483
"ZNF682","MA1599.1","WNK2",-0.00677071428911637
"TFAP2A","MA0003.4","TCF25",-0.00683855800322252
"SP8","MA0747.1","TCF25",-0.00688735828767224
"CTCFL","MA1102.2","RPL13",-0.00697227630527584
"KLF14","MA0740.2","THRA",-0.00709490402201361
"FOXD2","MA0847.3","ZNF407",-0.007214212142753
"ERF","MA0760.1","ZNF407",-0.00733785621741681
"ZNF354C","MA0130.1","CD55",-0.00734775961000764
"ASCL1","MA1631.1","RPL13",-0.0075159785245206
"ZNF707","MA1715.1","HSP90AA1",-0.00757075376844338
"FOXO1::FLI1","MA1956.1","MOK",-0.00758580064907809
"IRF7","MA0772.1","MOK",-0.00761959791934748
"FOXO1::ELF1","MA1953.1","HSP90AA1",-0.00763306510615115
"ETV2::FIGLA","MA1941.1","WNK2",-0.00765968867523305
"FOSL1::JUND","MA1143.1","RPL13",-0.00769220319784558
"FOXP2","MA0593.1","ZNF407",-0.00769225569480904
"KLF11","MA1512.1","TCF25",-0.00782994873976188
"NOTO","MA0710.1","TCF25",-0.00793689432883851
"ETV5::FOXI1","MA1946.1","HSP90AA1",-0.00797049303243653
"FOSL2::JUNB","MA1139.1","TCF25",-0.00798769711761191
"KLF9","MA1107.2","TCF25",-0.00807687645772701
"ZSCAN4","MA1155.1","CD55",-0.00810697260042239
"POU3F3","MA0788.1","ZNF407",-0.00815468106916512
"RFX5","MA0510.2","MOK",-0.00816212034740557
"IKZF1","MA1508.1","LEPR",-0.00828828639305599
"KLF1","MA0493.2","THRA",-0.00833930617230068
"RFX1","MA0509.3","TCF25",-0.00835518821909936
"ETV1","MA0761.2","WNK2",-0.00850032269745467
"EGR1","MA0162.4","HSP90AA1",-0.00852084261690729
"ZNF189","MA1725.1","RPL13",-0.00855056545078308
"SP9","MA1564.1","MOK",-0.00860732224451631
"EWSR1-FLI1","MA0149.1","CD55",-0.00891683869273799
"PRDM9","MA1723.1","RPL13",-0.00896499481399069
"SNAI2","MA0745.2","MOK",-0.00900265224683792
"TCF12","MA1648.1","THRA",-0.00903420034002203
"ZNF418","MA1980.1","CD55",-0.00904036423180634
"PATZ1","MA1961.1","LEPR",-0.00925267894592388
"TCF12","MA1648.1","CD55",-0.00930865958796064
"ASCL1","MA1631.1","THRA",-0.00931569711051128
"HES2","MA0616.2","TCF25",-0.00961548066804016
"KLF15","MA1513.1","THRA",-0.0097357174913801
"EGR3","MA0732.1","LEPR",-0.00975473488543429
"GLIS3","MA0737.1","PLCG2",-0.00984031272933809
"FOXE1","MA1487.2","CD55",-0.00986689357869566
"FOXO1::FLI1","MA1956.1","THRA",-0.00993879950470271
"ZNF574","MA1982.1","HSP90AA1",-0.0100001490881508
"HAND2","MA1638.1","PLCG2",-0.0100254739947783
"PRDM9","MA1723.1","CD55",-0.0100690770608595
"FLI1::FOXI1","MA1950.1","THRA",-0.0101268215035542
"ZNF16","MA1654.1","CD55",-0.0102290737310474
"NFKB1","MA0105.4","PLCG2",-0.0102770160464049
"MAZ","MA1522.1","WNK2",-0.0103561271796762
"POU3F3","MA0788.1","LEPR",-0.0103960411806738
"FOXO1::FLI1","MA1956.1","HSP90AA1",-0.010571715922841
"TFAP4::FLI1","MA1967.1","LEPR",-0.0105931750365059
"EHF","MA0598.3","ZNF407",-0.010670220956737
"ZNF354C","MA0130.1","TCF25",-0.0106758803429777
"HNF1B","MA0153.2","ZNF407",-0.0107452196354124
"IKZF1","MA1508.1","WNK2",-0.0107452574112951
"ZNF16","MA1654.1","THRA",-0.0107705857812359
"MEF2C","MA0497.1","MOK",-0.0108358011949036
"KLF13","MA0657.1","LEPR",-0.0108671170431315
"HNF1A","MA0046.2","ZNF407",-0.010885342066014
"PATZ1","MA1961.1","THRA",-0.0109021840667792
"SP4","MA0685.2","LEPR",-0.0109739827254237
"MSANTD3","MA1523.1","ZNF407",-0.0111178419988453
"ONECUT1","MA0679.2","ZNF407",-0.0112585325096883
"MAFA","MA1521.1","LEPR",-0.0112834178022179
"POU6F2","MA0793.1","LEPR",-0.0113754437990433
"CTCFL","MA1102.2","MOK",-0.0114268760739624
"ERF::NHLH1","MA1938.1","MOK",-0.0115837307300873
"TCF7","MA0769.2","ZNF407",-0.011642715910374
"RXRA::VDR","MA0074.1","RPL13",-0.0117357399163546
"TCF4","MA0830.2","CD55",-0.0117381431522899
"PBX3","MA1114.1","WNK2",-0.0117744724754855
"ZNF257","MA1710.1","THRA",-0.0118853120796452
"DPRX","MA1480.1","RPL13",-0.0119647120811762
"ESRRA","MA0592.3","WNK2",-0.0120103670621965
"ZNF707","MA1715.1","WNK2",-0.0121867403653483
"CTCF","MA1930.1","HSP90AA1",-0.012249327442607
"CTCF","MA0139.1","WNK2",-0.0123319896390675
"HOXB13","MA0901.2","CD55",-0.0125161640244758
"RARA::RXRA","MA0159.1","WNK2",-0.0127014163520537
"TFAP4::ETV1","MA1966.1","WNK2",-0.0127055806741735
"ELF3","MA0640.2","ZNF407",-0.0127500050242635
"ZNF281","MA1630.2","LEPR",-0.0128506440073536
"MSC","MA0665.1","TCF25",-0.0129018981936732
"MAZ","MA1522.1","TCF25",-0.0129181515668754
"ZNF148","MA1653.1","CD55",-0.0130169843501329
"KLF5","MA0599.1","MOK",-0.0130217807068449
"KLF6","MA1517.1","WNK2",-0.0130502838637798
"FOXA3","MA1683.1","CD55",-0.0132054496994907
"TFAP2B","MA0812.1","LEPR",-0.0132056037983146
"KLF14","MA0740.2","WNK2",-0.013250262598345
"PAX4","MA0068.2","RPL13",-0.0132673689976175
"ATF2","MA1632.1","MOK",-0.0134903526744807
"SP2","MA0516.3","MOK",-0.0135449221998784
"TWIST1","MA1123.2","HSP90AA1",-0.0135708582044537
"PRDM9","MA1723.1","TCF25",-0.0136369282119376
"KLF10","MA1511.2","MOK",-0.0136879355312811
"ETV5::FOXO1","MA1947.1","THRA",-0.0137123485397835
"ELF2","MA1483.2","MOK",-0.0137647764463839
"MEF2C","MA0497.1","ZNF407",-0.0138986673012642
"ZNF281","MA1630.2","TCF25",-0.0139704551569971
"TFAP2B","MA0812.1","RPL13",-0.0141715539835645
"FOXO1::ELF1","MA1953.1","THRA",-0.0142323183576025
"NFKB1","MA0105.4","MOK",-0.0142875380217507
"ZNF701","MA1987.1","LEPR",-0.0144499972380687
"ZNF148","MA1653.1","TCF25",-0.0144676174983483
"EGR2","MA0472.2","LEPR",-0.0144731439891329
"TCF3","MA0522.3","HSP90AA1",-0.0146417651684453
"STAT3","MA0144.2","HSP90AA1",-0.0146667743005281
"CREB1","MA0018.4","MOK",-0.0146704744937016
"ELK1::HOXB13","MA1932.1","ZNF407",-0.01487742322437
"FOXP2","MA0593.1","CD55",-0.0148992288787429
"NFIX","MA1528.1","MOK",-0.015033265061272
"RELB","MA1117.1","RPL13",-0.0151772938276526
"KLF15","MA1513.1","RPL13",-0.0152354693845232
"NFKB2","MA0778.1","HSP90AA1",-0.0152929269458349
"ESR2","MA0258.2","WNK2",-0.0156010281395376
"PATZ1","MA1961.1","TCF25",-0.0156139259476001
"ZNF530","MA1981.1","WNK2",-0.0156675546115395
"HIF1A","MA1106.1","TCF25",-0.0157269173018793
"RREB1","MA0073.1","PLCG2",-0.0157463950680237
"NKX6-1","MA0674.1","LEPR",-0.0157997852739612
"ZBTB7A","MA0750.2","PLCG2",-0.0158855516283524
"TCF3","MA0522.3","THRA",-0.015973284553218
"ZNF148","MA1653.1","THRA",-0.016083234067959
"SNAI2","MA0745.2","CD55",-0.0161289780637846
"PATZ1","MA1961.1","MOK",-0.0161848930554899
"PRDM9","MA1723.1","LEPR",-0.0163098282970525
"MYB","MA0100.3","MOK",-0.0163716944649919
"ZNF740","MA0753.2","LEPR",-0.0166075985748814
"ZNF701","MA1987.1","PLCG2",-0.0166215728298999
"ZNF816","MA1719.1","CD55",-0.0167022568636851
"FOSL2::JUN","MA1131.1","RPL13",-0.0169582536011114
"ZBTB14","MA1650.1","WNK2",-0.0169740222560967
"FOSL2::JUNB","MA1139.1","RPL13",-0.0170130200236689
"ZNF701","MA1987.1","CD55",-0.0171528604941385
"HIF1A","MA1106.1","RPL13",-0.0171548543069932
"ZNF682","MA1599.1","THRA",-0.0171770988235953
"FOXB1","MA0845.1","ZNF407",-0.0172676651582775
"TBX18","MA1565.1","LEPR",-0.0173096349634876
"KLF6","MA1517.1","CD55",-0.0173872383217897
"ZNF341","MA1655.1","TCF25",-0.0174745852587192
"NFKB1","MA0105.4","HSP90AA1",-0.0174929537519801
"FOXC1","MA0032.2","ZNF407",-0.0177613671774123
"ZNF417","MA1727.1","WNK2",-0.0178007371742466
"IKZF1","MA1508.1","ZNF407",-0.0178866187982911
"SP2","MA0516.3","RPL13",-0.0179525902774948
"BCL6B","MA0731.1","MOK",-0.0179811643197724
"ZNF143","MA0088.2","WNK2",-0.0179951824944882
"ZNF680","MA1729.1","ZNF407",-0.0180946953096811
"TFDP1","MA1122.1","CD55",-0.0182208125196474
"FOXC2","MA0846.1","CD55",-0.0183345376111739
"ATF3","MA0605.2","TCF25",-0.0183499321128985
"KLF13","MA0657.1","WNK2",-0.0183669252551191
"TCF7L1","MA1421.1","MOK",-0.0184245949791126
"NR6A1","MA1541.1","HSP90AA1",-0.0184748702045947
"NFIC::TLX1","MA0119.1","LEPR",-0.0184837445610964
"ZBTB7B","MA0694.1","PLCG2",-0.0186157558595543
"KLF4","MA0039.4","THRA",-0.0187917434432834
"KLF2","MA1515.1","THRA",-0.0188085091184844
"ZNF263","MA0528.2","LEPR",-0.0188480752539694
"ERF::FIGLA","MA1934.1","WNK2",-0.0188968666198966
"TFAP2A","MA0810.1","CD55",-0.0189789756402365
"ELF3","MA0640.2","TCF25",-0.0191485124761133
"STAT1::STAT2","MA0517.1","HSP90AA1",-0.0192407312218851
"ZNF768","MA1731.1","HSP90AA1",-0.0192647503155118
"JUND","MA0492.1","RPL13",-0.019272066756893
"SP4","MA0685.2","THRA",-0.0195747386956607
"ZKSCAN5","MA1652.1","THRA",-0.0196493428128021
"NKX2-4","MA2003.1","THRA",-0.0196884361003667
"ZNF354C","MA0130.1","LEPR",-0.0197793766795977
"RARA","MA0730.1","ZNF407",-0.0199855020458476
"RORA","MA0071.1","HSP90AA1",-0.020029833363119
"ZNF574","MA1982.1","ZNF407",-0.0200577328441979
"NFKB1","MA0105.4","CD55",-0.0201954056928809
"STAT1::STAT2","MA0517.1","MOK",-0.020279039852604
"MEF2A","MA0052.4","MOK",-0.0203990373610358
"FOXA2","MA0047.3","CD55",-0.0206400467609749
"SP3","MA0746.2","MOK",-0.0206419279666023
"TCF4","MA0830.2","THRA",-0.0208115309749992
"FOXD3","MA0041.2","CD55",-0.0209598406011462
"SNAI1","MA1558.1","CD55",-0.0211635702098943
"IRF3","MA1418.1","HSP90AA1",-0.0211787147877736
"CTCFL","MA1102.2","TCF25",-0.0211806182892145
"EGR2","MA0472.2","HSP90AA1",-0.0212160285188755
"KLF17","MA1514.1","PLCG2",-0.0212364611320768
"ETV5::FIGLA","MA1945.1","WNK2",-0.0212551507591082
"TCF3","MA0522.3","CD55",-0.0213240307180575
"TFEB","MA0692.1","RPL13",-0.0213658733188792
"STAT1::STAT2","MA0517.1","WNK2",-0.0215578912726687
"ZNF530","MA1981.1","TCF25",-0.0215709842251922
"ZNF257","MA1710.1","LEPR",-0.0215886588911946
"BHLHE40","MA0464.2","CD55",-0.0215952936397525
"MNT","MA0825.1","RPL13",-0.0216451933064148
"SP5","MA1965.1","HSP90AA1",-0.0216874101465841
"ZFP14","MA1972.1","WNK2",-0.0218431074060209
"ZNF85","MA1720.1","CD55",-0.0218645989656916
"SP1","MA0079.5","LEPR",-0.0219925717750706
"EWSR1-FLI1","MA0149.1","ZNF407",-0.0220599135247082
"IRF3","MA1418.1","MOK",-0.0220731599614493
"FOS::JUN","MA1126.1","RPL13",-0.022394873174359
"NFKB2","MA0778.1","MOK",-0.0225327371216246
"ZNF708","MA1730.1","LEPR",-0.0225803870506155
"FOXO1::ELF1","MA1953.1","CD55",-0.0227272104183018
"JUNB","MA1140.2","RPL13",-0.0228088999183666
"RREB1","MA0073.1","LEPR",-0.0228302597606228
"ZNF740","MA0753.2","PLCG2",-0.0228905470749826
"PBX2","MA1113.2","ZNF407",-0.0229564730716123
"POU1F1","MA0784.2","ZNF407",-0.0231338651920923
"ZNF140","MA1589.1","LEPR",-0.0232241036000053
"ZIM3","MA1709.1","CD55",-0.0232489283903713
"MYC","MA0147.3","TCF25",-0.02325890219629
"HIC2","MA0738.1","WNK2",-0.0232881385907021
"SREBF2","MA0596.1","CD55",-0.0234490196141414
"KLF4","MA0039.4","LEPR",-0.0234563357429987
"ZNF460","MA1596.1","TCF25",-0.0235736300821351
"SP1","MA0079.5","THRA",-0.0236311136615989
"TFAP2C","MA0814.2","RPL13",-0.0237089011656701
"RFX7","MA1554.1","TCF25",-0.0237150141553114
"POU4F2","MA0683.1","CD55",-0.0237168411573103
"ELF3","MA0640.2","RPL13",-0.023762563302958
"ZBTB7A","MA0750.2","HSP90AA1",-0.0238651858672421
"FOXO1::FLI1","MA1956.1","CD55",-0.0239832437552752
"THAP1","MA0597.2","HSP90AA1",-0.0241073591855159
"FOXD1","MA0031.1","HSP90AA1",-0.0241375294261044
"TFAP2B","MA0811.1","CD55",-0.0241665969118949
"TFAP2A","MA0003.4","RPL13",-0.0243400053029165
"ZNF257","MA1710.1","RPL13",-0.0244827498557365
"TLX2","MA1577.1","ZNF407",-0.0246929473132669
"MAX","MA0058.3","TCF25",-0.0247286485645197
"NFIB","MA1643.1","LEPR",-0.0250609458211278
"MYC","MA0147.3","RPL13",-0.025350491969022
"EBF1","MA0154.4","WNK2",-0.0253555134548142
"KLF14","MA0740.2","MOK",-0.0253626103363421
"KLF9","MA1107.2","CD55",-0.0254052612623214
"FOXD2","MA0847.3","CD55",-0.0254392037283499
"ONECUT3","MA0757.1","ZNF407",-0.0254676395471132
"KLF11","MA1512.1","WNK2",-0.0255672207459252
"FOXO1::ELK3","MA1955.1","CD55",-0.0255896942137975
"CTCF","MA0139.1","TCF25",-0.0256103758909281
"MAX","MA0058.3","RPL13",-0.0256228988681922
"TFAP2B","MA0813.1","WNK2",-0.0256466166846426
"JUN::JUNB","MA1133.1","RPL13",-0.0260251533768952
"FOSL2::JUND","MA1145.1","RPL13",-0.0260348497892954
"ZNF320","MA1976.1","HSP90AA1",-0.0260686668587807
"ASCL1","MA1631.1","CD55",-0.0260932127797192
"FOXL1","MA0033.2","CD55",-0.0267082020848576
"FOXP3","MA0850.1","CD55",-0.0267082020848576
"FOXI1","MA0042.2","CD55",-0.0267082020848576
"FOXO4","MA0848.1","CD55",-0.0267082020848576
"SOHLH2","MA1560.1","CD55",-0.0267720870378163
"KLF12","MA0742.2","LEPR",-0.0268622201710908
"ZNF331","MA1726.1","LEPR",-0.0269017400279347
"ZNF684","MA1600.1","TCF25",-0.0269416759573676
"ZNF189","MA1725.1","TCF25",-0.0269604826670284
"ZBTB7A","MA0750.2","WNK2",-0.0271768054043989
"KLF4","MA0039.4","CD55",-0.0274803177509929
"NFIC","MA0161.2","CD55",-0.0276667207669876
"RXRG","MA0856.1","WNK2",-0.0277503523558668
"ZNF675","MA1714.1","CD55",-0.0279919659502446
"TCF12","MA1648.1","RPL13",-0.0280290139343407
"ZNF768","MA1731.1","MOK",-0.0283836745498187
"KLF7","MA1959.1","LEPR",-0.0285499757061846
"ATF2","MA1632.1","RPL13",-0.0285707614081941
"SP3","MA0746.2","LEPR",-0.0287453891392266
"ZNF75D","MA1601.2","THRA",-0.0288166702580182
"KLF3","MA1516.1","THRA",-0.0288466077413305
"RFX7","MA1554.1","HSP90AA1",-0.0292690589482354
"MEF2A","MA0052.4","ZNF407",-0.0292869679069604
"ETV6","MA0645.1","MOK",-0.029428016875372
"RARA","MA0730.1","CD55",-0.0297964428054213
"ELK4","MA0076.2","PLCG2",-0.029796682497442
"KLF16","MA0741.1","TCF25",-0.0298074394300508
"ZNF93","MA1721.1","PLCG2",-0.0299445392158039
"RREB1","MA0073.1","CD55",-0.0301518998008843
"MEIS2","MA1640.1","ZNF407",-0.0302425896687471
"MEF2D","MA0773.1","ZNF407",-0.0304401546812028
"TFEB","MA0692.1","TCF25",-0.0304608391861042
"RELB","MA1117.1","TCF25",-0.0305668934981848
"BACH2","MA1470.1","PLCG2",-0.0307226388972991
"TFAP2C","MA0524.2","CD55",-0.0307232135237712
"ZNF384","MA1125.1","ZNF407",-0.0308276619556412
"FOXG1","MA0613.1","CD55",-0.0308533375321006
"RARA::RXRA","MA0159.1","ZNF407",-0.0308699376008381
"GATA1::TAL1","MA0140.2","THRA",-0.0312995133028642
"PRDM1","MA0508.3","ZNF407",-0.031417049235007
"EGR1","MA0162.4","WNK2",-0.0314316701553013
"IRF9","MA0653.1","MOK",-0.0314323135982668
"PATZ1","MA1961.1","CD55",-0.0315581143979883
"ESRRB","MA0141.3","WNK2",-0.031648865224329
"CREB1","MA0018.4","RPL13",-0.0317925421281315
"KLF2","MA1515.1","LEPR",-0.0318258269228672
"JUN","MA0488.1","RPL13",-0.0319537575661345
"NR1D1","MA1531.1","LEPR",-0.0320207873943534
"TFAP2C","MA0814.2","CD55",-0.0321539092897094
"ZBTB7C","MA0695.1","PLCG2",-0.032302057609794
"ZNF684","MA1600.1","RPL13",-0.0325003277177967
"FOXD1","MA0031.1","CD55",-0.0325243387755138
"TCF3","MA0522.3","RPL13",-0.0325623485797805
"HIC2","MA0738.1","PLCG2",-0.0325706092477787
"ZNF281","MA1630.2","RPL13",-0.0325834700413635
"SOHLH2","MA1560.1","RPL13",-0.0326099728878335
"KLF5","MA0599.1","LEPR",-0.0327330341182136
"KLF10","MA1511.2","CD55",-0.0328889179178236
"CREM","MA0609.2","RPL13",-0.0330756778484334
"ETV5::FOXO1","MA1947.1","CD55",-0.0332025995704822
"ETV2::FIGLA","MA1941.1","LEPR",-0.0332191283573941
"CUX2","MA0755.1","ZNF407",-0.0338881761258356
"KLF14","MA0740.2","LEPR",-0.0339763180099365
"FOXO6","MA0849.1","CD55",-0.034380019851906
"ZNF460","MA1596.1","HSP90AA1",-0.0345340085422144
"FOXP1","MA0481.3","CD55",-0.0348244115447444
"PAX9","MA0781.1","CD55",-0.0349886924818221
"YY2","MA0748.2","PLCG2",-0.0350640867081196
"ZNF148","MA1653.1","MOK",-0.0352440224143192
"ZNF708","MA1730.1","HSP90AA1",-0.0354674015850029
"EGR3","MA0732.1","WNK2",-0.0354935841782845
"MAZ","MA1522.1","RPL13",-0.0355919398998535
"NR2C2","MA0504.1","HSP90AA1",-0.0356303199621426
"MXI1","MA1108.2","HSP90AA1",-0.0356775133319473
"NFE2","MA0841.1","ZNF407",-0.0357606511946385
"RREB1","MA0073.1","HSP90AA1",-0.0359483839348761
"BARX2","MA1471.1","ZNF407",-0.0359977803770964
"KLF6","MA1517.1","LEPR",-0.0360099741048745
"EGR4","MA0733.1","WNK2",-0.0360210497679936
"KLF9","MA1107.2","LEPR",-0.0360657299323483
"SREBF1","MA0595.1","CD55",-0.0361380181469592
"NFIX","MA1528.1","LEPR",-0.0364295951968336
"ATF7","MA0834.1","RPL13",-0.0364876115319917
"SPIB","MA0081.2","ZNF407",-0.0366740134269798
"E2F6","MA0471.2","CD55",-0.0368716402486527
"PATZ1","MA1961.1","RPL13",-0.0370804858091852
"CTCFL","MA1102.2","HSP90AA1",-0.0372979008594599
"ZNF76","MA1716.1","WNK2",-0.0373165418567171
"JDP2","MA0655.1","ZNF407",-0.0373722122461965
"ZNF816","MA1719.1","LEPR",-0.037533296283979
"FOSL1::JUND","MA1142.1","ZNF407",-0.0377244663141665
"PPARD","MA1550.1","WNK2",-0.037944555859692
"ZNF331","MA1726.1","HSP90AA1",-0.0379735427495476
"TFEC","MA0871.2","RPL13",-0.0380308261266113
"BHLHE41","MA0636.1","CD55",-0.038132102490164
"MNT","MA0825.1","TCF25",-0.0383644253842865
"FOSB::JUN","MA1127.1","RPL13",-0.0386265902177005
"ZBTB14","MA1650.1","HSP90AA1",-0.038631835339426
"KLF1","MA0493.2","CD55",-0.038784196339571
"ZNF263","MA0528.2","HSP90AA1",-0.0387852521135016
"SP8","MA0747.1","LEPR",-0.0390316931106808
"NR2F1","MA1537.1","WNK2",-0.0393324160357638
"ZNF416","MA1979.1","TCF25",-0.0393843924504345
"RELA","MA0107.1","CD55",-0.0395851148477186
"TCFL5","MA0632.2","HSP90AA1",-0.0396938930423397
"RFX7","MA1554.1","PLCG2",-0.0399439898008197
"FOXK1","MA0852.2","CD55",-0.0400654764274129
"TCF7","MA0769.2","HSP90AA1",-0.0401026014323695
"SP1","MA0079.5","CD55",-0.0402825550935889
"KLF16","MA0741.1","CD55",-0.0404328884726255
"SP9","MA1564.1","RPL13",-0.0414300393774737
"ZNF454","MA1712.1","WNK2",-0.0414946803986994
"JDP2","MA0656.1","RPL13",-0.0418082548941589
"KLF1","MA0493.2","LEPR",-0.0418933753965169
"PHOX2A","MA0713.1","ZNF407",-0.0420420856533963
"THRB","MA1574.1","WNK2",-0.0420852383207992
"FOSL2::JUN","MA1130.1","ZNF407",-0.0426505519681028
"TWIST1","MA1123.2","PLCG2",-0.0428900160874967
"ZNF148","MA1653.1","RPL13",-0.0429694393010498
"PRDM9","MA1723.1","ZNF407",-0.0431043332562328
"KLF7","MA1959.1","CD55",-0.0433785763221247
"FOS::JUN","MA0099.3","ZNF407",-0.0447520338805932
"ZNF449","MA1656.1","THRA",-0.0449315246518157
"FOSL1::JUNB","MA1137.1","ZNF407",-0.0449438072948434
"KLF5","MA0599.1","CD55",-0.0451638163700907
"KLF15","MA1513.1","MOK",-0.0453213744618893
"ZBTB7A","MA0750.2","MOK",-0.0453284337428585
"ATF3","MA0605.2","RPL13",-0.045339327391789
"TCFL5","MA0632.2","PLCG2",-0.0454041805902718
"ZSCAN29","MA1602.1","HSP90AA1",-0.0455883722463245
"BCL6B","MA0731.1","HSP90AA1",-0.0459534832153075
"GLIS2","MA0736.1","PLCG2",-0.046050352887041
"FOXK2","MA1103.2","CD55",-0.0462962842679548
"MYCN","MA0104.4","RPL13",-0.0466710647928395
"GATA1","MA0035.4","TCF25",-0.0468568033193684
"ZNF281","MA1630.2","CD55",-0.0474516298517601
"ZNF343","MA1711.1","HSP90AA1",-0.0477093584852039
"SP9","MA1564.1","LEPR",-0.047870361038961
"FOXF2","MA0030.1","CD55",-0.048362216116027
"KLF12","MA0742.2","CD55",-0.0483745751536904
"ARGFX","MA1463.1","ZNF407",-0.0487392903858354
"ERF::NHLH1","MA1938.1","HSP90AA1",-0.0487745153888259
"FOS","MA1951.1","RPL13",-0.0488452376481838
"KLF16","MA0741.1","LEPR",-0.0493547617691486
"TFEC","MA0871.2","TCF25",-0.0493756706920516
"KLF7","MA1959.1","RPL13",-0.0495282344405094
"JUND","MA0491.2","ZNF407",-0.0496426407075398
"JUNB","MA0490.2","ZNF407",-0.0501217076098179
"VEZF1","MA1578.1","PLCG2",-0.0506633348608844
"FOSL2::JUND","MA1144.1","ZNF407",-0.0507583946199195
"FOSL2::JUNB","MA1138.1","ZNF407",-0.0512550015032673
"ETV4","MA0764.3","MOK",-0.0514043697081263
"SP5","MA1965.1","CD55",-0.0514730502347405
"RXRB","MA0855.1","WNK2",-0.0515035430454382
"RARA::RXRG","MA1149.1","ZNF407",-0.0517135852853528
"EBF3","MA1637.1","TCF25",-0.0519304167453538
"HOXD12::ELK1","MA1958.1","ZNF407",-0.052271282953807
"IRF3","MA1418.1","THRA",-0.0524718457154653
"SOHLH2","MA1560.1","TCF25",-0.0532664084479978
"ETV5::FIGLA","MA1945.1","LEPR",-0.0533407694375576
"KLF11","MA1512.1","LEPR",-0.0533927810598772
"INSM1","MA0155.1","HSP90AA1",-0.05347263742417
"FOSL2","MA0478.1","ZNF407",-0.0534803732556324
"JUN::JUNB","MA1132.1","ZNF407",-0.0534856431063822
"MIXL1","MA0662.1","ZNF407",-0.053611579646701
"ETV5","MA0765.3","MOK",-0.0537678939869604
"ETV3","MA0763.1","MOK",-0.0539432721963486
"ZIC1","MA0696.1","HSP90AA1",-0.0544571643972771
"KLF12","MA0742.2","RPL13",-0.054775994974884
"FOSB::JUNB","MA1135.1","ZNF407",-0.05485444856373
"TFAP4::ETV1","MA1966.1","LEPR",-0.0552767728389125
"ATOH7","MA1468.1","HSP90AA1",-0.055461393020406
"FOS::JUNB","MA1134.1","ZNF407",-0.055824548313796
"KLF10","MA1511.2","LEPR",-0.0561927608394652
"SP3","MA0746.2","RPL13",-0.0564691589637324
"FOSL1","MA0477.2","ZNF407",-0.0564885777108346
"ZNF85","MA1720.1","ZNF407",-0.0570948603412089
"KLF10","MA1511.2","RPL13",-0.0578604066918276
"ELK1","MA0028.2","MOK",-0.0583304587310346
"BACH1","MA1633.2","ZNF407",-0.0589701012758679
"ZNF692","MA1986.1","LEPR",-0.0590305732979919
"KLF14","MA0740.2","CD55",-0.0592125933336825
"FOS","MA0476.1","ZNF407",-0.0594341785147556
"BATF3","MA0835.2","ZNF407",-0.0596011759754998
"FOS::JUND","MA1141.1","ZNF407",-0.0599119521279736
"ZBTB33","MA0527.1","HSP90AA1",-0.059970710457744
"KLF14","MA0740.2","RPL13",-0.0607616558480721
"FOSL1::JUN","MA1128.1","ZNF407",-0.0615744590990508
"SHOX","MA0630.1","ZNF407",-0.0616288034276735
"ZNF682","MA1599.1","CD55",-0.0622331411411357
"BATF","MA1634.1","ZNF407",-0.0627138709346742
"BATF::JUN","MA0462.2","ZNF407",-0.0641392487232935
"SP8","MA0747.1","RPL13",-0.0651122290932477
"KLF4","MA0039.4","RPL13",-0.065376605489896
"ISX","MA0654.1","ZNF407",-0.0661439092150702
"HESX1","MA0894.1","ZNF407",-0.0663605633352113
"BNC2","MA1928.1","ZNF407",-0.0666674737217872
"ZNF610","MA1713.1","HSP90AA1",-0.0667074346238854
"SP4","MA0685.2","CD55",-0.0667481873736515
"SP4","MA0685.2","RPL13",-0.0674648045583865
"ALX3","MA0634.1","ZNF407",-0.0676199730567153
"KLF11","MA1512.1","RPL13",-0.0679270697506037
"ELK3","MA0759.2","MOK",-0.0689278153838766
"KLF2","MA1515.1","CD55",-0.0702254310490504
"SP5","MA1965.1","ZNF407",-0.0704138198863691
"ELK4","MA0076.2","MOK",-0.0710920831145679
"KLF16","MA0741.1","RPL13",-0.0711359724912017
"FLI1","MA0475.2","MOK",-0.0711550313647232
"TCF7L2","MA0523.1","HSP90AA1",-0.0733856185883241
"ZIC4","MA0751.1","HSP90AA1",-0.074926003171259
"ZNF417","MA1727.1","HSP90AA1",-0.0761347352443271
"KLF1","MA0493.2","RPL13",-0.0762957753180269
"KLF9","MA1107.2","RPL13",-0.077464562809231
"SP1","MA0079.5","RPL13",-0.0779891566628928
"PRDM9","MA1723.1","HSP90AA1",-0.0790075329442921
"ETV1","MA0761.2","RPL13",-0.0795719271351479
"ZNF354C","MA0130.1","HSP90AA1",-0.0805913685747186
"KLF5","MA0599.1","RPL13",-0.086741551034097
"HES1","MA1099.2","HSP90AA1",-0.0898369596806651
"POU4F1","MA0790.1","HSP90AA1",-0.0913798153258235
"ZNF341","MA1655.1","HSP90AA1",-0.0916292151180435
"KLF2","MA1515.1","RPL13",-0.104845887904568
"ZNF93","MA1721.1","HSP90AA1",-0.113974028087698
"KLF6","MA1517.1","RPL13",-0.114821311034056
