,n_cells,dynamicColors,moduleColors,moduleLabels,kMEblack,kMEdarkgrey,kMEdimgrey,kMEgainsboro,kMErosybrown,kMEsnow
SIK2,6,dimgrey,dimgrey,2,0.4113057138920761,-0.09039895269659592,0.9881608035554081,-0.8293489208857293,-0.14905846191914454,-0.3117717625962841
PNRC1,6,dimgrey,dimgrey,2,0.5219217416830542,-0.21307040348243286,0.9578317765305617,-0.7484071515316737,0.021992549393930066,-0.18768065217074903
NCOR1,6,dimgrey,dimgrey,2,0.5238422004654028,-0.21734815929258677,0.9539338134992348,-0.6998332472745145,-0.2516481868593966,-0.17788874306366256
COX5B,5,dimgrey,dimgrey,2,0.4867791402530941,-0.1740298397810781,0.9509648926785943,-0.6393268612997411,-0.1988703483268717,-0.21695106913052356
NFIA,5,dimgrey,dimgrey,2,0.6252102830423577,-0.3281161718435758,0.946531489852587,-0.7585339484214717,-0.03138836587654073,-0.0710016832750407
ESYT2,6,dimgrey,dimgrey,2,0.496137037679712,-0.20309476879462568,0.9439678886974352,-0.8180635912421624,-0.20622022731572132,-0.20174106339094997
UGT2B4,5,dimgrey,dimgrey,2,0.6155521744112863,-0.32907393093396176,0.9408619878451084,-0.8804820643664129,0.0327711886785216,-0.07498021376217567
ARF1,5,dimgrey,dimgrey,2,0.6456990505040532,-0.3534766884992289,0.9368311104595424,-0.7440438508818759,-0.011969421497019945,-0.04631483741823929
CELF1,6,dimgrey,dimgrey,2,0.6714178514254338,-0.3866509188125593,0.9327063927515273,-0.7810995950757784,-0.06753639559527136,-0.015697586794832404
ASS1,5,dimgrey,dimgrey,2,0.6622092100060264,-0.3763377353785774,0.929579359698617,-0.7763682587844672,0.021868126032767415,-0.024721579716627504
HSP90B1,6,dimgrey,dimgrey,2,0.6151151910791279,-0.32211511506331814,0.9291192431052538,-0.7231750176498416,-0.09153890964184895,-0.06563495374630289
PLCB1,5,dimgrey,dimgrey,2,0.6351424936922564,-0.351642520870568,0.9257699909047582,-0.8002137043749186,-0.10672231656010545,-0.041659531636812325
C4BPB,5,dimgrey,dimgrey,2,0.6320418227760543,-0.3490940642968112,0.9114143480569062,-0.7293566411501624,-0.14496877923308665,-0.03425931546299489
SH3D19,5,dimgrey,dimgrey,2,0.6838289267110106,-0.4101938968330079,0.9096359847146928,-0.7425132795079527,-0.1771115673804352,0.010927561226357371
DLC1,5,dimgrey,dimgrey,2,0.680236431273834,-0.404480426043593,0.9071007418985713,-0.7679887548467703,0.05017089199056507,0.00793969860100723
SETD5,6,dimgrey,dimgrey,2,0.5663376131670522,-0.28073708659952523,0.9065258097040592,-0.6232973900658166,-0.3276581591134198,-0.10736063306134061
STIM1,6,dimgrey,dimgrey,2,0.6387218707653309,-0.36576317243812695,0.9057926005276479,-0.7632964437716967,-0.26345977474020643,-0.026031615830564854
ZMYM4,6,dimgrey,dimgrey,2,0.4392895147261786,-0.14793957961887214,0.9041085484055388,-0.8604079701711413,0.34085709452968216,-0.22515597097249837
PARP4,6,dimgrey,dimgrey,2,0.632071744260991,-0.3631858662436712,0.9036124928035864,-0.8072007660530127,-0.23949208091336388,-0.03157060796793084
UHMK1,5,dimgrey,dimgrey,2,0.7215046436220788,-0.45183315879286,0.9035222209387066,-0.7934706591621579,-0.008589220962857176,0.05661073708299864
SEC61B,5,dimgrey,dimgrey,2,0.7017750632345889,-0.4314145131839637,0.9027832047840202,-0.736897233160901,-0.17951301243940088,0.034863974201661624
GLUL,5,dimgrey,dimgrey,2,0.5907733229144334,-0.2980790625337234,0.8999362704245022,-0.604125249248363,0.0010294927743643484,-0.07464239090990793
DLEU2,6,dimgrey,dimgrey,2,0.5780587282165233,-0.3116452764302413,0.8971456484489555,-0.8713421302401452,-0.0676573200340589,-0.08516456780279161
EPS8,5,dimgrey,dimgrey,2,0.6900267237241416,-0.4175315328241955,0.896727327951837,-0.6778182235968797,-0.23344317107230417,0.027577689281010506
NBPF12,5,dimgrey,dimgrey,2,0.7347446808603163,-0.4653625286200661,0.8937791716237263,-0.7306829247304163,-0.030534853078711312,0.07609223829415407
CHD9,6,dimgrey,dimgrey,2,0.6917930054028197,-0.42474451162588067,0.8929699987047995,-0.7277849976981683,-0.24007842854286973,0.034531732230395684
SEC63,6,dimgrey,dimgrey,2,0.2862963374820184,0.003426966920066223,0.892586579257643,-0.9088403151568781,0.04410782706686623,-0.35629190754117546
DNAJC3,5,dimgrey,dimgrey,2,0.7346595135934642,-0.47191263174935755,0.8908531117743169,-0.8072977970816153,0.005456838497451497,0.07974488589996409
CREBBP,6,dimgrey,dimgrey,2,0.668219940189737,-0.39050927467684626,0.889251389556376,-0.6586213418506927,0.0373611253469612,0.007250112241248932
EIF4A2,5,dimgrey,dimgrey,2,0.7344847578941194,-0.47225807813335124,0.8891496636714278,-0.7797891029850553,-0.02521967495091112,0.07708543678457104
CLASP2,6,dimgrey,dimgrey,2,0.6522606537708568,-0.38815526087174546,0.8872366576828515,-0.8162688255134608,-0.1452624991013598,0.005575905517149305
NDUFC2,5,dimgrey,dimgrey,2,0.7205293256102651,-0.4536104085235509,0.8844783819514479,-0.7037780229097647,-0.13717582082804092,0.07094716539340389
HIBCH,6,dimgrey,dimgrey,2,0.7168344104816257,-0.4547130676638938,0.8837977031907732,-0.7396323581203262,-0.08051477270887547,0.060469106224910994
LDLRAD4,6,dimgrey,dimgrey,2,0.6267093921081014,-0.3649815481590598,0.8827957725338537,-0.9198635219990019,0.13748609865733474,-0.016568829774184793
ACOX1,5,dimgrey,dimgrey,2,0.6881188074586414,-0.41268184087043697,0.8795842154438651,-0.6465031933547605,0.04941011701733745,0.038626677941801774
SERPINF2,5,dimgrey,dimgrey,2,0.6788403250163907,-0.4150399183915156,0.8766356164070046,-0.6555370574100735,-0.29962753290297156,0.028422229486708302
CAT,5,dimgrey,dimgrey,2,0.7190476653600659,-0.4650885849012375,0.8755787921222157,-0.8205652095545763,-0.015119554158285937,0.07164752451252175
ATOX1,5,dimgrey,dimgrey,2,0.7387415018450224,-0.47748433005713525,0.8750018157050146,-0.7053397551099564,-0.14269966848056578,0.09581098184842705
UBE2D3,6,dimgrey,dimgrey,2,0.7378953513357203,-0.4842711740411728,0.86261504775689,-0.8093095631651283,0.08305075444369153,0.10729711751592741
L3MBTL4,6,dimgrey,dimgrey,2,0.7112537825387976,-0.4606105035012632,0.8598951401691859,-0.8616743539724585,0.18656637101144813,0.0791193567614483
HNRNPK,6,dimgrey,dimgrey,2,0.6933368755197952,-0.4426619087872571,0.8588919763512971,-0.863640003810249,0.06715950777511258,0.0682049275271335
EIF4EBP2,5,dimgrey,dimgrey,2,0.6392074666325961,-0.3884154078812331,0.8581712767308404,-0.8450581870345807,0.0742288668286419,0.0023877925011770197
SLC39A14,5,dimgrey,dimgrey,2,0.7213633132638311,-0.4626166216901267,0.8580663101540369,-0.6629891991257397,5.6461672716881434e-05,0.081407777836603
EBNA1BP2,5,dimgrey,dimgrey,2,0.7576094655489762,-0.5125537561753067,0.8551603580724484,-0.7903731551163312,-0.02109507755824767,0.1246915318296602
MORF4L2,6,dimgrey,dimgrey,2,0.49694517772280467,-0.23708353964394552,0.8526368027609575,-0.9500682856940996,0.3051121263970955,-0.12121803956363617
AOPEP,6,dimgrey,dimgrey,2,0.4434013028111949,-0.16425902662960112,0.8515163972483842,-0.6952413240660104,0.3070739208129354,-0.19085685655767393
TOP2B,6,dimgrey,dimgrey,2,0.7486982307900188,-0.5018914468186,0.8511950994045445,-0.7432169950481994,-0.028715839901482142,0.11573183357588765
DOCK4,5,dimgrey,dimgrey,2,0.7724238882865863,-0.5225713560503195,0.8506242971647804,-0.6661559583534826,-0.1848940961798651,0.1443978932744977
RNF19A,6,dimgrey,dimgrey,2,0.5505001218933678,-0.277141950558183,0.8499249623343799,-0.5445693934056812,-0.33131157829047225,-0.07157523145628557
ADI1,5,dimgrey,dimgrey,2,0.7321465481582901,-0.4907984221909618,0.847383543245085,-0.8201862461742891,0.008358305223540221,0.1048042020608324
GPX4,6,dimgrey,dimgrey,2,0.61586753397921,-0.3481676534684621,0.8465301183603947,-0.7010539300095944,0.3172785654999476,-0.009508173705709121
AHCTF1,5,dimgrey,dimgrey,2,0.7932170894079584,-0.5484395991232073,0.8454740339664781,-0.6964257330441318,-0.10435224830854163,0.16692451633141395
SEPTIN7,6,dimgrey,dimgrey,2,0.6655693343845582,-0.4213254912344847,0.8430706904058733,-0.7211354067673128,-0.28891034736122534,0.03906589696400208
LARP4,5,dimgrey,dimgrey,2,0.7864581037081024,-0.5471167718670503,0.8393562023325901,-0.8033696437968397,0.06470057459378178,0.1699545232463366
PARD3B,5,dimgrey,dimgrey,2,0.7767557428459714,-0.5249795163366523,0.8386655068899367,-0.6100180796117656,-0.06849854381976782,0.1557717751708349
PPP1R12B,6,dimgrey,dimgrey,2,0.7648444376550858,-0.5239771709802095,0.8361094255300123,-0.8156712383250401,0.13222960769166864,0.15300475724203447
MAGI1,5,dimgrey,dimgrey,2,0.8127189687228396,-0.5713875912090829,0.8354082344613267,-0.7083414620440933,-0.00824446064040123,0.19573768525745708
HDGF,5,dimgrey,dimgrey,2,0.8105422526027447,-0.5729451349509936,0.8330193549560436,-0.7490673494713443,-0.009860485879085872,0.19750512567002163
THRAP3,6,dimgrey,dimgrey,2,0.7285424777455006,-0.48268261892316755,0.8325812737743938,-0.7790814270306776,0.2602435351899879,0.1133189887213421
LPP,6,dimgrey,dimgrey,2,0.6837104029736893,-0.4293033819457537,0.8317793001904528,-0.6839885053756587,0.22989691371911147,0.06450965430009559
EHMT1,6,dimgrey,dimgrey,2,0.7652055950900782,-0.5241599811653693,0.8313931246774444,-0.7824128688077058,0.19397238647737353,0.15099440338763057
SORBS1,5,dimgrey,dimgrey,2,0.7193452772942338,-0.47495840109196463,0.8310676281283588,-0.6575503187932948,-0.30211765200438556,0.10997751935098585
FTH1,6,dimgrey,dimgrey,2,0.31102651115771995,-0.023229410098343825,0.8260924229458525,-0.5212575895425713,-0.14619528346784091,-0.28759884871085434
VPS54,5,dimgrey,dimgrey,2,0.8236544768529003,-0.5867730896042022,0.8248974619857935,-0.6980812902920482,-0.01611233671766348,0.21451997029206174
C1R,5,dimgrey,dimgrey,2,0.8073347889331989,-0.5755012899434954,0.8241674462751336,-0.733956459234399,-0.12151725873659003,0.19910831936151094
XPR1,5,dimgrey,dimgrey,2,0.8208826570038263,-0.5880073711230525,0.8203094091879644,-0.697500855644669,-0.11321178387479325,0.21564564038546416
GOLGB1,6,dimgrey,dimgrey,2,0.7336519459379227,-0.5057760596156323,0.8168322227737036,-0.8503623970117751,-0.04004621841379701,0.13801922056357852
AGPAT3,6,dimgrey,dimgrey,2,0.8047169045802604,-0.5751012545283517,0.8149845174862348,-0.7537266232271088,0.054957527072695966,0.20040216903350125
ACADVL,5,dimgrey,dimgrey,2,0.8117822862869399,-0.5726265895273608,0.8136452902956472,-0.6119355543237674,-0.025701011590418005,0.20791789778907743
TBC1D8,5,dimgrey,dimgrey,2,0.8075153178083172,-0.5748226378463339,0.8130312585782656,-0.6896629958912619,-0.11377648447060411,0.21106997584162432
CPS1,5,dimgrey,dimgrey,2,0.8102132116385183,-0.5766143661453487,0.8121977777307571,-0.7361275111700789,0.15231203679723163,0.21156394041149137
MGST1,5,dimgrey,dimgrey,2,0.7388711802976737,-0.505142125055288,0.8096102772621302,-0.6587593550180538,-0.3073234440381784,0.14546313826272128
BTAF1,6,dimgrey,dimgrey,2,0.7884564456986456,-0.5639765145172733,0.808066601694101,-0.8299436475796189,0.08490655049689802,0.19648716750140835
ALDH3A2,5,dimgrey,dimgrey,2,0.7131704497919574,-0.4857105594596726,0.8071970430718897,-0.7061890668789754,-0.2640950971141476,0.11237946074560035
WDR33,6,dimgrey,dimgrey,2,0.8083274344827949,-0.5804867533277247,0.8071471508049256,-0.7711355884911905,0.14928254552383596,0.21225430812115145
STK3,5,dimgrey,dimgrey,2,0.8339952337904851,-0.6021778856273196,0.8050047703755143,-0.6331536241609558,-0.07105993608028081,0.23869107068693216
SNTB1,5,dimgrey,dimgrey,2,0.7666691869400836,-0.5285315792237698,0.803084826145514,-0.6527384516124466,0.1741145510740299,0.1686167292443808
FRYL,6,dimgrey,dimgrey,2,0.8233575626898231,-0.5953115313473494,0.8007297491491756,-0.7158102355714921,0.13115660308271854,0.23048262245204837
HPD,5,dimgrey,dimgrey,2,0.8001976064995744,-0.5696926175077474,0.8005596692610953,-0.6169973882806454,-0.22836043731580538,0.21055074487829456
A1BG,5,dimgrey,dimgrey,2,0.8412792807420809,-0.6177573227724996,0.799859252074241,-0.7091482464870674,-0.060593234501743386,0.2522489918360601
TASOR2,6,dimgrey,dimgrey,2,0.6807678891607326,-0.4489197127310363,0.7997077040140366,-0.8652589762015874,0.283996966032796,0.10022522615291554
LRP1,5,dimgrey,dimgrey,2,0.8303895087144381,-0.6069393167747487,0.7989564507990494,-0.6802139024617123,-0.15969890674446818,0.24083219932934177
CHD1,6,dimgrey,dimgrey,2,0.7073293355556876,-0.49083299747848597,0.7934118961485916,-0.8922018592129911,0.023549082014214122,0.1268406215002716
LUC7L3,6,dimgrey,dimgrey,2,0.8405649675195127,-0.6225403454511109,0.7917071129375568,-0.7209410832264112,-0.0910427115071954,0.25705151895577233
MGMT,5,dimgrey,dimgrey,2,0.8493432558934654,-0.6282961497887002,0.7906493825875076,-0.6599515740206493,-0.10442072021765927,0.2637845033867512
PPP2R2A,6,dimgrey,dimgrey,2,0.7195945324640508,-0.5042664793282694,0.7842371367690819,-0.8045184250867258,-0.18524259364856618,0.14820646721968136
APP,6,dimgrey,dimgrey,2,0.7735429069622457,-0.5487636409265826,0.7819895823344128,-0.5570580831945742,-0.3490978356760356,0.1930627448371688
WASF2,6,dimgrey,dimgrey,2,0.7360852647590289,-0.5169463544134407,0.7791188216195774,-0.7692736881811725,-0.08281402254147435,0.17161257464987742
HNRNPDL,6,dimgrey,dimgrey,2,0.678970851139944,-0.45321618948461856,0.7750755447759623,-0.6013830211157452,-0.41633454034957973,0.11242240337082225
PACS1,6,dimgrey,dimgrey,2,0.7931149130125487,-0.5773893997189344,0.7742092822059236,-0.7987560223403677,0.16992856364679912,0.22880094018973085
ARHGAP5,6,dimgrey,dimgrey,2,0.8223514549247224,-0.6011209150381479,0.7736386657541708,-0.5516055203498139,-0.24042069669605687,0.2478370192622517
ERGIC1,6,dimgrey,dimgrey,2,0.8509655184275319,-0.6402149555446789,0.7701959792515864,-0.6860098264264505,-0.1287885903316661,0.28437644505087173
ST3GAL1,6,dimgrey,dimgrey,2,0.7418676231064406,-0.5180010689029257,0.7694657949188461,-0.6089126472498119,-0.23886364245270633,0.18128413116806916
TAX1BP1,6,dimgrey,dimgrey,2,0.7114531711965116,-0.47181341896899565,0.7694167184281694,-0.40855781229495713,-0.19377122061819796,0.13735650343171124
ALAS1,5,dimgrey,dimgrey,2,0.7854331673388883,-0.5582432217582205,0.7670534664117132,-0.49278244093389384,-0.2381025143488399,0.2182866546969071
KIF13A,5,dimgrey,dimgrey,2,0.8042564238123358,-0.5869955937574739,0.7658132571276473,-0.5951896487058623,-0.257061399251125,0.24193637329366255
ZFHX3,6,dimgrey,dimgrey,2,0.7185253580216453,-0.5167296216102063,0.756428965566302,-0.7831597541521409,-0.1813688293567791,0.15847951204961083
SLC66A2,5,dimgrey,dimgrey,2,0.8262531426215195,-0.6224081140556725,0.7561975717751479,-0.7102970704430702,-0.02582381182779875,0.2627571833506272
FOXN3,6,dimgrey,dimgrey,2,0.8125886223754597,-0.5986608027135086,0.7465673523988283,-0.6571089342224955,0.26875708437997775,0.2586811085386652
SEC24B,6,dimgrey,dimgrey,2,0.8022142180967061,-0.5979818696319288,0.7365528181982669,-0.6453055673088114,-0.17350836619851306,0.2659503258369111
LUC7L2,6,dimgrey,dimgrey,2,0.8091167082615439,-0.5902177033758587,0.735503388677032,-0.5072130072164047,0.1082553318466622,0.263391643246594
SOD2,6,dimgrey,dimgrey,2,0.8279310219179037,-0.6239262798521603,0.7276867412376179,-0.6196762788914576,0.17425801446725322,0.2834631220994777
KLF12,6,dimgrey,dimgrey,2,0.7959367340168932,-0.6018098560043154,0.7226073967338165,-0.7503689188810828,0.21342017288447676,0.25788220159078573
PDE4D,6,dimgrey,dimgrey,2,0.8685164614806894,-0.6739740589618396,0.6995135434347101,-0.5049327841951358,-0.15638532198195515,0.35296800966365
MIA3,6,dimgrey,dimgrey,2,0.6281959898589122,-0.4311781544825362,0.6793058461076149,-0.7733759157716095,0.41674155993492673,0.14076146209828197
PTBP2,6,dimgrey,dimgrey,2,0.8325895573602458,-0.6616097347469487,0.6773554952722811,-0.780386117523218,0.1986102516826993,0.33221375618904675
PDSS2,6,dimgrey,dimgrey,2,0.7974028607265817,-0.6289503804678397,0.6664374394898299,-0.6910740627011087,-0.23784114274460452,0.3123245389987367
TANK,6,dimgrey,dimgrey,2,0.8092135725719033,-0.6366354138284962,0.6565903514614007,-0.5727227078506962,-6.12097194151661e-05,0.3123971204418863
ZNF644,6,dimgrey,dimgrey,2,0.8235300121888113,-0.6436045369396164,0.6528372213429595,-0.4917382608200028,0.10267555753176812,0.32929956340658423
ITM2B,6,dimgrey,dimgrey,2,0.07111536653699216,0.1288803203538981,0.6434786090524932,-0.6395432260867338,-0.49329660837234424,-0.4060931966108442
COBLL1,6,dimgrey,dimgrey,2,0.8611173825373106,-0.6875439905363131,0.6363352145858556,-0.49798522840242343,0.19801148287274856,0.38225879145269054
ZC3H13,6,dimgrey,dimgrey,2,0.8527948418015946,-0.6783958031940117,0.6356512031077083,-0.5595406231991105,0.3399046734410773,0.3807324412212563
AHSG,6,dimgrey,dimgrey,2,0.7761600737634976,-0.5974477450422669,0.5945203644997727,-0.2485132656680634,-0.07609004252064225,0.33306683388415487
LBR,6,dimgrey,dimgrey,2,0.23287159035332042,-0.07760834329676028,0.5534846812495431,-0.7867200779458818,0.23573293654927574,-0.18024615634050703
ADK,6,dimgrey,dimgrey,2,0.5500112566893147,-0.403489834467388,0.5497251383622129,-0.8120153859638164,0.6420140403513321,0.15275312304388025
AP3B1,6,dimgrey,dimgrey,2,0.8091675707679608,-0.6801312888928305,0.545596011189549,-0.7069995284376478,0.2599412288652201,0.4180552743154466
RMND5A,6,dimgrey,dimgrey,2,0.5037634927480062,-0.3772886415302129,0.5047000025683931,-0.49608909544312935,-0.238449072245175,0.11524311145365428
OGA,6,dimgrey,dimgrey,2,0.5388872963578741,-0.43158270315029174,0.48439062094920304,-0.7964760540058492,0.2713723403659862,0.18027276198417858
ARFGEF2,6,dimgrey,dimgrey,2,0.7875116693261421,-0.6966763836955723,0.4458797522995836,-0.7028042961445217,0.47266173239060155,0.46348121297597406
MTSS1,6,dimgrey,dimgrey,2,0.6157879107093037,-0.5322384863063047,0.40033778130328573,-0.740758663287341,0.5063370870452801,0.33463480630797643
TMEM245,6,dimgrey,dimgrey,2,0.36789389457566557,-0.4170031404773655,0.006422683048067363,-0.5012126930450896,0.6366118378723169,0.365789499607075
SEPHS2,6,dimgrey,dimgrey,2,0.24815410179828482,-0.3628066330926998,-0.16870333949101352,-0.3441186172519514,0.17918907300017126,0.3735164278840783
XPO1,6,dimgrey,dimgrey,2,0.42681873715503454,-0.5611697595258205,-0.22499459409857572,-0.2881007761763271,0.43922959566767905,0.6043298080207122
PCBP2,6,dimgrey,dimgrey,2,-0.00708170895143177,-0.09575606472089157,-0.2255052346658719,-0.32742312375695415,0.6075022396595855,0.1781983001817317
SEL1L,6,dimgrey,dimgrey,2,0.41932882202960775,-0.5574916761404219,-0.23456378807485068,-0.28763664027144425,0.5074511833984795,0.5990164749797441
BRWD1,6,dimgrey,dimgrey,2,0.37100238612933456,-0.5451498289218373,-0.3339669983771853,-0.18650122543776684,0.3380501962944708,0.6208156763549733
CFLAR,6,dimgrey,dimgrey,2,0.42718289389273323,-0.5998464220707,-0.359182119377437,0.2803239035961117,-0.5858806505787797,0.6886662880866068
LINC01473,6,dimgrey,dimgrey,2,0.7272415594195891,-0.9114391018032058,-0.37713796207221595,0.2671834354843149,0.1221515033229994,0.998709671170274
ZFR,6,dimgrey,dimgrey,2,0.44561307147298435,-0.6000868053012092,-0.3872427071451077,0.48843098054379847,-0.20929709910628866,0.7351439339518161
NUCKS1,6,dimgrey,dimgrey,2,0.3176004586247766,-0.4921292308002014,-0.3882654300805734,-0.08970593904493179,0.6734601078110769,0.6127916636226425
DDX39B,6,dimgrey,dimgrey,2,0.7093851175404847,-0.9001173944985493,-0.397321622686275,0.2871790544571251,0.06277923560902134,0.9974162534849664
HUWE1,5,dimgrey,dimgrey,2,0.7113885946053893,-0.903698050930413,-0.3984419960704238,0.2711383338930026,0.12092146656526855,0.997777614382018
SLC23A2,6,dimgrey,dimgrey,2,0.7024413522929418,-0.8944210502717965,-0.40632408260007863,0.29088446730216816,0.15401875650528885,0.9958871850632595
G3BP1,6,dimgrey,dimgrey,2,0.4466267865014054,-0.6073750906788419,-0.42212468598376973,0.5816365647202332,-0.11320966103158268,0.75660173448077
MACF1,6,dimgrey,dimgrey,2,0.6798052727086457,-0.8816459332219738,-0.4245671780018528,0.2328026995991114,0.17690761664670018,0.9896404467115361
ETFA,6,dimgrey,dimgrey,2,0.41108895124675937,-0.6156002375315404,-0.4247602490234553,-0.0537316345203276,0.25676433549550537,0.7309262841726241
CHCHD3,6,dimgrey,dimgrey,2,0.6792832588036622,-0.8783277521071478,-0.43159214777728033,0.35120558320687545,0.022955689850716186,0.9917654369405579
ADAR,6,dimgrey,dimgrey,2,0.37958990137710996,-0.5843332914831729,-0.43469664082852444,-0.060140808406924644,0.41959960794496604,0.7028579872795635
CSDE1,5,dimgrey,dimgrey,2,0.6724158322212523,-0.8803247322989204,-0.4455772659801415,0.28420099391856474,0.12989199106103172,0.9953045785017761
AGXT,5,dimgrey,dimgrey,2,0.6678714096401934,-0.8738984032103542,-0.4499567115741485,0.3159364149667505,0.16461587778048387,0.9932659123804515
APOA2,6,dimgrey,dimgrey,2,0.6672350443557864,-0.8771098012719538,-0.45144848450804453,0.31292390663900793,0.04039651473855955,0.9942048678603556
LEPR,5,dimgrey,dimgrey,2,0.6638794700898373,-0.8740027287940795,-0.455256595070434,0.3104780845966099,0.12852875349104548,0.9915358542143293
TNS3,5,dimgrey,dimgrey,2,0.6574093946400683,-0.8688393992748263,-0.4640941616021911,0.3476449001844533,0.04533169995036695,0.9936220670930388
FGG,5,dimgrey,dimgrey,2,0.6490556476616401,-0.8599858120663467,-0.46601551195463436,0.384991720537093,-0.03567245834914764,0.9853657933321102
ROCK2,5,dimgrey,dimgrey,2,0.649727502223696,-0.8636582454043271,-0.4689730273666028,0.3526188954011989,-0.004760873921371581,0.9893497124794677
PDIA4,5,dimgrey,dimgrey,2,0.6395432318996975,-0.8535660602758888,-0.47015768319145806,0.3449484999340192,-0.02308029832097567,0.9823198434617579
MON2,6,dimgrey,dimgrey,2,0.6344909615219999,-0.854378778991863,-0.4728001040078635,0.2612660049231699,0.07080521757782002,0.9795372423137676
SMG1,6,dimgrey,dimgrey,2,0.47969671193472985,-0.690479884053969,-0.4733787526607819,0.4195628725569627,-0.43550209521802025,0.8200357838841553
HNRNPH1,6,dimgrey,dimgrey,2,0.6400695953680091,-0.8591434774045824,-0.4737407793997327,0.2756913603208812,0.1333911186917177,0.9825278513432958
PPP1R12A,6,dimgrey,dimgrey,2,0.633614447015063,-0.84548418923426,-0.48274474806362405,0.4205214557091451,0.03698237419235054,0.9826882756343467
USP47,6,dimgrey,dimgrey,2,0.6297189337004953,-0.8463692331025782,-0.4839472963582301,0.3563431861512671,0.14505665355599462,0.9760679062480303
HELZ,6,dimgrey,dimgrey,2,-0.1826530276060027,6.980789749107952e-05,-0.4874269784167901,-0.06044270411562917,0.6723590456746885,0.18462100221898511
VTN,5,dimgrey,dimgrey,2,0.6363402206264179,-0.8524105557037891,-0.4880357055944026,0.37863861303663937,0.123065396154573,0.9889328437616802
WAC,6,dimgrey,dimgrey,2,0.6137465599351787,-0.8288179079915682,-0.4932575724239989,0.3655736001226397,0.25502885515577595,0.9691985973858
APLP2,5,dimgrey,dimgrey,2,0.6115895721432267,-0.8346444396431295,-0.4983117431812588,0.30855654486018214,0.2243574406286958,0.9707531471169383
URI1,6,dimgrey,dimgrey,2,0.6063547536886406,-0.8281872713373064,-0.5057109992478712,0.36763347133997204,0.07965137126103282,0.9769159631703792
CYP2E1,5,dimgrey,dimgrey,2,0.6223161105235379,-0.8465596657097171,-0.5062622337177298,0.36696405522359343,0.10527150952409377,0.9889824286768822
AVL9,6,dimgrey,dimgrey,2,0.595609185709219,-0.8257689851255152,-0.5145751554215939,0.31446542363815927,0.061197945657538014,0.9728814730970236
APOH,5,dimgrey,dimgrey,2,0.6136457540834344,-0.8412531550866219,-0.5148348186003692,0.36332568518643893,0.11703562071646771,0.9861019342112121
EHBP1,6,dimgrey,dimgrey,2,0.5915907810611566,-0.8171199849017095,-0.5246876075721771,0.4085288324840055,0.1888923987165673,0.9687256745874745
FBXW11,6,dimgrey,dimgrey,2,0.5917998404483445,-0.8212592141117904,-0.5251499688471115,0.4327786789565418,-0.04939746512886485,0.9696751556126945
GC,5,dimgrey,dimgrey,2,0.5812058348452466,-0.801241383495623,-0.5258468403091457,0.4811461360111358,0.1336759602183571,0.9595677559798805
FGL1,5,dimgrey,dimgrey,2,0.5769895825563076,-0.8023744453227656,-0.5287879145183475,0.4838569629772895,-0.08508653050814494,0.9599319008408439
XRN1,6,dimgrey,dimgrey,2,0.5706956683631143,-0.7971866419291007,-0.5324461051596714,0.3726393903836533,0.2405549475405144,0.9608665549759208
PLG,5,dimgrey,dimgrey,2,0.5925573774884915,-0.8252544126242806,-0.5367070821723587,0.39608540705256273,0.12688774553756388,0.9804429117951077
PTPRG,5,dimgrey,dimgrey,2,0.5900961012014982,-0.8209726124002589,-0.5368926580825453,0.44399705917850685,0.03561299567499039,0.9774457001033251
CFH,5,dimgrey,dimgrey,2,0.5800806736558972,-0.8102309260147718,-0.5389438182448072,0.464357297079548,0.03741171215693302,0.9666380477456428
CNOT4,6,dimgrey,dimgrey,2,0.3675195463255652,-0.5743555947238486,-0.542559758194745,0.6417391419489409,0.014313743640930342,0.7459921535977838
CCNY,6,dimgrey,dimgrey,2,0.5825402810639609,-0.8202041349718046,-0.5448532284682885,0.375926570591103,0.07163207380187289,0.9792022702970624
PIAS1,6,dimgrey,dimgrey,2,0.5284669892888131,-0.7563870787635021,-0.5449525025230776,0.3711683631528003,0.3831005082588791,0.92218819387521
TRPC4AP,6,dimgrey,dimgrey,2,0.5797156564244151,-0.8122792222757215,-0.5452083499165941,0.45483733735940735,0.06324625032950774,0.972021197270223
SELENOP,5,dimgrey,dimgrey,2,0.5805247888980636,-0.8182977292634824,-0.5489393771597041,0.37956109939949656,0.13076653786037867,0.979400964766691
DAP,5,dimgrey,dimgrey,2,0.571250307365598,-0.8106710971552883,-0.5505068003850041,0.3544194281007278,0.1184617318029512,0.9738024788820064
GATAD2B,6,dimgrey,dimgrey,2,0.4160876121615874,-0.6342969943222573,-0.5583736465884683,0.5869179041631701,0.11892602433205202,0.8083253738248921
LYST,6,dimgrey,dimgrey,2,0.5126235026815328,-0.7571230278972244,-0.5602058432385295,0.29666060158910984,0.06445553994678165,0.9270539517095192
HDAC4,5,dimgrey,dimgrey,2,0.5692385893494467,-0.8103854779864699,-0.5605415274682245,0.39666568799315094,0.0969832227725127,0.9771386313311399
SEC31A,6,dimgrey,dimgrey,2,0.20549645899142105,-0.39595421891260246,-0.5627414515760218,0.7654304083310258,0.10738254459626959,0.6013273279323426
BCKDHB,6,dimgrey,dimgrey,2,0.2511916628697535,-0.4891360853383124,-0.5654872914713519,0.09756303765252364,0.5026601067754852,0.6665486585021552
MED13L,6,dimgrey,dimgrey,2,0.3005150419328228,-0.5405254776759874,-0.5665570607665044,0.3493494234923257,-0.10986893285970772,0.7027594057850772
BCLAF1,6,dimgrey,dimgrey,2,0.5246708188099881,-0.7676202579331887,-0.5763872326197931,0.37465977494030045,0.29663895319088923,0.9418356422756261
PRDX6,5,dimgrey,dimgrey,2,0.533751905221024,-0.7810881130679994,-0.5772091701881545,0.44152902044019116,-0.058539902324455405,0.950412198829451
LMAN1,5,dimgrey,dimgrey,2,0.5114108165964976,-0.7436989262171003,-0.5801414242738484,0.5412094274680765,0.17552872274797776,0.929899970696341
FGGY,5,dimgrey,dimgrey,2,0.5458947484205794,-0.7872100286577121,-0.5801614905160754,0.4873539068122803,0.06994859500937824,0.9663290330266734
LONP2,5,dimgrey,dimgrey,2,0.5500118281708116,-0.7970731894350557,-0.5803201343303699,0.4230078922236723,0.07243568364520962,0.9714388106513878
WWP1,5,dimgrey,dimgrey,2,0.5498806790475974,-0.7967561165734207,-0.5809481679642611,0.4224729176125475,0.09095571052218943,0.9718283298652325
MCL1,6,dimgrey,dimgrey,2,0.2194033082042888,-0.4557991991848252,-0.5863271361560886,0.13260899320489425,0.5415871820957477,0.6607134967489391
SUMF1,6,dimgrey,dimgrey,2,0.5148853440215742,-0.7607629495612002,-0.6027530931899383,0.49427674131199584,0.1795169206942748,0.9512626830777522
SLC2A2,5,dimgrey,dimgrey,2,0.49901453116538746,-0.7537127419643123,-0.6147666177443226,0.4083156221527513,0.24290953063462453,0.9479210459495223
TFG,5,dimgrey,dimgrey,2,0.5120246366223576,-0.7690442508941727,-0.6152148791518395,0.4604864193633737,0.047150408338065074,0.9587269416446433
YWHAZ,6,dimgrey,dimgrey,2,0.5011244824783563,-0.7513828939066556,-0.6183886592783034,0.5303121560456344,0.10318776565379348,0.9493377610669426
RCOR3,5,dimgrey,dimgrey,2,0.5038329566959922,-0.7618011664959825,-0.620214166540273,0.44734879205742384,0.13837754443287928,0.9530626765576043
IBTK,5,dimgrey,dimgrey,2,0.4975491142263083,-0.7582128790393872,-0.6233011750961803,0.4256324392528438,0.1350282191904718,0.9497397562482928
TBL1X,5,dimgrey,dimgrey,2,0.5005172283107895,-0.7604285239335498,-0.6238613368403316,0.42854573656782696,0.1468900017779156,0.9546523306347674
MKLN1,6,dimgrey,dimgrey,2,0.4806329195325873,-0.7415901200837756,-0.6240731782070169,0.402423164231329,0.08165581825054632,0.9393604998799162
GPBP1L1,5,dimgrey,dimgrey,2,0.4992070079599487,-0.7550463665659751,-0.6257830125268313,0.5049212385659644,0.1067186947258663,0.9520780791083702
ALDH1A1,5,dimgrey,dimgrey,2,0.48755686484771144,-0.7439429633295864,-0.6329300501775555,0.5225095386967638,0.12161871369297318,0.9451912163319475
RNGTT,5,dimgrey,dimgrey,2,0.4862414969849366,-0.749636627767227,-0.6376158851587401,0.44854946910301086,0.14090185077916023,0.9501194454264688
GPCPD1,6,dimgrey,dimgrey,2,0.2510644762001323,-0.5204191545642266,-0.6410912740606054,0.24508154680362468,0.05819707118825977,0.7197006044123279
MAPK8,6,dimgrey,dimgrey,2,0.4757497360439999,-0.7365232126382648,-0.6447409426628591,0.5108366580190506,0.09657911879204988,0.9460956207382403
OTULIN,5,dimgrey,dimgrey,2,0.47427836430192305,-0.7350785698394487,-0.6467724517236493,0.5128507080889334,0.15001142543758092,0.9441535919573631
HGD,5,dimgrey,dimgrey,2,0.44243477026454525,-0.699136553837261,-0.6535294232347092,0.6056315125567101,0.08040651372660246,0.9131117345450908
IGFBP4,5,dimgrey,dimgrey,2,0.46738275758713754,-0.7323793374875297,-0.6555476377162147,0.5093524151449729,0.12808424271390229,0.9437309794951858
SEM1,5,dimgrey,dimgrey,2,0.46035952540350167,-0.7305428368455722,-0.6609211148719318,0.4844179829404116,0.07582643647441907,0.9413079890015311
PAK2,6,dimgrey,dimgrey,2,0.1616765893695101,-0.43321400830424833,-0.664062459567623,0.3387201549717521,-0.17124185828386743,0.6454497286482741
ATG10,5,dimgrey,dimgrey,2,0.4503720824987167,-0.720268861055763,-0.6664435884209206,0.5189282319485853,0.018376009232594116,0.9362614548220568
DYM,6,dimgrey,dimgrey,2,0.43950646170966,-0.7112225371114883,-0.6788665733023138,0.536106813744186,0.10443793259427371,0.9322293097487646
ZKSCAN1,6,dimgrey,dimgrey,2,0.2532195510004123,-0.49530353261942295,-0.680142671096091,0.6884207182891857,0.33126874786487065,0.7433362817663691
TSC22D1,6,dimgrey,dimgrey,2,0.21399016358898793,-0.45670282773965526,-0.6822704625944598,0.7789549666177967,0.037862811742307344,0.6983225069625013
SLC20A2,5,dimgrey,dimgrey,2,0.41030615377224305,-0.6894913629118252,-0.6922479719400112,0.5271148546172574,0.010225615430369902,0.9119197969272664
RAB6A,6,dimgrey,dimgrey,2,0.06763168849994701,-0.30092732222706126,-0.6964928406671231,0.6431111482528497,0.5381676684304711,0.5763707111189986
IMPAD1,5,dimgrey,dimgrey,2,0.39304573218022937,-0.6684774569587725,-0.7091386759540831,0.60191490475624,0.09598253423984421,0.9094082943559744
PTGR1,5,dimgrey,dimgrey,2,0.23280670399202014,-0.512425961716437,-0.7221787047174634,0.597308804051652,-0.08382892244237847,0.7490353005420768
FNDC3A,6,dimgrey,dimgrey,2,0.3655262790905218,-0.6454701476670174,-0.7282645190797429,0.6180852142083342,0.10792637027906062,0.8963652608411283
FOXO3,6,dimgrey,dimgrey,2,-0.12454147261012162,-0.13630868954373287,-0.7386587227251309,0.5093422188650063,-0.13537874377654568,0.4336895987084232
SPPL2A,6,dimgrey,dimgrey,2,0.3028843043875598,-0.596735586425002,-0.7468845083193169,0.5796490393224834,-0.12141727913746474,0.8458918947599373
ZBTB38,5,dimgrey,dimgrey,2,0.332376562213858,-0.6234708237943208,-0.7539331103491979,0.6071600603531864,0.03021387582280001,0.8838721200470234
LINC01578,6,dimgrey,dimgrey,2,-0.09832931181329302,-0.16681299581896844,-0.7683431374730566,0.5262605376474411,0.20715335414116343,0.4814808334655612
ANKS1A,6,dimgrey,dimgrey,2,0.03589181936264271,-0.3284588413630683,-0.7697078561656595,0.5156371336767153,-0.05419960488475209,0.5905865910384663
NCL,6,dimgrey,dimgrey,2,-0.2283398170488587,-0.03990819595317759,-0.7759420965425543,0.48285215810642806,0.013480690067423506,0.35863748271904794
MRTFA,6,dimgrey,dimgrey,2,0.05267045465679665,-0.3455725239284063,-0.7926161441703722,0.6729743580912753,-0.14672829934883344,0.6210066584302936
CEP350,6,dimgrey,dimgrey,2,0.1861598931331748,-0.49333447504971223,-0.8030354160523833,0.49222108179983043,0.15706328866305438,0.7806288282849452
SLC25A3,5,dimgrey,dimgrey,2,0.23982500893224973,-0.550622468355106,-0.8075709308457389,0.568728850744164,0.05561817706809479,0.8313100449408054
SLC30A10,5,dimgrey,dimgrey,2,0.18717322268878991,-0.50078932485438,-0.8133897374724341,0.5465315234990167,0.029556616579281596,0.7803585180813722
TGOLN2,6,dimgrey,dimgrey,2,0.22567587463822072,-0.5344454028392479,-0.8135560532586318,0.5846170385607411,0.0991715951105504,0.8243817780910346
C1ORF43,5,dimgrey,dimgrey,2,0.1559962566738743,-0.46902907793402665,-0.8219194396701073,0.6112070879922434,-0.13314597772636008,0.7567621029452756
FUS,6,dimgrey,dimgrey,2,-0.09222187244045563,-0.21698720325057416,-0.8580243372846162,0.6912449350591919,-0.3279332709540718,0.5376652826818701
WNK1,6,dimgrey,dimgrey,2,-0.2247603562333536,-0.07259485916861966,-0.8689141886088242,0.8246739694936643,-0.3983020977313573,0.40740077984506995
CHCHD2,5,dimgrey,dimgrey,2,0.1393956559574037,-0.4623925965554673,-0.8713616255531892,0.6548072346064063,0.10049606471440527,0.7773091869376549
IL6R,5,dimgrey,dimgrey,2,0.09535445622296573,-0.41687558106415284,-0.8720238280744128,0.5913753244275798,0.2139017284515079,0.7381422252752107
MPC2,5,dimgrey,dimgrey,2,-0.0006143227418972007,-0.32684263959920395,-0.8877209577531189,0.6318560977759968,-0.03734197033141254,0.6471686920284178
ALDH1L1,5,dimgrey,dimgrey,2,0.06961015349089147,-0.3914233607862584,-0.8911295498788327,0.6606255768297266,0.25031306006306486,0.7241189195961188
UBXN4,6,dimgrey,dimgrey,2,-0.06065068279517429,-0.27351912499372155,-0.945231635240312,0.7076599928486282,0.16257759263047553,0.6348178635020189
