"","motif","observed","background","percent.observed","percent.background","fold.enrichment","pvalue","motif.name","p.adjust"
"MA1517.1","MA1517.1",28,7825,75.6756756756757,19.5625,3.86840514636042,2.64945058188589e-13,"KLF6",1.83341980266504e-10
"MA0079.5","MA0079.5",31,10704,83.7837837837838,26.76,3.13093362420717,6.68910691824801e-13,"SP1",2.31443099371381e-10
"MA1515.1","MA1515.1",29,9839,78.3783783783784,24.5975,3.18643676708521,9.3180758733104e-12,"KLF2",2.1493695014436e-09
"MA1959.1","MA1959.1",28,9608,75.6756756756757,24.02,3.15052771339199,5.13826471784264e-11,"KLF7",5.88401434538217e-09
"MA0685.2","MA0685.2",31,12477,83.7837837837838,31.1925,2.68602336407097,5.44941526910653e-11,"SP4",5.88401434538217e-09
"MA0740.2","MA0740.2",29,10543,78.3783783783784,26.3575,2.9736651191645,5.7909480851879e-11,"KLF14",5.88401434538217e-09
"MA0741.1","MA0741.1",29,10554,78.3783783783784,26.385,2.97056579034976,5.95203763261202e-11,"KLF16",5.88401434538217e-09
"MA0732.1","MA0732.1",22,5534,59.4594594594595,13.835,4.29775637581926,1.37400922249105e-10,"EGR3",1.17139197714346e-08
"MA0733.1","MA0733.1",22,5563,59.4594594594595,13.9075,4.27535210925468,1.5234866754756e-10,"EGR4",1.17139197714346e-08
"MA0747.1","MA0747.1",27,9294,72.972972972973,23.235,3.14064871844084,2.08162715602325e-10,"SP8",1.44048599196809e-08
"MA1512.1","MA1512.1",26,8552,70.2702702702703,21.38,3.28672919879655,2.52948912983565e-10,"KLF11",1.59127861622388e-08
"MA1976.1","MA1976.1",28,10497,75.6756756756757,26.2425,2.8837067991112,4.76511980485445e-10,"ZNF320",2.74788575413273e-08
"MA1965.1","MA1965.1",29,11522,78.3783783783784,28.805,2.72099907579859,5.9002472397986e-10,"SP5",3.14074699226203e-08
"MA0742.2","MA0742.2",27,9836,72.972972972973,24.59,2.96758735148324,8.13816690886255e-10,"KLF12",4.02257964352349e-08
"MA1564.1","MA1564.1",27,9989,72.972972972973,24.9725,2.92213326551098,1.17710364183315e-09,"SP9",5.43037146765694e-08
"MA0493.2","MA0493.2",29,12031,78.3783783783784,30.0775,2.60588075399812,1.80504482354886e-09,"KLF1",7.80681886184884e-08
"MA1511.2","MA1511.2",28,11106,75.6756756756757,27.765,2.72557809024584,1.93805531017105e-09,"KLF10",7.88902514493156e-08
"MA1961.1","MA1961.1",29,12207,78.3783783783784,30.5175,2.56830927757445,2.62307019597066e-09,"PATZ1",1.00842476422872e-07
"MA1630.2","MA1630.2",29,12528,78.3783783783784,31.32,2.5025025025025,5.10316432886713e-09,"ZNF281",1.85862616609266e-07
"MA0073.1","MA0073.1",26,9797,70.2702702702703,24.4925,2.8690525781472,5.71430480079416e-09,"RREB1",1.97714946107478e-07
"MA0746.2","MA0746.2",26,9852,70.2702702702703,24.63,2.85303573975925,6.4866679928258e-09,"SP3",2.13751154811212e-07
"MA1107.2","MA1107.2",27,11092,72.972972972973,27.73,2.63155329870079,1.40129499749969e-08,"KLF9",4.28883946335664e-07
"MA1513.1","MA1513.1",26,10202,70.2702702702703,25.505,2.75515664655049,1.42548132452605e-08,"KLF15",4.28883946335664e-07
"MA0162.4","MA0162.4",24,8598,64.8648648648649,21.495,3.0176722430735,1.65567269970463e-08,"EGR1",4.77385628414834e-07
"MA1723.1","MA1723.1",31,15471,83.7837837837838,38.6775,2.16621508070025,2.24062031952862e-08,"PRDM9",6.20203704445522e-07
"MA0516.3","MA0516.3",26,10429,70.2702702702703,26.0725,2.69518727664283,2.33478241398694e-08,"SP2",6.21411319414984e-07
"MA1653.1","MA1653.1",28,12404,75.6756756756757,31.01,2.44036361417851,2.90389163399812e-08,"ZNF148",7.44256670639518e-07
"MA0039.4","MA0039.4",28,12496,75.6756756756757,31.24,2.42239678859397,3.47220639295913e-08,"KLF4",8.58131008545613e-07
"MA1973.1","MA1973.1",17,4236,45.945945945946,10.59,4.33861623663323,5.05320848275899e-08,"ZKSCAN3",1.20580009312732e-06
"MA0599.1","MA0599.1",27,12179,72.972972972973,30.4475,2.39668192702104,1.22145015463635e-07,"KLF5",2.81747835669451e-06
"MA0163.1","MA0163.1",19,5800,51.3513513513513,14.5,3.54147250698975,1.4175276760219e-07,"PLAG1",3.16428758647469e-06
"MA1981.1","MA1981.1",26,11728,70.2702702702703,29.32,2.39666678957266,3.11176917461357e-07,"ZNF530",6.72920084010184e-06
"MA1102.2","MA1102.2",21,7905,56.7567567567568,19.7625,2.87194215087953,7.41450019466439e-07,"CTCFL",1.55479822263871e-05
"MA1522.1","MA1522.1",24,10554,64.8648648648649,26.385,2.45839927477221,1.03901368490564e-06,"MAZ",2.11469844104325e-05
"MA1648.1","MA1648.1",18,6003,48.6486486486487,15.0075,3.24162243202723,1.43000410113078e-06,"TCF12",2.75915871222754e-05
"MA1721.1","MA1721.1",22,9017,59.4594594594595,22.5425,2.63766039522943,1.43540048612993e-06,"ZNF93",2.75915871222754e-05
"MA1631.1","MA1631.1",19,6722,51.3513513513513,16.805,3.0557186165636,1.48413142325456e-06,"ASCL1.1",2.77572687808691e-05
"MA0830.2","MA0830.2",18,6067,48.6486486486487,15.1675,3.20742697535181,1.67463303556065e-06,"TCF4",3.04959489633676e-05
"MA1731.1","MA1731.1",19,6903,51.3513513513513,17.2575,2.97559619593518,2.24573150255856e-06,"ZNF768",3.90589355959759e-05
"MA1716.1","MA1716.1",16,4859,43.2432432432432,12.1475,3.55984714906304,2.25774194196393e-06,"ZNF76",3.90589355959759e-05
"MA0753.2","MA0753.2",16,5012,43.2432432432432,12.53,3.45117663553418,3.40961427992063e-06,"ZNF740",5.75476361391481e-05
"MA0522.3","MA0522.3",17,5826,45.945945945946,14.565,3.15454486412262,4.94289665284378e-06,"TCF3",8.14401067563784e-05
"MA0736.1","MA0736.1",11,2360,29.7297297297297,5.9,5.03893724232707,6.02580807462685e-06,"GLIS2",9.69734694800414e-05
"MA1650.1","MA1650.1",15,4629,40.5405405405405,11.5725,3.50317913506507,6.70303534531689e-06,"ZBTB14",0.000105420464976348
"MA1149.1","MA1149.1",14,4026,37.8378378378378,10.065,3.7593480216431,6.912806677794e-06,"RARA::RXRG",0.000106303604911854
"MA1637.1","MA1637.1",15,4664,40.5405405405405,11.66,3.4768902693431,7.3575052383385e-06,"EBF3",0.000110682470107179
"MA1514.1","MA1514.1",18,6816,48.6486486486487,17.04,2.85496764370004,9.2140234262289e-06,"KLF17",0.000135661791722349
"MA0472.2","MA0472.2",12,2996,32.4324324324324,7.49,4.33009778804171,9.59677152956609e-06,"EGR2",0.000138353456217911
"MA1652.1","MA1652.1",22,10066,59.4594594594595,25.165,2.36278400395229,1.00074909157234e-05,"ZKSCAN5",0.000141330279871033
"MA0750.2","MA0750.2",15,4847,40.5405405405405,12.1175,3.34561919047168,1.18112035967692e-05,"ZBTB7A",0.000162417203551895
"MA1713.1","MA1713.1",19,7701,51.3513513513513,19.2525,2.6672562706844,1.1970054018998e-05,"ZNF610",0.000162417203551895
"MA0751.1","MA0751.1",13,3693,35.1351351351351,9.2325,3.80559275766424,1.46904870120902e-05,"ZIC4",0.000195496481007047
"MA1584.1","MA1584.1",13,3830,35.1351351351351,9.575,3.66946581045798,2.17366514000141e-05,"ZIC5",0.000283806844694524
"MA0154.4","MA0154.4",14,4571,37.8378378378378,11.4275,3.31112122842598,2.9749156148484e-05,"EBF1",0.000381229926939833
"MA0811.1","MA0811.1",12,3457,32.4324324324324,8.6425,3.75266791234393,4.03821462897886e-05,"TFAP2B",0.000508080822409704
"MA0471.2","MA0471.2",19,8449,51.3513513513513,21.1225,2.43112090668014,4.72620463887397e-05,"E2F6",0.000584023858946569
"MA1599.1","MA1599.1",17,6917,45.945945945946,17.2925,2.65698689871019,5.04882010983746e-05,"ZNF682",0.000612944476492547
"MA1929.1","MA1929.1",20,9379,54.0540540540541,23.4475,2.30532270195347,5.57833639987355e-05,"CTCF.1",0.000665553239433189
"MA0810.1","MA0810.1",13,4256,35.1351351351351,10.64,3.30217435480593,6.62942765398165e-05,"TFAP2A",0.000762529462231074
"MA1516.1","MA1516.1",15,5598,40.5405405405405,13.995,2.89678746270386,6.65528827200068e-05,"KLF3",0.000762529462231074
"MA1558.1","MA1558.1",14,4916,37.8378378378378,12.29,3.07875002748884,6.72171924799069e-05,"SNAI1",0.000762529462231074
"MA1099.2","MA1099.2",10,2733,27.027027027027,6.8325,3.95565708408738,0.000137269333570073,"HES1",0.00153210288436275
"MA0130.1","MA0130.1",28,18099,75.6756756756757,45.2475,1.67248302504394,0.000164719553280129,"ZNF354C",0.0018093004899976
"MA0735.1","MA0735.1",7,1351,18.9189189189189,3.3775,5.60145637865845,0.000209019097147591,"GLIS1",0.00225952964403309
"MA0524.2","MA0524.2",11,3475,29.7297297297297,8.6875,3.42212716313436,0.000212362854780082,"TFAP2C",0.00225952964403309
"MA1982.1","MA1982.1",12,4117,32.4324324324324,10.2925,3.15107431940077,0.00021874865535,"ZNF574",0.00225952964403309
"MA1712.1","MA1712.1",18,8564,48.6486486486487,21.41,2.27223954454221,0.000218769488656383,"ZNF454",0.00225952964403309
"MA0492.1","MA0492.1",10,2924,27.027027027027,7.31,3.69726771915554,0.000238767691600698,"JUND",0.00242981239099534
"MA0112.3","MA0112.3",8,1878,21.6216216216216,4.695,4.60524422185764,0.000264948379312684,"ESR1",0.002650560917038
"MA0651.2","MA0651.2",5,627,13.5135135135135,1.5675,8.6210612526402,0.000268120323977833,"HOXC11",0.002650560917038
"MA0103.3","MA0103.3",14,5663,37.8378378378378,14.1575,2.67263555273444,0.00031162639466538,"ZEB1",0.0030372600719499
"MA0155.1","MA0155.1",14,5706,37.8378378378378,14.265,2.65249476605943,0.000337567341534979,"INSM1",0.00322917962250258
"MA0632.2","MA0632.2",11,3668,29.7297297297297,9.17,3.2420643107666,0.000340650451506775,"TCFL5",0.00322917962250258
"MA1596.1","MA1596.1",22,12571,59.4594594594595,31.4275,1.8919563904052,0.000397098553873066,"ZNF460",0.00371340809838056
"MA0778.1","MA0778.1",8,2027,21.6216216216216,5.0675,4.26672355631408,0.000442680348745676,"NFKB2",0.00403112904472092
"MA0258.2","MA0258.2",11,3781,29.7297297297297,9.4525,3.14517109015919,0.000442725155200564,"ESR2",0.00403112904472092
"MA0105.4","MA0105.4",8,2046,21.6216216216216,5.115,4.22710100129455,0.000471081755674,"NFKB1",0.0042020145636993
"MA1717.1","MA1717.1",6,1098,16.2162162162162,2.745,5.90754689115345,0.000473637479723331,"ZNF784",0.0042020145636993
"MA0486.2","MA0486.2",8,2054,21.6216216216216,5.135,4.21063712202953,0.000483477887631079,"HSF1",0.00423502149671781
"MA0872.1","MA0872.1",10,3203,27.027027027027,8.0075,3.37521411514543,0.000496585385118866,"TFAP2A.1",0.00429546358127819
"MA0738.1","MA0738.1",10,3215,27.027027027027,8.0375,3.36261611533773,0.00051153930670537,"HIC2",0.00437018765728538
"MA1986.1","MA1986.1",12,4527,32.4324324324324,11.3175,2.8656887503806,0.000529093766915642,"ZNF692",0.00446503520372713
"MA0592.3","MA0592.3",10,3275,27.027027027027,8.1875,3.30101093459872,0.000592098091603358,"ESRRA",0.00493652866734366
"MA0814.2","MA0814.2",14,6185,37.8378378378378,15.4625,2.44707116170334,0.000780216666674546,"TFAP2C.2",0.00642749920641412
"MA0812.1","MA0812.1",10,3450,27.027027027027,8.625,3.13356835095966,0.000890003926043009,"TFAP2B.1",0.0072456790214325
"MA0731.1","MA0731.1",8,2260,21.6216216216216,5.65,3.82683568524276,0.000907085729737152,"BCL6B",0.00729887587183848
"MA0813.1","MA0813.1",10,3530,27.027027027027,8.825,3.06255263762346,0.00106281305387666,"TFAP2B.2",0.00845363946301898
"MA0597.2","MA0597.2",15,7217,40.5405405405405,18.0425,2.24694696081699,0.00115315438280503,"THAP1",0.00902268503199252
"MA1559.1","MA1559.1",11,4238,29.7297297297297,10.595,2.80601507595373,0.00116043203446147,"SNAI3",0.00902268503199252
"MA0076.2","MA0076.2",11,4247,29.7297297297297,10.6175,2.80006872895971,0.00118099802461879,"ELK4",0.00908056258929118
"MA1554.1","MA1554.1",6,1334,16.2162162162162,3.335,4.86243364804085,0.00130368497115502,"RFX7",0.00991373626416783
"MA0613.1","MA0613.1",9,3023,24.3243243243243,7.5575,3.2185675586271,0.00141483175148592,"FOXG1",0.0106419953481332
"MA0867.2","MA0867.2",10,3670,27.027027027027,9.175,2.9457250165697,0.00143195859037287,"SOX4",0.01065500370471
"MA0517.1","MA0517.1",15,7394,40.5405405405405,18.485,2.19315880662919,0.00149025852758319,"STAT1::STAT2",0.0108791339221668
"MA1475.1","MA1475.1",6,1370,16.2162162162162,3.425,4.73466166896824,0.00149352272052868,"CREB3L4.1",0.0108791339221668
"MA0159.1","MA0159.1",10,3718,27.027027027027,9.295,2.90769521538752,0.00158058620062329,"RARA::RXRA",0.0113341809559265
"MA1121.1","MA1121.1",8,2469,21.6216216216216,6.1725,3.50289536194761,0.00160349453184875,"TEAD2",0.0113341809559265
"MA0815.1","MA0815.1",9,3078,24.3243243243243,7.695,3.16105579263474,0.00160512967294913,"TFAP2C.1",0.0113341809559265
"MA0473.3","MA0473.3",17,9151,45.945945945946,22.8775,2.0083464515767,0.00165096253655793,"ELF1",0.0115400613666473
"MA0488.1","MA0488.1",9,3103,24.3243243243243,7.7575,3.13558805340952,0.00169824935661649,"JUN",0.0117518855477861
"MA0737.1","MA0737.1",7,1950,18.9189189189189,4.875,3.88080388080388,0.00183740262828263,"GLIS3",0.0125889368195206
"MA0032.2","MA0032.2",9,3189,24.3243243243243,7.9725,3.0510284508403,0.00205265506950275,"FOXC1",0.0139258559617245
"MA1710.1","MA1710.1",17,9355,45.945945945946,23.3875,1.96455140335418,0.00213080250571089,"ZNF257",0.0141824142349
"MA1730.1","MA1730.1",12,5294,32.4324324324324,13.235,2.45050490611503,0.00213146109888671,"ZNF708",0.0141824142349
"MA1483.2","MA1483.2",9,3257,24.3243243243243,8.1425,2.9873287472305,0.00237332128735402,"ELF2",0.015641317436657
"MA0771.1","MA0771.1",7,2047,18.9189189189189,5.1175,3.69690648146926,0.00241989916452191,"HSF4",0.0157978322815959
"MA1103.2","MA1103.2",8,2647,21.6216216216216,6.6175,3.26733987482004,0.0024875093481022,"FOXK2",0.0160874436344553
"MA1602.1","MA1602.1",5,1046,13.5135135135135,2.615,5.16769159216578,0.00263633834953323,"ZSCAN29",0.0168920938692314
"MA1941.1","MA1941.1",11,4702,29.7297297297297,11.755,2.52911354570223,0.00269933373394296,"ETV2::FIGLA",0.0171370545310874
"MA1470.1","MA1470.1",5,1055,13.5135135135135,2.6375,5.12360701934162,0.00273547637386727,"BACH2.1",0.0172086331883287
"MA0031.1","MA0031.1",7,2098,18.9189189189189,5.245,3.6070388787262,0.00277893202340905,"FOXD1",0.017248800908665
"MA1129.1","MA1129.1",5,1060,13.5135135135135,2.65,5.09943906170321,0.00279171344186485,"FOSL1::JUN.1",0.017248800908665
"MA1985.1","MA1985.1",7,2119,18.9189189189189,5.2975,3.5712919148502,0.00293823555122218,"ZNF669",0.0179934424906704
"MA0641.1","MA0641.1",9,3371,24.3243243243243,8.4275,2.88630368725296,0.00300058674963128,"ELF4",0.0182140879889899
"MA0609.2","MA0609.2",6,1589,16.2162162162162,3.9725,4.08211861956355,0.00314424619431769,"CREM",0.018920159708416
"MA1987.1","MA1987.1",17,9838,45.945945945946,24.595,1.868101075257,0.00376780838654507,"ZNF701",0.0224769258921482
"MA0595.1","MA0595.1",8,2855,21.6216216216216,7.1375,3.02929900127799,0.00396842687686043,"SREBF1",0.0234713794768155
"MA0745.2","MA0745.2",10,4255,27.027027027027,10.6375,2.54073109537269,0.00428948279265778,"SNAI2",0.0251552719705016
"MA1127.1","MA1127.1",6,1741,16.2162162162162,4.3525,3.72572457581073,0.00491625629542846,"FOSB::JUN",0.0285886500540882
"MA0003.4","MA0003.4",12,5878,32.4324324324324,14.695,2.20703861397975,0.00514713407039037,"TFAP2A.2",0.0296818064725845
"MA1726.1","MA1726.1",12,5899,32.4324324324324,14.7475,2.19918172113459,0.00529999741298749,"ZNF331",0.030310729006507
"MA0847.3","MA0847.3",9,3694,24.3243243243243,9.235,2.63392791817264,0.00552225600497132,"FOXD2",0.0313229602904931
"MA1714.1","MA1714.1",9,3703,24.3243243243243,9.2575,2.62752625701586,0.00561096655243127,"ZNF675",0.0315673890592068
"MA1494.1","MA1494.1",7,2388,18.9189189189189,5.97,3.16899814387252,0.00566908102640711,"HNF4A",0.0316371295989816
"MA1934.1","MA1934.1",9,3734,24.3243243243243,9.335,2.60571230040968,0.00592513947878081,"ERF::FIGLA",0.0323889361124283
"MA0765.3","MA0765.3",7,2409,18.9189189189189,6.0225,3.1413730043867,0.00594344334201044,"ETV5",0.0323889361124283
"MA1145.1","MA1145.1",6,1811,16.2162162162162,4.5275,3.5817153431731,0.00594421226340808,"FOSL2::JUND.1",0.0323889361124283
"MA1136.1","MA1136.1",5,1271,13.5135135135135,3.1775,4.2528760074,0.00602053933219342,"FOSB::JUNB.1",0.0325485407646707
"MA1560.1","MA1560.1",5,1278,13.5135135135135,3.195,4.22958169437043,0.0061596178388912,"SOHLH2",0.0330422910427342
"MA0863.1","MA0863.1",6,1832,16.2162162162162,4.58,3.54065856249262,0.00628139437745964,"MTF1",0.0334363454554005
"MA1101.2","MA1101.2",7,2438,18.9189189189189,6.095,3.10400638538456,0.0063387191064223,"BACH2",0.0334839207759102
"MA0657.1","MA0657.1",8,3097,21.6216216216216,7.7425,2.7925891664994,0.00647616347180934,"KLF13",0.0339507963825156
"MA1106.1","MA1106.1",5,1307,13.5135135135135,3.2675,4.13573481668355,0.00676014989864043,"HIF1A",0.0351731107508209
"MA0028.2","MA0028.2",7,2501,18.9189189189189,6.2525,3.02581670034689,0.00726560310521539,"ELK1",0.037520875737381
"MA1938.1","MA1938.1",10,4594,27.027027027027,11.485,2.35324571415124,0.00738698239856859,"ERF::NHLH1",0.0377264996655591
"MA1151.1","MA1151.1",6,1897,16.2162162162162,4.7425,3.41933921269715,0.00741445658167058,"RORC",0.0377264996655591
"MA1140.2","MA1140.2",5,1340,13.5135135135135,3.35,4.03388463089956,0.00749256556281381,"JUNB",0.0378456596311471
"MA1556.1","MA1556.1",6,1913,16.2162162162162,4.7825,3.39074045294641,0.00771487516136384,"RXRG.1",0.0386861855917665
"MA0042.2","MA0042.2",6,1929,16.2162162162162,4.8225,3.36261611533773,0.00802408562658129,"FOXI1",0.0389245131473303
"MA0033.2","MA0033.2",6,1929,16.2162162162162,4.8225,3.36261611533773,0.00802408562658129,"FOXL1",0.0389245131473303
"MA0848.1","MA0848.1",6,1929,16.2162162162162,4.8225,3.36261611533773,0.00802408562658129,"FOXO4",0.0389245131473303
"MA0850.1","MA0850.1",6,1929,16.2162162162162,4.8225,3.36261611533773,0.00802408562658129,"FOXP3",0.0389245131473303
"MA1528.1","MA1528.1",8,3213,21.6216216216216,8.0325,2.69176739764975,0.00804364939316219,"NFIX.1",0.0389245131473303
"MA1569.1","MA1569.1",7,2556,18.9189189189189,6.39,2.9607071860593,0.0081550144753121,"TFAP2E",0.039189375117472
"MA1589.1","MA1589.1",8,3226,21.6216216216216,8.065,2.68092022586753,0.00823590747080556,"ZNF140",0.0392960110288253
"MA1719.1","MA1719.1",11,5439,29.7297297297297,13.5975,2.18641145282072,0.00829077689336487,"ZNF816",0.0392960110288253
"MA1655.1","MA1655.1",8,3264,21.6216216216216,8.16,2.64970853206147,0.00881804256879844,"ZNF341",0.0415107854259083
"MA0871.2","MA0871.2",6,1972,16.2162162162162,4.93,3.28929335014528,0.00889977392624111,"TFEC",0.0416124564659381
"MA1139.1","MA1139.1",5,1405,13.5135135135135,3.5125,3.8472636337405,0.00909543768643315,"FOSL2::JUNB.1",0.0422418985168573
"MA1581.1","MA1581.1",11,5517,29.7297297297297,13.7925,2.15549970851765,0.00921344611983527,"ZBTB6",0.0424567058627119
"MA1150.1","MA1150.1",6,1989,16.2162162162162,4.9725,3.26117973176797,0.00926439679952239,"RORB",0.0424567058627119
"MA1720.1","MA1720.1",7,2633,18.9189189189189,6.5825,2.87412364890527,0.00953393887952423,"ZNF85",0.0434045112146761
"MA1131.1","MA1131.1",6,2006,16.2162162162162,5.015,3.23354261539705,0.00963971792873165,"FOSL2::JUN.1",0.0435992471024987
"MA1969.1","MA1969.1",11,5558,29.7297297297297,13.895,2.13959911692909,0.00973003453103721,"THRA",0.0436485797452942
"MA0834.1","MA0834.1",5,1431,13.5135135135135,3.5775,3.77736226792831,0.00979877542400222,"ATF7",0.0436485797452942
"MA1654.1","MA1654.1",11,5567,29.7297297297297,13.9175,2.13614009195112,0.00984643760732442,"ZNF16",0.0436485797452942
"MA0653.1","MA0653.1",8,3330,21.6216216216216,8.325,2.59719178638098,0.00990292921966936,"IRF9",0.0436485797452942
"MA1578.1","MA1578.1",6,2035,16.2162162162162,5.0875,3.18746264692211,0.0103051506344001,"VEZF1",0.0451339508797777
"MA1523.1","MA1523.1",8,3359,21.6216216216216,8.3975,2.57476887426277,0.0104103657017383,"MSANTD3",0.0453080067019052
"MA0072.1","MA0072.1",6,2043,16.2162162162162,5.1075,3.17498114854943,0.0104943975800869,"RORA.1",0.0453882695338757
"MA1715.1","MA1715.1",11,5658,29.7297297297297,14.145,2.10178365003392,0.0110862469383849,"ZNF707",0.0476502042320641
"MA0139.1","MA0139.1",15,9078,40.5405405405405,22.695,1.78632035869313,0.0114369650845544,"CTCF",0.0488541965340224
"MA0646.1","MA0646.1",5,1492,13.5135135135135,3.73,3.6229258749366,0.0115955486247135,"GCM1",0.0492277279036918
"MA0030.1","MA0030.1",6,2097,16.2162162162162,5.2425,3.09322197734215,0.0118377980375862,"FOXF2",0.0497262898692054
"MA0635.1","MA0635.1",3,514,8.10810810810811,1.285,6.30981175728257,0.0118567020641891,"BARHL2",0.0497262898692054
"MA0636.1","MA0636.1",4,968,10.8108108108108,2.42,4.46727719454992,0.0119452477044183,"BHLHE41",0.0497958518762499
"MA1951.1","MA1951.1",5,1506,13.5135135135135,3.765,3.58924661713506,0.0120378466992748,"FOS.1",0.049881376741905
"MA0119.1","MA0119.1",7,2762,18.9189189189189,6.905,2.73988688181302,0.0122221740807181,"NFIC::TLX1",0.0503437170467672
"MA1115.1","MA1115.1",7,2780,18.9189189189189,6.95,2.72214660703869,0.0126373409861674,"POU5F1",0.0517457985942475
"MA0809.2","MA0809.2",7,2789,18.9189189189189,6.9725,2.71336234046883,0.0128487573886231,"TEAD4",0.0523020006642777
"MA0770.1","MA0770.1",6,2140,16.2162162162162,5.35,3.0310684516292,0.0129922272845295,"HSF2",0.0525767326368093
"MA1930.1","MA1930.1",14,8327,37.8378378378378,20.8175,1.81759759038491,0.0131570003598144,"CTCF.2",0.0529339781918113
"MA0528.2","MA0528.2",16,10142,43.2432432432432,25.355,1.70551146689975,0.0133401909525964,"ZNF263",0.0532792093163059
"MA1634.1","MA1634.1",9,4246,24.3243243243243,10.615,2.29150488217846,0.0133967954061232,"BATF",0.0532792093163059
"MA1945.1","MA1945.1",11,5821,29.7297297297297,14.5525,2.0429293750029,0.0136107188336509,"ETV5::FIGLA",0.0538206710450652
"MA0690.2","MA0690.2",7,2829,18.9189189189189,7.0725,2.67499737277044,0.0138198292510673,"TBX21",0.0543370559189693
"MA0063.2","MA0063.2",6,2180,16.2162162162162,5.45,2.97545251673692,0.0141360608510607,"NKX2-5",0.0551852952485642
"MA1521.1","MA1521.1",6,2182,16.2162162162162,5.455,2.97272524586915,0.0141950614945729,"MAFA",0.0551852952485642
"MA1480.1","MA1480.1",4,1023,10.8108108108108,2.5575,4.22710100129455,0.0143788340327876,"DPRX",0.0553467123505537
"MA0052.4","MA0052.4",9,4296,24.3243243243243,10.74,2.2648346670693,0.0143965436749995,"MEF2A",0.0553467123505537
"MA0598.3","MA0598.3",15,9321,40.5405405405405,23.3025,1.73975069372559,0.0145818594162046,"EHF",0.0557494293702407
"MA0462.2","MA0462.2",9,4319,24.3243243243243,10.7975,2.25277372765217,0.0148749332168669,"BATF::JUN",0.0565574383850104
"MA1128.1","MA1128.1",8,3585,21.6216216216216,8.9625,2.41245429529948,0.0150646876859714,"FOSL1::JUN",0.0569659228343836
"MA1141.1","MA1141.1",8,3591,21.6216216216216,8.9775,2.40842346105504,0.0152062693957011,"FOS::JUND",0.0570717535212529
"MA1977.1","MA1977.1",9,4337,24.3243243243243,10.8425,2.24342396350697,0.015257621967387,"ZNF324",0.0570717535212529
"MA1133.1","MA1133.1",5,1615,13.5135135135135,4.0375,3.34700025102502,0.0158838454532431,"JUN::JUNB.1",0.058704258113438
"MA0835.2","MA0835.2",9,4368,24.3243243243243,10.92,2.22750222750223,0.015934039413004,"BATF3",0.058704258113438
"MA0627.2","MA0627.2",7,2910,18.9189189189189,7.275,2.60053868301291,0.0159485556724369,"POU2F3",0.058704258113438
"MA1656.1","MA1656.1",10,5158,27.027027027027,12.895,2.09593075044801,0.0161853417423784,"ZNF449",0.0592606163265919
"MA1643.1","MA1643.1",9,4398,24.3243243243243,10.995,2.21230780575937,0.0166098798664563,"NFIB",0.0604949308820409
"MA0069.1","MA0069.1",4,1082,10.8108108108108,2.705,3.99660288754559,0.0173192410268215,"PAX6",0.0627482449767564
"MA0688.1","MA0688.1",7,2980,18.9189189189189,7.45,2.53945220388173,0.0179711604500456,"TBX2",0.0647710574553726
"MA0081.2","MA0081.2",17,11420,45.945945945946,28.55,1.60931509442893,0.0181878350991676,"SPIB",0.0652123413918339
"MA0873.1","MA0873.1",3,609,8.10810810810811,1.5225,5.32552256690188,0.0185943681682553,"HOXD12",0.0663263029506838
"MA1649.1","MA1649.1",7,3012,18.9189189189189,7.53,2.51247263199454,0.0189545794682773,"ZBTB12",0.0672644563694763
"MA0477.2","MA0477.2",8,3741,21.6216216216216,9.3525,2.31185475772485,0.0190757573893077,"FOSL1",0.0673491026193924
"MA0730.1","MA0730.1",7,3019,18.9189189189189,7.5475,2.50664709094653,0.0191747328435903,"RARA.1",0.0673548991257081
"MA0507.2","MA0507.2",6,2338,16.2162162162162,5.845,2.77437403185906,0.0193538871619201,"POU2F2",0.067640858161862
"MA0781.1","MA0781.1",4,1123,10.8108108108108,2.8075,3.85068951409112,0.0195704958040446,"PAX9",0.0678472946724128
"MA0819.2","MA0819.2",5,1705,13.5135135135135,4.2625,3.17032575097091,0.0196263477354954,"CLOCK",0.0678472946724128
"MA0779.1","MA0779.1",4,1127,10.8108108108108,2.8175,3.83702247056284,0.0197994408322561,"PAX1",0.0678472946724128
"MA0074.1","MA0074.1",5,1709,13.5135135135135,4.2725,3.16290544494172,0.0198051351500396,"RXRA::VDR",0.0678472946724128
"MA0464.2","MA0464.2",4,1134,10.8108108108108,2.835,3.81333714667048,0.0202041133837537,"BHLHE40",0.0688731352786088
"MA1144.1","MA1144.1",7,3057,18.9189189189189,7.6425,2.47548824585135,0.0204018501946344,"FOSL2::JUND",0.0692062761504263
"MA0785.1","MA0785.1",6,2372,16.2162162162162,5.93,2.73460644455585,0.0206305365243279,"POU2F1",0.0696406403650482
"MA0149.1","MA0149.1",17,11580,45.945945945946,28.95,1.58707930728656,0.0208636584453493,"EWSR1-FLI1",0.0700232022250373
"MA0625.2","MA0625.2",6,2381,16.2162162162162,5.9525,2.72426983892755,0.0209779775876896,"NFATC3",0.0700232022250373
"MA0141.3","MA0141.3",6,2386,16.2162162162162,5.965,2.7185609750572,0.0211727355240639,"ESRRB",0.0700232022250373
"MA0046.2","MA0046.2",5,1741,13.5135135135135,4.3525,3.10477047984228,0.021274565039842,"HNF1A",0.0700232022250373
"MA0841.1","MA0841.1",6,2389,16.2162162162162,5.9725,2.71514712703495,0.0212901871030059,"NFE2",0.0700232022250373
"MA0846.1","MA0846.1",8,3819,21.6216216216216,9.5475,2.26463698576817,0.0213510053027209,"FOXC2",0.0700232022250373
"MA0913.2","MA0913.2",5,1762,13.5135135135135,4.405,3.06776697242077,0.0222770876761701,"HOXD9",0.0723455570077964
"MA0499.2","MA0499.2",9,4621,24.3243243243243,11.5525,2.10554636003673,0.0223270206524552,"MYOD1",0.0723455570077964
"MA0099.3","MA0099.3",7,3120,18.9189189189189,7.8,2.42550242550243,0.0225578620275902,"FOS::JUN",0.0723455570077964
"MA1134.1","MA1134.1",7,3121,18.9189189189189,7.8025,2.42472526996718,0.0225933308103983,"FOS::JUNB",0.0723455570077964
"MA1148.1","MA1148.1",8,3861,21.6216216216216,9.6525,2.24000224000224,0.022654671248901,"PPARA::RXRA",0.0723455570077964
"MA0476.1","MA0476.1",8,3862,21.6216216216216,9.655,2.2394222290649,0.0226863957668957,"FOS",0.0723455570077964
"MA0465.2","MA0465.2",6,2435,16.2162162162162,6.0875,2.66385481991232,0.0231477263601999,"CDX2",0.073478103858983
"MA1126.1","MA1126.1",5,1791,13.5135135135135,4.4775,3.01809347035478,0.0237120332526423,"FOS::JUN.1",0.0749256941133719
"MA1473.1","MA1473.1",5,1794,13.5135135135135,4.485,3.01304649130736,0.0238638501910213,"CDX4",0.0750626560553943
"MA1971.1","MA1971.1",4,1196,10.8108108108108,2.99,3.61565578956883,0.0240141959694942,"ZBED2",0.0751937719949772
"MA1105.2","MA1105.2",6,2462,16.2162162162162,6.155,2.6346411399214,0.0242882088499436,"GRHL2",0.0757091915502746
"MA1135.1","MA1135.1",7,3171,18.9189189189189,7.9275,2.38649245271762,0.024417453611927,"FOSB::JUNB",0.0757707529123475
"MA1572.1","MA1572.1",4,1213,10.8108108108108,3.0325,3.56498295492525,0.0251306726734049,"TGIF2LY",0.0775235304329536
"MA1539.1","MA1539.1",5,1820,13.5135135135135,4.55,2.97000297000297,0.0252063502130268,"NR2F6",0.0775235304329536
"MA1952.1","MA1952.1",10,5540,27.027027027027,13.85,1.95140989364816,0.0256314509185594,"FOXJ2::ELF1",0.0784821417506331
"MA0131.2","MA0131.2",6,2497,16.2162162162162,6.2425,2.59771184881317,0.0258229032917105,"HINFP",0.0787200399905887
"MA0805.1","MA0805.1",7,3214,18.9189189189189,8.035,2.35456364890092,0.0260669739073682,"TBX1",0.0791058558612941
"MA0695.1","MA0695.1",6,2506,16.2162162162162,6.265,2.58838247665063,0.0262279320643298,"ZBTB7C",0.0791058558612941
"MA1138.1","MA1138.1",7,3222,18.9189189189189,8.055,2.34871743251632,0.0263822415297854,"FOSL2::JUNB",0.0791058558612941
"MA0761.2","MA0761.2",14,9046,37.8378378378378,22.615,1.67313012769568,0.0264067235606343,"ETV1",0.0791058558612941
"MA1928.1","MA1928.1",8,3994,21.6216216216216,9.985,2.16541027757853,0.0271621823121579,"BNC2",0.0810182334483331
"MA0865.2","MA0865.2",5,1859,13.5135135135135,4.6475,2.90769521538752,0.0273109928958298,"E2F8",0.0811124767549966
"MA0018.4","MA0018.4",7,3251,18.9189189189189,8.1275,2.32776609276148,0.0275474084568013,"CREB1",0.0814649856927628
"MA0748.2","MA0748.2",7,3255,18.9189189189189,8.1375,2.324905550712,0.0277108847037575,"YY2",0.0815997115531923
"MA1683.1","MA1683.1",6,2549,16.2162162162162,6.3725,2.54471811945331,0.0282225614177958,"FOXA3",0.0827542902589607
"MA1632.1","MA1632.1",7,3271,18.9189189189189,8.1775,2.31353334379932,0.0283715395183398,"ATF2",0.082840106948064
"MA1955.1","MA1955.1",8,4053,21.6216216216216,10.1325,2.13388814425084,0.0293535351945594,"FOXO1::ELK3",0.0853472535909038
"MA0849.1","MA0849.1",7,3299,18.9189189189189,8.2475,2.29389741363067,0.0295538588655881,"FOXO6",0.0853923072924284
"MA0727.1","MA0727.1",4,1277,10.8108108108108,3.1925,3.38631505428686,0.0296158291187613,"NR3C2",0.0853923072924284
"MA1137.1","MA1137.1",7,3314,18.9189189189189,8.285,2.28351465527084,0.0302010654950757,"FOSL1::JUNB",0.0866192023475588
"MA1600.1","MA1600.1",8,4078,21.6216216216216,10.195,2.12080643664753,0.0303188249867724,"ZNF684",0.0866192023475588
"MA1108.2","MA1108.2",6,2594,16.2162162162162,6.485,2.50057304799016,0.0304168586278277,"MXI1",0.0866192023475588
"MA1142.1","MA1142.1",7,3324,18.9189189189189,8.31,2.27664487592285,0.0306379342799431,"FOSL1::JUND",0.0868911906627894
"MA0906.1","MA0906.1",3,741,8.10810810810811,1.8525,4.37684648210964,0.0308631224130579,"HOXC12",0.0871725743258614
"MA1130.1","MA1130.1",7,3346,18.9189189189189,8.365,2.26167590184327,0.0316143452265774,"FOSL2::JUN",0.0887662585447686
"MA0764.3","MA0764.3",6,2619,16.2162162162162,6.5475,2.47670350763134,0.0316839102031183,"ETV4",0.0887662585447686
"MA0852.2","MA0852.2",6,2623,16.2162162162162,6.5575,2.47292660559912,0.0318898516587251,"FOXK1",0.0889829731767652
"MA1520.1","MA1520.1",5,1940,13.5135135135135,4.85,2.78629144608526,0.0320379255517793,"MAF",0.0890371264330574
"MA0665.1","MA0665.1",7,3362,18.9189189189189,8.405,2.25091242342878,0.0323377622145629,"MSC",0.0894934783183986
"MA0786.1","MA0786.1",6,2634,16.2162162162162,6.585,2.46259927353321,0.0324607847657775,"POU3F1",0.0894934783183986
"MA0115.1","MA0115.1",6,2641,16.2162162162162,6.6025,2.45607212665145,0.0328276237972309,"NR1H2::RXRA",0.0900418471075247
"MA0156.3","MA0156.3",6,2644,16.2162162162162,6.61,2.45328535797522,0.0329856803274833,"FEV",0.0900418471075247
"MA1114.1","MA1114.1",9,4945,24.3243243243243,12.3625,1.96758942967234,0.0330500421464036,"PBX3",0.0900418471075247
"MA0491.2","MA0491.2",7,3384,18.9189189189189,8.46,2.23627883202351,0.0333508943316599,"JUND.1",0.0901023857707787
"MA0655.1","MA0655.1",6,2651,16.2162162162162,6.6275,2.44680742606054,0.033356442533157,"JDP2",0.0901023857707787
"MA0788.1","MA0788.1",6,2653,16.2162162162162,6.6325,2.44496286712646,0.0334628802645811,"POU3F3",0.0901023857707787
"MA0496.3","MA0496.3",9,4962,24.3243243243243,12.405,1.96084839373836,0.0336990070698765,"MAFK",0.0901772016223633
"MA1143.1","MA1143.1",4,1331,10.8108108108108,3.3275,3.24892886876358,0.0337512936707978,"FOSL1::JUND.1",0.0901772016223633
"MA0899.1","MA0899.1",5,1987,13.5135135135135,4.9675,2.72038520654525,0.0350055098937582,"HOXA10",0.0931685109480027
"MA1561.1","MA1561.1",3,782,8.10810810810811,1.955,4.14736987627013,0.0353645358281719,"SOX12",0.0937634436517048
"MA1489.1","MA1489.1",5,2001,13.5135135135135,5.0025,2.70135202668936,0.035921879445026,"FOXN3",0.0948776357860991
"MA1597.1","MA1597.1",8,4227,21.6216216216216,10.5675,2.04604888778061,0.036540676763473,"ZNF528",0.0961450506476172
"MA0645.1","MA0645.1",8,4283,21.6216216216216,10.7075,2.01929690605852,0.0390928706524982,"ETV6",0.101997858341932
"MA1946.1","MA1946.1",8,4285,21.6216216216216,10.7125,2.01835441041975,0.0391862346249792,"ETV5::FOXI1",0.101997858341932
"MA0090.3","MA0090.3",6,2760,16.2162162162162,6.9,2.35017626321974,0.0394893477551653,"TEAD1",0.101997858341932
"MA0047.3","MA0047.3",6,2761,16.2162162162162,6.9025,2.34932505848841,0.0395487813833707,"FOXA2",0.101997858341932
"MA1109.1","MA1109.1",7,3512,18.9189189189189,8.78,2.15477436434156,0.0396776882436756,"NEUROD1",0.101997858341932
"MA0888.1","MA0888.1",3,819,8.10810810810811,2.0475,3.96000396000396,0.0397047857949334,"EVX2",0.101997858341932
"MA0442.2","MA0442.2",8,4298,21.6216216216216,10.745,2.01224956925283,0.0397968522432394,"SOX10",0.101997858341932
"MA0463.2","MA0463.2",5,2071,13.5135135135135,5.1775,2.61004606731309,0.0407295786606259,"BCL6",0.104003204550381
"MA1956.1","MA1956.1",8,4322,21.6216216216216,10.805,2.00107557812324,0.0409413039293404,"FOXO1::FLI1",0.104159493820234
"MA0696.1","MA0696.1",7,3539,18.9189189189189,8.8475,2.13833500072551,0.0411083986263342,"ZIC1",0.104201508605946
"MA1980.1","MA1980.1",8,4365,21.6216216216216,10.9125,1.98136280610507,0.0430479181630242,"ZNF418",0.108575218711907
"MA1729.1","MA1729.1",8,4367,21.6216216216216,10.9175,1.98045538095916,0.0431476663956276,"ZNF680",0.108575218711907
"MA1117.1","MA1117.1",5,2115,13.5135135135135,5.2875,2.5557472365983,0.0439461771987475,"RELB",0.11018389355628
"MA0672.1","MA0672.1",5,2118,13.5135135135135,5.295,2.55212719801955,0.044171005553368,"NKX2-3",0.110347782826464
"MA0789.1","MA0789.1",5,2122,13.5135135135135,5.305,2.54731640217031,0.0444718751765927,"POU3F4",0.110699775619432
"MA0792.1","MA0792.1",5,2125,13.5135135135135,5.3125,2.54372019077901,0.0446983517169311,"POU5F1B",0.110757593269823
"MA1566.2","MA1566.2",6,2846,16.2162162162162,7.115,2.27915899033257,0.0448152111496394,"TBX3",0.110757593269823
"MA1119.1","MA1119.1",6,2849,16.2162162162162,7.1225,2.27675903351579,0.0450088937959817,"SIX2",0.110840407497578
"MA0490.2","MA0490.2",7,3624,18.9189189189189,9.06,2.08818089612792,0.045836722843225,"JUNB.1",0.112478766693304
"MA0481.3","MA0481.3",6,2890,16.2162162162162,7.225,2.24445899186384,0.0477097930755197,"FOXP1",0.116661402149327
"MA1633.2","MA1633.2",7,3689,18.9189189189189,9.2225,2.05138725062824,0.0496858658142803,"BACH1",0.121065560364373
"MA0877.3","MA0877.3",2,394,5.40540540540541,0.985,5.48772122376183,0.0514044370601408,"BARHL1",0.124813580510938
"MA1972.1","MA1972.1",13,8924,35.1351351351351,22.31,1.57486038256993,0.051851968357989,"ZFP14",0.125460007355694
"MA1527.1","MA1527.1",6,2955,16.2162162162162,7.3875,2.19508848950473,0.052199115991761,"NFIC.1",0.125859889429612
"MA0772.1","MA0772.1",7,3737,18.9189189189189,9.3425,2.0250381502723,0.052660228065145,"IRF7",0.12653082576764
"MA1123.2","MA1123.2",6,2981,16.2162162162162,7.4525,2.17594313535273,0.0540666445123138,"TWIST1",0.129460615925679
"MA1966.1","MA1966.1",9,5421,24.3243243243243,13.5525,1.79482193870683,0.0548198816770639,"TFAP4::ETV1",0.130811579725959
"MA1555.1","MA1555.1",4,1567,10.8108108108108,3.9175,2.75961986236396,0.0556666021279524,"RXRB.1",0.132375562448601
"MA0605.2","MA0605.2",4,1580,10.8108108108108,3.95,2.73691412931919,0.0570561565039977,"ATF3",0.135215275002625
"MA1576.1","MA1576.1",6,3028,16.2162162162162,7.57,2.14216858866793,0.0575474233309732,"THRB.2",0.13591405100694
"MA1638.1","MA1638.1",6,3034,16.2162162162162,7.585,2.13793226317946,0.0580015310423846,"HAND2",0.136520610480715
"MA1418.1","MA1418.1",8,4640,21.6216216216216,11.6,1.86393289841566,0.058279890822818,"IRF3",0.136710794743695
"MA1464.1","MA1464.1",4,1598,10.8108108108108,3.995,2.70608530933938,0.0590114106108069,"ARNT2",0.137826767847988
"MA1155.1","MA1155.1",7,3836,18.9189189189189,9.59,1.97277569540343,0.0591539740619256,"ZSCAN4",0.137826767847988
"MA1708.1","MA1708.1",8,4658,21.6216216216216,11.645,1.85673006626205,0.0593859116204968,"ETV7",0.137902855172429
"MA1471.1","MA1471.1",4,1612,10.8108108108108,4.03,2.68258332774462,0.060557202689379,"BARX2",0.140152455722576
"MA0071.1","MA0071.1",5,2319,13.5135135135135,5.7975,2.330920830274,0.060856528691729,"RORA",0.140375726182255
"MA0773.1","MA0773.1",6,3078,16.2162162162162,7.695,2.10737052842316,0.0613993752861828,"MEF2D",0.14115736776757
"MA1152.1","MA1152.1",6,3081,16.2162162162162,7.7025,2.10531856101476,0.0616353943063305,"SOX15",0.141230771059539
"MA1531.1","MA1531.1",6,3090,16.2162162162162,7.725,2.09918656520598,0.0623467871195573,"NR1D1",0.142220906934924
"MA0478.1","MA0478.1",7,3884,18.9189189189189,9.71,1.94839535725221,0.062478548711296,"FOSL2",0.142220906934924
"MA0656.1","MA0656.1",4,1673,10.8108108108108,4.1825,2.58477245924945,0.0675467383167406,"JDP2.1",0.153253583328474
"MA1562.1","MA1562.1",3,1028,8.10810810810811,2.57,3.15490587864129,0.0690001566536793,"SOX14",0.156039569948843
"MA0808.1","MA0808.1",5,2412,13.5135135135135,6.03,2.24104701716642,0.0696652860513667,"TEAD3",0.15703054706041
"MA1944.1","MA1944.1",5,2422,13.5135135135135,6.055,2.23179413930859,0.0706534834556442,"ETV5::DRGX",0.158740943348395
"MA0782.2","MA0782.2",7,4004,18.9189189189189,10.01,1.89000189000189,0.0712991752713376,"PKNOX1",0.159604380986159
"MA0140.2","MA0140.2",4,1706,10.8108108108108,4.265,2.53477392985013,0.0714990724070943,"GATA1::TAL1",0.159604380986159
"MA1583.1","MA1583.1",4,1709,10.8108108108108,4.2725,2.53032435595338,0.0718642862089358,"ZFP57",0.159889102144155
"MA0504.1","MA0504.1",10,6596,27.027027027027,16.49,1.63899496828545,0.0720887281343587,"NR2C2",0.159889102144155
"MA0062.3","MA0062.3",13,9383,35.1351351351351,23.4575,1.49782095854781,0.0733043657676468,"GABPA",0.162065882144446
"MA0825.1","MA0825.1",4,1724,10.8108108108108,4.31,2.50830877280993,0.0737050633149763,"MNT",0.162432814694151
"MA1125.1","MA1125.1",9,5748,24.3243243243243,14.37,1.69271568018958,0.0744258151288902,"ZNF384",0.163500520854578
"MA0610.1","MA0610.1",3,1078,8.10810810810811,2.695,3.00857443714587,0.0771507922570985,"DMRT3",0.167893892015473
"MA0784.2","MA0784.2",5,2488,13.5135135135135,6.22,2.1725905970279,0.0773745502618665,"POU1F1",0.167893892015473
"MA1711.1","MA1711.1",7,4082,18.9189189189189,10.205,1.85388720420568,0.0774256515650725,"ZNF343",0.167893892015473
"MA1533.1","MA1533.1",5,2490,13.5135135135135,6.225,2.17084554433952,0.0775835989262658,"NR1I2",0.167893892015473
"MA0144.2","MA0144.2",8,4928,21.6216216216216,12.32,1.75500175500175,0.0776387939955945,"STAT3",0.167893892015473
"MA0475.2","MA0475.2",5,2504,13.5135135135135,6.26,2.15870822899577,0.0790557712259894,"FLI1",0.170138914556463
"MA1463.1","MA1463.1",3,1090,8.10810810810811,2.725,2.97545251673692,0.0791686856751172,"ARGFX",0.170138914556463
"MA0593.1","MA0593.1",7,4113,18.9189189189189,10.2825,1.83991431256201,0.0799469287446149,"FOXP2",0.171279488208277
"MA0088.2","MA0088.2",6,3309,16.2162162162162,8.2725,1.96025581338365,0.0812051795043177,"ZNF143",0.172634534544346
"MA1565.1","MA1565.1",8,4978,21.6216216216216,12.445,1.73737417610459,0.0813656626892152,"TBX18",0.172634534544346
"MA1542.1","MA1542.1",3,1103,8.10810810810811,2.7575,2.94038372007547,0.0813811795361297,"OSR1",0.172634534544346
"MA1548.1","MA1548.1",6,3313,16.2162162162162,8.2825,1.95788906926848,0.0815773017283252,"PLAGL2",0.172634534544346
"MA0066.1","MA0066.1",5,2532,13.5135135135135,6.33,2.13483625805901,0.0820463848544432,"PPARG",0.173097860729496
"MA2003.1","MA2003.1",5,2535,13.5135135135135,6.3375,2.13230982461752,0.0823704584379724,"NKX2-4",0.173253365468319
"MA0259.1","MA0259.1",3,1119,8.10810810810811,2.7975,2.89834069994928,0.0841415773704519,"ARNT::HIF1A",0.176442338001069
"MA0058.3","MA0058.3",4,1809,10.8108108108108,4.5225,2.39045015164418,0.0845942654265391,"MAX",0.17685568481923
"MA0901.2","MA0901.2",6,3361,16.2162162162162,8.4025,1.92992754730333,0.0861200083634392,"HOXB13",0.179210534596872
"MA0067.2","MA0067.2",3,1131,8.10810810810811,2.8275,2.86758907448563,0.08623859540572,"PAX2",0.179210534596872
"MA0107.1","MA0107.1",6,3369,16.2162162162162,8.4225,1.92534475704556,0.0868909702237228,"RELA",0.180025602978492
"MA1575.1","MA1575.1",4,1829,10.8108108108108,4.5725,2.36431072953763,0.0872680715689082,"THRB.1",0.180267180673685
"MA0484.2","MA0484.2",6,3383,16.2162162162162,8.4575,1.91737702822539,0.088249653275081,"HNF4G",0.18175226210225
"MA0710.1","MA0710.1",3,1153,8.10810810810811,2.8825,2.81287358477298,0.0901417523243731,"NOTO",0.183934533206525
"MA0114.4","MA0114.4",6,3406,16.2162162162162,8.515,1.90442938534542,0.0905079859628141,"HNF4A.1",0.183934533206525
"MA0787.1","MA0787.1",5,2609,13.5135135135135,6.5225,2.07183035853024,0.0905865843975844,"POU3F2",0.183934533206525
"MA1525.2","MA1525.2",5,2611,13.5135135135135,6.5275,2.07024335710663,0.0908145418322674,"NFATC4",0.183934533206525
"MA0497.1","MA0497.1",7,4241,18.9189189189189,10.6025,1.78438282658985,0.0908784697057646,"MEF2C",0.183934533206525
"MA0051.1","MA0051.1",6,3410,16.2162162162162,8.525,1.90219545058255,0.0909040612090051,"IRF2",0.183934533206525
"MA0068.2","MA0068.2",2,549,5.40540540540541,1.3725,3.9383645941023,0.0914628895672119,"PAX4",0.184525713062713
"MA1947.1","MA1947.1",7,4255,18.9189189189189,10.6375,1.77851176676089,0.0921249749372771,"ETV5::FOXO1",0.18532117051336
"MA0660.1","MA0660.1",5,2630,13.5135135135135,6.575,2.05528722638989,0.0929955203052503,"MEF2B",0.186085474364565
"MA0596.1","MA0596.1",5,2635,13.5135135135135,6.5875,2.05138725062824,0.0935740791025708,"SREBF2",0.186085474364565
"MA0652.1","MA0652.1",5,2636,13.5135135135135,6.59,2.05060903088217,0.0936900212592453,"IRF8",0.186085474364565
"MA0684.2","MA0684.2",6,3438,16.2162162162162,8.595,1.88670345738409,0.0937040895067998,"RUNX3",0.186085474364565
"MA0800.1","MA0800.1",5,2641,13.5135135135135,6.6025,2.04672677220954,0.0942708829999235,"EOMES",0.186085474364565
"MA1727.1","MA1727.1",5,2641,13.5135135135135,6.6025,2.04672677220954,0.0942708829999235,"ZNF417",0.186085474364565
"MA1984.1","MA1984.1",5,2642,13.5135135135135,6.605,2.0459520838022,0.09438728540746,"ZNF667",0.186085474364565
"MA0501.1","MA0501.1",6,3456,16.2162162162162,8.64,1.87687687687688,0.0955294702038245,"MAF::NFE2",0.187587715041987
"MA1932.1","MA1932.1",4,1891,10.8108108108108,4.7275,2.28679234496263,0.0958213087119531,"ELK1::HOXB13",0.187587715041987
"MA1474.1","MA1474.1",4,1892,10.8108108108108,4.73,2.28558368093252,0.0959625016255254,"CREB3L4",0.187587715041987
"MA0904.2","MA0904.2",2,569,5.40540540540541,1.4225,3.79993350116373,0.0971512123318958,"HOXB5",0.189376447700484
"MA0089.2","MA0089.2",6,3483,16.2162162162162,8.7075,1.86232744372279,0.0983046368968724,"MAFG::NFE2L1",0.191086541383808
"MA1421.1","MA1421.1",6,3494,16.2162162162162,8.735,1.85646436361949,0.0994479877064931,"TCF7L1",0.192767527991298
"MA1538.1","MA1538.1",4,1919,10.8108108108108,4.7975,2.2534259115812,0.0998130198537172,"NR2F1.2",0.192934664074783
"MA0868.2","MA0868.2",4,1925,10.8108108108108,4.8125,2.24640224640225,0.100678668289205,"SOX8",0.194065845281698
"MA1532.2","MA1532.2",5,2705,13.5135135135135,6.7625,1.99830144377279,0.10187431911048,"NR1D2",0.195825080067922
"MA0762.1","MA0762.1",5,2716,13.5135135135135,6.79,1.99020817577519,0.103212392949304,"ETV2",0.197847578728305
"MA1508.1","MA1508.1",12,8964,32.4324324324324,22.41,1.44723036289301,0.105759722524138,"IKZF1",0.202170519300286
"MA0098.3","MA0098.3",5,2769,13.5135135135135,6.9225,1.95211462817097,0.109786265669204,"ETS1",0.209289520228895
"MA1112.2","MA1112.2",6,3601,16.2162162162162,9.0025,1.80130144029061,0.110950968661405,"NR4A1",0.210928764598056
"MA0760.1","MA0760.1",5,2793,13.5135135135135,6.9825,1.93534028120494,0.112831529477621,"ERF",0.213916214790449
"MA1587.1","MA1587.1",10,7193,27.027027027027,17.9825,1.50296271525244,0.114320630392394,"ZNF135",0.216147202818407
"MA1968.1","MA1968.1",2,631,5.40540540540541,1.5775,3.42656444082751,0.115396895136728,"TFCP2",0.217587606088871
"MA0113.3","MA0113.3",3,1292,8.10810810810811,3.23,2.51025018826876,0.116463892512263,"NR3C1",0.21900275439806
"MA0100.3","MA0100.3",4,2038,10.8108108108108,5.095,2.12184706787258,0.117642129755602,"MYB",0.220618844961725
"MA0148.4","MA0148.4",5,2839,13.5135135135135,7.0975,1.90398217872681,0.11878577872537,"FOXA1",0.222161510480961
"MA1967.1","MA1967.1",7,4535,18.9189189189189,11.3375,1.6687028814923,0.119142304856184,"TFAP4::FLI1",0.222227695311265
"MA1535.1","MA1535.1",4,2061,10.8108108108108,5.1525,2.09816803703267,0.121244364760782,"NR2C1",0.225379706610285
"MA1580.1","MA1580.1",3,1317,8.10810810810811,3.2925,2.46259927353321,0.121483570181555,"ZBTB32",0.225379706610285
"MA1978.1","MA1978.1",6,3697,16.2162162162162,9.2425,1.75452704530335,0.121851373507039,"ZNF354A",0.225457621569173
"MA1571.1","MA1571.1",3,1322,8.10810810810811,3.305,2.45328535797522,0.122497306107799,"TGIF2LX",0.226048362204258
"MA1936.1","MA1936.1",7,4573,18.9189189189189,11.4325,1.65483655533951,0.123111311116351,"ERF::FOXO1",0.22657720024605
"MA0845.1","MA0845.1",5,2878,13.5135135135135,7.195,1.8781811693556,0.123953227505791,"FOXB1",0.226838254689567
"MA0673.1","MA0673.1",4,2081,10.8108108108108,5.2025,2.07800303907944,0.1244165341003,"NKX2-8",0.226838254689567
"MA0640.2","MA0640.2",13,10195,35.1351351351351,25.4875,1.3785241838209,0.124846391204119,"ELF3",0.226838254689567
"MA0801.1","MA0801.1",5,2885,13.5135135135135,7.2125,1.8736240573329,0.124892160457695,"MGA",0.226838254689567
"MA0803.1","MA0803.1",5,2885,13.5135135135135,7.2125,1.8736240573329,0.124892160457695,"TBX15",0.226838254689567
"MA0759.2","MA0759.2",5,2890,13.5135135135135,7.225,1.87038249321986,0.125564943498375,"ELK3",0.22746319607559
"MA0729.1","MA0729.1",5,2900,13.5135135135135,7.25,1.86393289841566,0.126915784195229,"RARA",0.229309980843599
"MA0638.1","MA0638.1",3,1362,8.10810810810811,3.405,2.38123586141207,0.130721530134538,"CREB3",0.234959217800261
"MA0831.3","MA0831.3",3,1362,8.10810810810811,3.405,2.38123586141207,0.130721530134538,"TFE3",0.234959217800261
"MA1725.1","MA1725.1",7,4669,18.9189189189189,11.6725,1.62081121601361,0.133452643909705,"ZNF189",0.238825316398632
"MA1100.2","MA1100.2",7,4670,18.9189189189189,11.675,1.62046414723074,0.133562713072645,"ASCL1",0.238825316398632
"MA1493.1","MA1493.1",3,1378,8.10810810810811,3.445,2.35358725924764,0.134066707874803,"HES6",0.239108664560216
"MA0802.1","MA0802.1",5,2963,13.5135135135135,7.4075,1.82430152055532,0.135585899218731,"TBR1",0.24119650966417
"MA0796.1","MA0796.1",4,2152,10.8108108108108,5.38,2.00944438862654,0.135969037011174,"TGIF1",0.241257881055724
"MA1487.2","MA1487.2",7,4704,18.9189189189189,11.76,1.60875160875161,0.137333553237956,"FOXE1",0.243055802661548
"MA1657.1","MA1657.1",4,2175,10.8108108108108,5.4375,1.98819509164337,0.139806235888717,"ZNF652",0.246800804170898
"MA1503.1","MA1503.1",2,722,5.40540540540541,1.805,2.99468443512765,0.143599265994136,"HOXB9",0.252851633760667
"MA0153.2","MA0153.2",3,1429,8.10810810810811,3.5725,2.26958939345224,0.144931475768052,"HNF1B",0.254549698557085
"MA1549.1","MA1549.1",3,1443,8.10810810810811,3.6075,2.24756981513738,0.147965816669424,"POU6F1.1",0.259221126924661
"MA0485.2","MA0485.2",2,738,5.40540540540541,1.845,2.92975902732,0.148704446332518,"HOXC9",0.259857264803289
"MA0763.1","MA0763.1",4,2230,10.8108108108108,5.575,1.93915888983154,0.149163254778688,"ETV3",0.260002449135647
"MA0658.1","MA0658.1",2,741,5.40540540540541,1.8525,2.91789765473976,0.149665969415685,"LHX6",0.260223243305664
"MA0616.2","MA0616.2",3,1453,8.10810810810811,3.6325,2.23210133740072,0.150146403466038,"HES2",0.26040428871804
"MA1111.1","MA1111.1",5,3069,13.5135135135135,7.6725,1.76129208387273,0.150778261949036,"NR2F2",0.260846393171832
"MA1954.1","MA1954.1",8,5744,21.6216216216216,14.36,1.50568395693744,0.152055590322693,"FOXO1::ELK1",0.26240017083118
"MA1963.1","MA1963.1",3,1466,8.10810810810811,3.665,2.21230780575937,0.152997319061078,"SATB1",0.263368519378771
"MA0523.1","MA0523.1",5,3098,13.5135135135135,7.745,1.74480484357825,0.155062184741241,"TCF7L2",0.266040910404834
"MA1933.1","MA1933.1",4,2268,10.8108108108108,5.67,1.90666857333524,0.155772605937443,"ELK1::SREBF2",0.266040910404834
"MA1975.1","MA1975.1",4,2269,10.8108108108108,5.6725,1.90582826105083,0.155948088180528,"ZNF214",0.266040910404834
"MA0511.2","MA0511.2",3,1480,8.10810810810811,3.7,2.19138056975895,0.156087586162374,"RUNX2",0.266040910404834
"MA1646.1","MA1646.1",7,4874,18.9189189189189,12.185,1.5526400425867,0.157002277982181,"OSR2",0.266942448067983
"MA1962.1","MA1962.1",4,2286,10.8108108108108,5.715,1.89165543496252,0.158943260286801,"POU2F1::SOX2",0.269580235584476
"MA1495.1","MA1495.1",2,777,5.40540540540541,1.9425,2.78270548540819,0.16130348732073,"HOXA1",0.272914457765146
"MA0102.4","MA0102.4",4,2304,10.8108108108108,5.76,1.87687687687688,0.162139000210679,"CEBPA",0.273658995477536
"MA0752.1","MA0752.1",3,1513,8.10810810810811,3.7825,2.14358443043175,0.163451594061712,"ZNF410",0.275203170536994
"MA1940.1","MA1940.1",3,1517,8.10810810810811,3.7925,2.13793226317946,0.16435161677905,"ETV2::DRGX",0.276046890318209
"MA1552.1","MA1552.1",3,1519,8.10810810810811,3.7975,2.13511734249061,0.164802217040981,"RARB",0.276133496833799
"MA0758.1","MA0758.1",3,1526,8.10810810810811,3.815,2.12532322624066,0.16638238807273,"E2F7",0.278107759773742
"MA0839.1","MA0839.1",3,1528,8.10810810810811,3.82,2.1225413895571,0.166834737459405,"CREB3L1",0.278191899570864
"MA0620.3","MA0620.3",3,1535,8.10810810810811,3.8375,2.11286204771547,0.168420985538071,"MITF",0.280161831712368
"MA0713.1","MA0713.1",3,1540,8.10810810810811,3.85,2.10600210600211,0.169556878896063,"PHOX2A",0.281374964498982
"MA0041.2","MA0041.2",6,4096,16.2162162162162,10.24,1.58361486486486,0.172696497943451,"FOXD3",0.285215840603342
"MA0070.1","MA0070.1",3,1555,8.10810810810811,3.8875,2.08568697314678,0.172978640639776,"PBX1",0.285215840603342
"MA1506.1","MA1506.1",2,813,5.40540540540541,2.0325,2.65948605432,0.173107880134976,"HOXD10",0.285215840603342
"MA0887.1","MA0887.1",2,820,5.40540540540541,2.05,2.636783124588,0.175420620600858,"EVX1",0.288339832436565
"MA1563.2","MA1563.2",3,1610,8.10810810810811,4.025,2.01443679704549,0.185698230230632,"SOX18",0.30366096356933
"MA1529.1","MA1529.1",6,4191,16.2162162162162,10.4775,1.54771808315115,0.186017836610873,"NHLH2",0.30366096356933
"MA0893.2","MA0893.2",2,852,5.40540540540541,2.13,2.53774901662226,0.186058162649416,"GSX2",0.30366096356933
"MA1577.1","MA1577.1",2,857,5.40540540540541,2.1425,2.52294301302469,0.187729300551057,"TLX2",0.305667472897251
"MA0527.1","MA0527.1",4,2451,10.8108108108108,6.1275,1.76431020984265,0.189122380564161,"ZBTB33",0.306799148416022
"MA1536.1","MA1536.1",4,2452,10.8108108108108,6.13,1.76359067060535,0.189311035222025,"NR2C2.1",0.306799148416022
"MA1722.1","MA1722.1",3,1635,8.10810810810811,4.0875,1.98363501115795,0.191564830700342,"ZSCAN31",0.309726315057562
"MA1420.1","MA1420.1",3,1643,8.10810810810811,4.1075,1.97397641098189,0.193452754453686,"IRF5",0.312049664526691
"MA0894.1","MA0894.1",2,882,5.40540540540541,2.205,2.45143102285959,0.196118142942907,"HESX1",0.315613383526724
"MA1132.1","MA1132.1",4,2496,10.8108108108108,6.24,1.73250173250173,0.197675197951461,"JUN::JUNB",0.316849765387074
"MA0804.1","MA0804.1",2,887,5.40540540540541,2.2175,2.43761235869466,0.197802165675168,"TBX19",0.316849765387074
"MA1509.1","MA1509.1",2,891,5.40540540540541,2.2275,2.42666909333576,0.199150798492148,"IRF6",0.317690027294168
"MA0707.2","MA0707.2",2,892,5.40540540540541,2.23,2.42394861228942,0.199488149692858,"MNX1",0.317690027294168
"MA0056.2","MA0056.2",5,3383,13.5135135135135,8.4575,1.59781419018782,0.199829796271931,"MZF1",0.317690027294168
"MA0009.2","MA0009.2",2,894,5.40540540540541,2.235,2.41852590845879,0.200163080780718,"TBXT",0.317690027294168
"MA0775.1","MA0775.1",4,2526,10.8108108108108,6.315,1.71192570242451,0.20344694536221,"MEIS3",0.322163126294392
"MA0878.3","MA0878.3",3,1689,8.10810810810811,4.2225,1.92021506408718,0.20440309991505,"CDX1",0.322938230916015
"MA0905.1","MA0905.1",2,912,5.40540540540541,2.28,2.37079184447605,0.20625066327685,"HOXC10",0.325114940746196
"MA0769.2","MA0769.2",4,2547,10.8108108108108,6.3675,1.69781088509004,0.207519106461213,"TCF7",0.326370958343545
"MA0158.2","MA0158.2",2,924,5.40540540540541,2.31,2.34000234000234,0.21032147460267,"HOXA5",0.329811620618612
"MA0715.1","MA0715.1",3,1715,8.10810810810811,4.2875,1.89110393192026,0.210660023574316,"PROP1",0.329811620618612
"MA1636.1","MA1636.1",4,2566,10.8108108108108,6.415,1.68523940932359,0.211225420557213,"CEBPG.1",0.329950318342193
"MA1640.1","MA1640.1",3,1728,8.10810810810811,4.32,1.87687687687688,0.213805698318555,"MEIS2.1",0.333228700982973
"MA1651.1","MA1651.1",5,3471,13.5135135135135,8.6775,1.55730492809145,0.214536328153118,"ZFP42",0.333616042880804
"MA0798.3","MA0798.3",3,1738,8.10810810810811,4.345,1.8660778154449,0.216232972769749,"RFX3",0.335500486898354
"MA0838.1","MA0838.1",2,952,5.40540540540541,2.38,2.27117874176698,0.219854391578135,"CEBPG",0.340356239311117
"MA1953.1","MA1953.1",7,5375,18.9189189189189,13.4375,1.40791954745443,0.222206471557452,"FOXO1::ELF1",0.343030658605153
"MA0510.2","MA0510.2",3,1764,8.10810810810811,4.41,1.8385732671447,0.222573360857968,"RFX5",0.343030658605153
"MA0783.1","MA0783.1",4,2632,10.8108108108108,6.58,1.64298036638462,0.224254523066737,"PKNOX2",0.344853622138182
"MA1639.1","MA1639.1",3,1773,8.10810810810811,4.4325,1.82924040792061,0.22477767725212,"MEIS1.1",0.34489169103873
"MA0083.3","MA0083.3",2,972,5.40540540540541,2.43,2.22444666889111,0.226689379441596,"SRF",0.347055421622975
"MA0895.1","MA0895.1",2,975,5.40540540540541,2.4375,2.21760221760222,0.227716259654368,"HMBOX1",0.347320470769487
"MA0774.1","MA0774.1",4,2653,10.8108108108108,6.6325,1.62997524475097,0.228447963560192,"MEIS2",0.347320470769487
"MA0864.2","MA0864.2",2,978,5.40540540540541,2.445,2.21079975681203,0.228743537054828,"E2F2",0.347320470769487
"MA1979.1","MA1979.1",6,4479,16.2162162162162,11.1975,1.44819970673956,0.228870136807639,"ZNF416",0.347320470769487
"MA0689.1","MA0689.1",5,3564,13.5135135135135,8.91,1.51666818333485,0.230471804849602,"TBX20",0.348985752638785
"MA1116.1","MA1116.1",7,5452,18.9189189189189,13.63,1.38803513711804,0.233075749164784,"RBPJ",0.351498320188262
"MA0143.4","MA0143.4",3,1807,8.10810810810811,4.5175,1.79482193870683,0.233147007176896,"SOX2",0.351498320188262
"MA0692.1","MA0692.1",3,1853,8.10810810810811,4.6325,1.75026618631584,0.244567737005275,"TFEB",0.367914943494892
"MA1728.1","MA1728.1",8,6532,21.6216216216216,16.33,1.32404296519422,0.249010547667873,"ZNF549",0.373785898017718
"MA1641.1","MA1641.1",4,2766,10.8108108108108,6.915,1.56338551132477,0.251369663386065,"MYF5",0.376510404898607
"MA0891.1","MA0891.1",2,1057,5.40540540540541,2.6425,2.04556495947224,0.255905935220927,"GSC2",0.382477121323718
"MA1645.1","MA1645.1",5,3713,13.5135135135135,9.2825,1.45580538793574,0.256750050602646,"NKX2-2",0.382911713398774
"MA0725.1","MA0725.1",2,1063,5.40540540540541,2.6575,2.03401896722687,0.257975096427022,"VSX1",0.383398338205197
"MA1601.2","MA1601.2",5,3721,13.5135135135135,9.3025,1.45267546503773,0.258184430063037,"ZNF75D",0.383398338205197
"MA1958.1","MA1958.1",3,1937,8.10810810810811,4.8425,1.67436409047147,0.26566963282615,"HOXD12::ELK1",0.393668920590355
"MA1113.2","MA1113.2",3,1948,8.10810810810811,4.87,1.6649092624452,0.268453143911806,"PBX2",0.396943537578995
"MA0767.1","MA0767.1",2,1112,5.40540540540541,2.78,1.94439043359907,0.274886796494862,"GCM2",0.405589900158731
"MA0866.1","MA0866.1",3,1982,8.10810810810811,4.955,1.63634876046581,0.277081761280209,"SOX21",0.407761599467554
"MA1541.1","MA1541.1",4,2892,10.8108108108108,7.23,1.49527120481477,0.277537158019101,"NR6A1",0.407761599467554
"MA0495.3","MA0495.3",4,2916,10.8108108108108,7.29,1.48296444592741,0.282582084108409,"MAFF",0.414294072464023
"MA0468.1","MA0468.1",3,2016,8.10810810810811,5.04,1.60875160875161,0.285744159422973,"DUX4",0.418044309346083
"MA0714.1","MA0714.1",2,1159,5.40540540540541,2.8975,1.86554112352214,0.291108296873187,"PITX3",0.42499354733385
"MA0703.2","MA0703.2",2,1175,5.40540540540541,2.9375,1.84013801035078,0.296625258230599,"LMX1B",0.432136165674894
"MA0137.3","MA0137.3",5,3935,13.5135135135135,9.8375,1.37367354648168,0.297296179175848,"STAT1",0.432203689053964
"MA0702.2","MA0702.2",2,1194,5.40540540540541,2.985,1.81085608221287,0.303170785179271,"LMX1A",0.439439286409626
"MA0777.1","MA0777.1",1,389,2.7027027027027,0.9725,2.77912874313903,0.30354332211532,"MYBL2",0.439439286409626
"MA0776.1","MA0776.1",1,403,2.7027027027027,1.0075,2.68258332774462,0.312597393510337,"MYBL1",0.451602079977356
"MA1507.1","MA1507.1",2,1224,5.40540540540541,3.06,1.76647235470765,0.313488865708752,"HOXD4",0.45194644806345
"MA0634.1","MA0634.1",2,1230,5.40540540540541,3.075,1.757855416392,0.315549508216829,"ALX3",0.453471602261776
"MA0797.1","MA0797.1",3,2136,8.10810810810811,5.34,1.51837230488916,0.316512693486182,"TGIF2",0.453471602261776
"MA1960.1","MA1960.1",3,2136,8.10810810810811,5.34,1.51837230488916,0.316512693486182,"MGA::EVX1",0.453471602261776
"MA1709.1","MA1709.1",6,5023,16.2162162162162,12.5575,1.29135705484501,0.317667065390096,"ZIM3",0.454185143078402
"MA0683.1","MA0683.1",3,2149,8.10810810810811,5.3725,1.50918717693962,0.31985823825855,"POU4F2",0.456375053350344
"MA1983.1","MA1983.1",4,3100,10.8108108108108,7.75,1.3949433304272,0.321744268514958,"ZNF582",0.458121468749694
"MA0147.3","MA0147.3",3,2163,8.10810810810811,5.4075,1.49941897514713,0.323462703511268,"MYC",0.45962256843901
"MA0755.1","MA0755.1",1,425,2.7027027027027,1.0625,2.54372019077901,0.326594297675936,"CUX2",0.462115513608809
"MA1964.1","MA1964.1",4,3124,10.8108108108108,7.81,1.38422673633941,0.326901397111172,"SMAD2",0.462115513608809
"MA0101.1","MA0101.1",4,3128,10.8108108108108,7.82,1.38245662542338,0.327761733467598,"REL",0.462115513608809
"MA1504.1","MA1504.1",2,1266,5.40540540540541,3.165,1.70786900644721,0.32788831962706,"HOXC4",0.462115513608809
"MA1419.1","MA1419.1",3,2187,8.10810810810811,5.4675,1.48296444592741,0.329644673590897,"IRF4",0.463646573424595
"MA1544.1","MA1544.1",1,436,2.7027027027027,1.09,2.47954376394743,0.333488367260689,"OVOL1",0.468101318751312
"MA0829.2","MA0829.2",3,2210,8.10810810810811,5.525,1.46753087929559,0.335571221560406,"SREBF1.1",0.470071427772877
"MA0664.1","MA0664.1",2,1292,5.40540540540541,3.23,1.67350012551251,0.336768916463167,"MLXIPL",0.470475975125837
"MA1545.1","MA1545.1",1,442,2.7027027027027,1.105,2.44588479882598,0.337219774078635,"OVOL2",0.470475975125837
"MA0892.1","MA0892.1",2,1297,5.40540540540541,3.2425,1.66704869866011,0.338473392976746,"GSX1",0.470722023232429
"MA0754.2","MA0754.2",1,445,2.7027027027027,1.1125,2.42939568782265,0.339077847580143,"CUX1",0.470722023232429
"MA0790.1","MA0790.1",3,2225,8.10810810810811,5.5625,1.45763741269359,0.339436834671939,"POU4F1",0.470722023232429
"MA1478.1","MA1478.1",2,1306,5.40540540540541,3.265,1.65556061421299,0.341538569108087,"DMRTA2",0.472215980108727
"MA0669.1","MA0669.1",2,1307,5.40540540540541,3.2675,1.65429392667342,0.341878910454439,"NEUROG2",0.472215980108727
"MA0833.2","MA0833.2",3,2255,8.10810810810811,5.6375,1.43824534068437,0.347167484865382,"ATF4",0.478565536906064
"MA0508.3","MA0508.3",7,6216,18.9189189189189,15.54,1.21743364986608,0.34962754312608,"PRDM1",0.480998528515403
"MA1585.1","MA1585.1",2,1348,5.40540540540541,3.37,1.60397786510546,0.355789753483898,"ZKSCAN1",0.488464375725111
"MA0526.4","MA0526.4",2,1350,5.40540540540541,3.375,1.6016016016016,0.356466054539279,"USF2",0.488464375725111
"MA1553.1","MA1553.1",2,1354,5.40540540540541,3.385,1.59687013453631,0.357817985922535,"RARG",0.488801749054706
"MA0663.1","MA0663.1",2,1355,5.40540540540541,3.3875,1.595691632592,0.358155827961675,"MLX",0.488801749054706
"MA0823.1","MA0823.1",2,1357,5.40540540540541,3.3925,1.59333983947101,0.358831341791605,"HEY1",0.488801749054706
"MA1588.1","MA1588.1",3,2321,8.10810810810811,5.8025,1.39734736891135,0.364159582717789,"ZNF136",0.495085326602574
"MA0161.2","MA0161.2",4,3306,10.8108108108108,8.265,1.30802308660748,0.366205363539511,"NFIC",0.496890414841846
"MA1642.1","MA1642.1",4,3323,10.8108108108108,8.3075,1.30133142471391,0.369885753253162,"NEUROG2.1",0.500508947652788
"MA0502.2","MA0502.2",4,3325,10.8108108108108,8.3125,1.30054866896972,0.370318758956976,"NFYB",0.500508947652788
"MA1468.1","MA1468.1",2,1402,5.40540540540541,3.505,1.54219840382465,0.373967375361472,"ATOH7",0.504455017056801
"MA1950.1","MA1950.1",6,5355,16.2162162162162,13.3875,1.21129532894239,0.374928382745196,"FLI1::FOXI1",0.504767394668629
"MA0719.1","MA0719.1",2,1451,5.40540540540541,3.6275,1.49011865069756,0.390299072190374,"RHOXF1",0.524440695059686
"MA1550.1","MA1550.1",4,3438,10.8108108108108,8.595,1.25780230492272,0.39477186964468,"PPARD",0.529422739911082
"MA0138.2","MA0138.2",6,5511,16.2162162162162,13.7775,1.17700716503112,0.402171625078861,"REST",0.538303219641338
"MA1707.1","MA1707.1",2,1490,5.40540540540541,3.725,1.45111554507528,0.40317414752755,"DMRTA1",0.538603301330241
"MA1479.1","MA1479.1",2,1509,5.40540540540541,3.7725,1.4328443751903,0.409404061015753,"DMRTC2",0.545872081354338
"MA0686.1","MA0686.1",2,1541,5.40540540540541,3.8525,1.40309030639985,0.419830214866662,"SPDEF",0.558697132091789
"MA0711.1","MA0711.1",1,590,2.7027027027027,1.475,1.83234081539166,0.423087312019677,"OTX1",0.561056507204727
"MA0466.3","MA0466.3",1,592,2.7027027027027,1.48,1.82615047479912,0.424170083895241,"CEBPB",0.561056507204727
"MA0160.2","MA0160.2",3,2558,8.10810810810811,6.395,1.26788242503645,0.424606164229995,"NR4A2",0.561056507204727
"MA0678.1","MA0678.1",1,594,2.7027027027027,1.485,1.82000182000182,0.42525087840667,"OLIG2",0.561056507204727
"MA0077.1","MA0077.1",2,1559,5.40540540540541,3.8975,1.38689041832082,0.425657032200118,"SOX9",0.561056507204727
"MA1948.1","MA1948.1",2,1563,5.40540540540541,3.9075,1.3833411146271,0.426948078894552,"ETV5::HOXA2",0.561067345469916
"MA0900.2","MA0900.2",1,598,2.7027027027027,1.495,1.80782789478442,0.427406549374847,"HOXA2",0.561067345469916
"MA0035.4","MA0035.4",2,1569,5.40540540540541,3.9225,1.37805109124421,0.428882024040729,"GATA1",0.561067345469916
"MA1579.1","MA1579.1",5,4627,13.5135135135135,11.5675,1.16823112284534,0.428908418719054,"ZBTB26",0.561067345469916
"MA0817.1","MA0817.1",1,603,2.7027027027027,1.5075,1.79283761373314,0.430090077822169,"BHLHE23",0.561551573307436
"MA0757.1","MA0757.1",2,1590,5.40540540540541,3.975,1.35985041645419,0.435625692518526,"ONECUT3",0.567708058800037
"MA0482.2","MA0482.2",3,2607,8.10810810810811,6.5175,1.24405187696327,0.4369177554286,"GATA4",0.568321591647727
"MA1485.1","MA1485.1",4,3649,10.8108108108108,9.1225,1.18507106723056,0.440146938388607,"FERD3L",0.56983394729721
"MA0104.4","MA0104.4",2,1606,5.40540540540541,4.015,1.34630271616573,0.44073700703708,"MYCN",0.56983394729721
"MA0600.2","MA0600.2",2,1607,5.40540540540541,4.0175,1.3454649422291,0.441055685310002,"RFX2",0.56983394729721
"MA0509.3","MA0509.3",2,1608,5.40540540540541,4.02,1.34462821029985,0.441374271316914,"RFX1",0.56983394729721
"MA0607.2","MA0607.2",1,642,2.7027027027027,1.605,1.68392691757178,0.450605776019742,"BHLHA15",0.578877181247927
"MA1592.1","MA1592.1",3,2663,8.10810810810811,6.6575,1.21789081608834,0.450882992200876,"ZNF274",0.578877181247927
"MA0914.1","MA0914.1",2,1638,5.40540540540541,4.095,1.32000132000132,0.450888440307273,"ISL2",0.578877181247927
"MA0093.3","MA0093.3",3,2688,8.10810810810811,6.72,1.20656370656371,0.457078064436255,"USF1",0.584768997914803
"MA0014.3","MA0014.3",2,1659,5.40540540540541,4.1475,1.30329244253295,0.4574974470841,"PAX5",0.584768997914803
"MA1593.1","MA1593.1",4,3733,10.8108108108108,9.3325,1.15840458728217,0.458012712239629,"ZNF317",0.584768997914803
"MA1146.1","MA1146.1",2,1678,5.40540540540541,4.195,1.28853525754598,0.463440058534649,"NR1H4::RXRA",0.590608693381173
"MA0826.1","MA0826.1",1,669,2.7027027027027,1.6725,1.61596574152628,0.464386114215086,"OLIG1",0.590726454111837
"MA0837.2","MA0837.2",1,672,2.7027027027027,1.68,1.60875160875161,0.465896341214498,"CEBPE",0.59156012499162
"MA0780.1","MA0780.1",1,676,2.7027027027027,1.69,1.59923236846314,0.467903533692844,"PAX3",0.593020595815838
"MA0043.3","MA0043.3",2,1696,5.40540540540541,4.24,1.2748597654258,0.46903693248672,"HLF",0.593370305815009
"MA0724.1","MA0724.1",1,680,2.7027027027027,1.7,1.58982511923688,0.469903386148678,"VENTX",0.593381648202345
"MA0827.1","MA0827.1",1,707,2.7027027027027,1.7675,1.52911044000153,0.483212383935925,"OLIG3",0.606552722547075
"MA0024.3","MA0024.3",1,709,2.7027027027027,1.7725,1.52479701139786,0.484185197527984,"E2F1",0.606552722547075
"MA1154.1","MA1154.1",3,2799,8.10810810810811,6.9975,1.15871498508154,0.484257779228314,"ZNF282",0.606552722547075
"MA1546.1","MA1546.1",1,710,2.7027027027027,1.775,1.52264940997335,0.484670935933508,"PAX3.1",0.606552722547075
"MA1937.1","MA1937.1",2,1747,5.40540540540541,4.3675,1.23764290907966,0.484716265272446,"ERF::HOXB13",0.606552722547075
"MA0060.3","MA0060.3",3,2820,8.10810810810811,7.05,1.15008625646924,0.489335384559353,"NFYA",0.611227592265474
"MA0681.2","MA0681.2",3,2836,8.10810810810811,7.09,1.14359775854839,0.493189394509363,"PHOX2B",0.614931641442305
"MA0059.1","MA0059.1",2,1790,5.40540540540541,4.475,1.20791182243696,0.497725388025941,"MAX::MYC",0.61868616238901
"MA1491.2","MA1491.2",3,2856,8.10810810810811,7.14,1.13558937088349,0.497988717414276,"GLI3",0.61868616238901
"MA0025.2","MA0025.2",2,1810,5.40540540540541,4.525,1.19456473047633,0.503708818055892,"NFIL3",0.622522344727755
"MA1644.1","MA1644.1",3,2881,8.10810810810811,7.2025,1.12573524583243,0.503958830086548,"NFYC",0.622522344727755
"MA1502.1","MA1502.1",1,752,2.7027027027027,1.88,1.43760782058654,0.504674906636229,"HOXB8",0.622522344727755
"MA0910.2","MA0910.2",1,752,2.7027027027027,1.88,1.43760782058654,0.504674906636229,"HOXD8",0.622522344727755
"MA1519.1","MA1519.1",1,763,2.7027027027027,1.9075,1.4168821508271,0.50978791084092,"LHX5",0.627710381320136
"MA0908.1","MA0908.1",1,766,2.7027027027027,1.915,1.4113330040223,0.511173430400834,"HOXD11",0.628298425998893
"MA0639.1","MA0639.1",1,772,2.7027027027027,1.93,1.40036409466461,0.51393304838615,"DBP",0.630570335963149
"MA1120.1","MA1120.1",2,1850,5.40540540540541,4.625,1.16873630387144,0.515544936275465,"SOX13",0.630581168650688
"MA0843.1","MA0843.1",1,776,2.7027027027027,1.94,1.39314572304263,0.515764366266314,"TEF",0.630581168650688
"MA0723.2","MA0723.2",1,779,2.7027027027027,1.9475,1.38778059188842,0.517133447353833,"VAX2",0.631139939274872
"MA1935.1","MA1935.1",5,5106,13.5135135135135,12.765,1.05863795640529,0.518823634248825,"ERF::FOXI1",0.632087948767935
"MA0036.3","MA0036.3",2,1874,5.40540540540541,4.685,1.15376849635121,0.522561756447674,"GATA2",0.63552326091703
"MA0612.2","MA0612.2",1,806,2.7027027027027,2.015,1.34129166387231,0.52928688908589,"EMX1",0.642572854820063
"MA0667.1","MA0667.1",2,1911,5.40540540540541,4.7775,1.13142970285827,0.533252806749122,"MYF6",0.64561158361027
"MA0698.1","MA0698.1",4,4099,10.8108108108108,10.2475,1.05497055972782,0.533655817666293,"ZBTB18",0.64561158361027
"MA0744.2","MA0744.2",3,3014,8.10810810810811,7.535,1.07605947022005,0.535145977466696,"SCRT2",0.646284496347214
"MA0856.1","MA0856.1",3,3043,8.10810810810811,7.6075,1.06580454920908,0.541811099953916,"RXRG",0.652735121556933
"MA0679.2","MA0679.2",2,1943,5.40540540540541,4.8575,1.11279576024815,0.54237383655381,"ONECUT1",0.652735121556933
"MA0694.1","MA0694.1",2,1949,5.40540540540541,4.8725,1.10937001650188,0.544070980931092,"ZBTB7B",0.652846755210832
"MA0498.2","MA0498.2",2,1950,5.40540540540541,4.875,1.10880110880111,0.544353436064523,"MEIS1",0.652846755210832
"MA0821.2","MA0821.2",1,853,2.7027027027027,2.1325,1.26738696492507,0.549736607556733,"HES5",0.658162166832628
"MA0855.1","MA0855.1",3,3098,8.10810810810811,7.745,1.04688290614695,0.554312016681488,"RXRB",0.662493809228997
"MA1534.1","MA1534.1",2,2009,5.40540540540541,5.0225,1.07623801003592,0.560813599762469,"NR1I3",0.669108639716601
"MA0525.2","MA0525.2",1,889,2.7027027027027,2.2225,1.21606420819019,0.564813006778071,"TP63",0.67272048311605
"MA1957.1","MA1957.1",2,2035,5.40540540540541,5.0875,1.06248754897404,0.567938529641686,"HOXB2::ELK1",0.675280863422761
"MA0726.1","MA0726.1",1,908,2.7027027027027,2.27,1.19061793070604,0.572570793265735,"VSX2",0.678049918740214
"MA1568.1","MA1568.1",1,909,2.7027027027027,2.2725,1.18930812000119,0.572975348690097,"TCF21",0.678049918740214
"MA0027.2","MA0027.2",1,910,2.7027027027027,2.275,1.18800118800119,0.573379531548005,"EN1",0.678049918740214
"MA0912.2","MA0912.2",1,912,2.7027027027027,2.28,1.18539592223803,0.574186780898505,"HOXD3",0.678049918740214
"MA0654.1","MA0654.1",1,917,2.7027027027027,2.2925,1.1789324766424,0.576198407677215,"ISX",0.679266265949971
"MA0884.2","MA0884.2",1,924,2.7027027027027,2.31,1.17000117000117,0.578999158361395,"DUXA",0.681407172765451
"MA1942.1","MA1942.1",5,5458,13.5135135135135,13.645,0.990363760609272,0.581552683885991,"ETV2::FOXI1",0.683059019925541
"MA0644.2","MA0644.2",1,933,2.7027027027027,2.3325,1.15871498508154,0.582573672525733,"ESX1",0.683059019925541
"MA1481.1","MA1481.1",1,935,2.7027027027027,2.3375,1.1562364503541,0.583363989560686,"DRGX",0.683059019925541
"MA0836.2","MA0836.2",2,2104,5.40540540540541,5.26,1.02764361319494,0.58646132431902,"CEBPD",0.685525737210746
"MA1496.1","MA1496.1",1,946,2.7027027027027,2.365,1.14279184046626,0.587684777999031,"HOXA4",0.68579741378639
"MA0132.2","MA0132.2",1,953,2.7027027027027,2.3825,1.13439777658036,0.590411637204836,"PDX1",0.687027337219159
"MA1931.1","MA1931.1",2,2122,5.40540540540541,5.305,1.01892656086813,0.591200700203756,"ELK1::HOXA1",0.687027337219159
"MA0791.1","MA0791.1",2,2124,5.40540540540541,5.31,1.01796711966203,0.59172492250527,"POU4F3",0.687027337219159
"MA1970.1","MA1970.1",2,2131,5.40540540540541,5.3275,1.01462325770162,0.593555956774674,"TRPS1",0.687027337219159
"MA1122.1","MA1122.1",4,4408,10.8108108108108,11.02,0.981017314955609,0.59370281453332,"TFDP1",0.687027337219159
"MA0902.2","MA0902.2",1,978,2.7027027027027,2.445,1.10539987840601,0.600007922306438,"HOXB2",0.693164411078556
"MA1104.2","MA1104.2",2,2162,5.40540540540541,5.405,1.00007500562542,0.601594746540684,"GATA6",0.693839274343589
"MA0718.1","MA0718.1",1,995,2.7027027027027,2.4875,1.08651364932772,0.606408065484625,"RAX",0.698226923985625
"MA0794.1","MA0794.1",1,1010,2.7027027027027,2.525,1.07037730800107,0.611972420335572,"PROX1",0.703463313741223
"MA1570.1","MA1570.1",1,1029,2.7027027027027,2.5725,1.05061329551125,0.618910815822905,"TFAP4.1",0.709497782552534
"MA0662.1","MA0662.1",1,1030,2.7027027027027,2.575,1.04959328260299,0.619272631014061,"MIXL1",0.709497782552534
"MA0661.1","MA0661.1",1,1033,2.7027027027027,2.5825,1.0465450930117,0.620356072345892,"MEOX1",0.709564300931169
"MA0479.1","MA0479.1",2,2257,5.40540540540541,5.6425,0.957980576943802,0.625516194787783,"FOXH1",0.71428581979067
"MA0882.1","MA0882.1",1,1055,2.7027027027027,2.6375,1.02472140386832,0.628210159288874,"DLX6",0.716180280441352
"MA0691.1","MA0691.1",2,2280,5.40540540540541,5.7,0.948316737790422,0.631145815691978,"TFAP4",0.718222924288921
"MA0648.1","MA0648.1",1,1066,2.7027027027027,2.665,1.01414735561077,0.632077689150221,"GSC",0.718222924288921
"MA0799.2","MA0799.2",1,1075,2.7027027027027,2.6875,1.00565681961031,0.635212890406468,"RFX4",0.719942774727678
"MA0806.1","MA0806.1",2,2303,5.40540540540541,5.7575,0.938845923648355,0.636712396146443,"TBX4",0.719942774727678
"MA0807.1","MA0807.1",2,2303,5.40540540540541,5.7575,0.938845923648355,0.636712396146443,"TBX5",0.719942774727678
"MA1484.1","MA1484.1",2,2309,5.40540540540541,5.7725,0.936406306696476,0.638154189141532,"ETS2",0.720395919879184
"MA0682.2","MA0682.2",1,1099,2.7027027027027,2.7475,0.983695251211175,0.643446884067582,"PITX1",0.723208363522158
"MA0017.2","MA0017.2",3,3520,8.10810810810811,8.8,0.921375921375922,0.643610315638372,"NR2F1",0.723208363522158
"MA0722.1","MA0722.1",1,1101,2.7027027027027,2.7525,0.981908338856568,0.644124828634912,"VAX1",0.723208363522158
"MA0084.1","MA0084.1",2,2337,5.40540540540541,5.8425,0.925187061258948,0.644825954180883,"SRY",0.723208363522158
"MA0630.1","MA0630.1",1,1109,2.7027027027027,2.7725,0.97482514074038,0.646824086855875,"SHOX",0.724275514731821
"MA0075.3","MA0075.3",1,1114,2.7027027027027,2.785,0.970449803483915,0.648500996382814,"PRRX2",0.724980112272871
"MA0844.1","MA0844.1",1,1137,2.7027027027027,2.8425,0.950818892771399,0.656115523561315,"XBP1",0.732251519624753
"MA0701.2","MA0701.2",1,1141,2.7027027027027,2.8525,0.947485610062297,0.657423302807918,"LHX9",0.732251519624753
"MA0820.1","MA0820.1",3,3595,8.10810810810811,8.9875,0.902153892418148,0.658179834113578,"FIGLA",0.732251519624753
"MA0903.1","MA0903.1",1,1160,2.7027027027027,2.9,0.931966449207828,0.663569461153285,"HOXB3",0.737062708054692
"MA0822.1","MA0822.1",1,1169,2.7027027027027,2.9225,0.92479134395302,0.666443222036194,"HES7",0.739068444950395
"MA0091.1","MA0091.1",2,2445,5.40540540540541,6.1125,0.884319902724811,0.66969052430755,"TAL1::TCF3",0.74148134851332
"MA1974.1","MA1974.1",1,1190,2.7027027027027,2.975,0.908471496706791,0.67305609407501,"ZNF211",0.744017279712311
"MA0875.1","MA0875.1",1,1195,2.7027027027027,2.9875,0.904670360737306,0.674611685682262,"BARX1",0.744547506367027
"MA0618.1","MA0618.1",1,1219,2.7027027027027,3.0475,0.886858967252733,0.68197883856444,"LBX1",0.751479866698396
"MA1499.1","MA1499.1",1,1258,2.7027027027027,3.145,0.859364929317235,0.693605660717642,"HOXB4",0.763076497959632
"MA0861.1","MA0861.1",1,1263,2.7027027027027,3.1575,0.855962851212257,0.695066031964609,"TP73",0.763469355745253
"MA1530.1","MA1530.1",1,1305,2.7027027027027,3.2625,0.82841462151807,0.707068693166676,"NKX6-3",0.775422402014801
"MA0048.2","MA0048.2",3,3871,8.10810810810811,9.6775,0.837830855914039,0.708276502738562,"NHLH1",0.77551794287197
"MA1547.2","MA1547.2",1,1349,2.7027027027027,3.3725,0.801394426301765,0.719149648547916,"PITX2",0.786179394621103
"MA1718.1","MA1718.1",1,1375,2.7027027027027,3.4375,0.786240786240786,0.726059043993818,"ZNF8",0.792480849280319
"MA1466.1","MA1466.1",1,1388,2.7027027027027,3.47,0.778876859568502,0.729451436483092,"ATF6",0.794929754403621
"MA0675.1","MA0675.1",1,1398,2.7027027027027,3.495,0.773305494335537,0.732033120432274,"NKX6-2",0.796488866885431
"MA0674.1","MA0674.1",1,1403,2.7027027027027,3.5075,0.770549594498276,0.73331495788945,"NKX6-1",0.796631006058868
"MA0649.1","MA0649.1",1,1412,2.7027027027027,3.53,0.765638159405865,0.735607247119659,"HEY2",0.797868675559254
"MA1939.1","MA1939.1",1,1435,2.7027027027027,3.5875,0.753366607025144,0.741378569288065,"ERF::SREBF2",0.8028700625154
"MA0793.1","MA0793.1",1,1455,2.7027027027027,3.6375,0.743011052289403,0.746297325631512,"POU6F2",0.806933983339073
"MA0743.2","MA0743.2",2,2880,5.40540540540541,7.2,0.750750750750751,0.75632293390303,"SCRT1",0.81649839354274
"MA1635.1","MA1635.1",3,4181,8.10810810810811,10.4525,0.775709936197858,0.757955771396317,"BHLHE22",0.816986594713787
"MA0687.1","MA0687.1",4,5509,10.8108108108108,13.7725,0.784956312275245,0.769098648351839,"SPIC",0.827708032129817
"MA0766.2","MA0766.2",1,1566,2.7027027027027,3.915,0.690345517931725,0.771985647825736,"GATA5",0.829524950769269
"MA1124.1","MA1124.1",2,3040,5.40540540540541,7.6,0.711237553342816,0.783069167420197,"ZNF24",0.840130021480273
"MA0712.2","MA0712.2",1,1626,2.7027027027027,4.065,0.664871513580001,0.784798462302742,"OTX2",0.840681944138541
"MA1147.1","MA1147.1",1,1652,2.7027027027027,4.13,0.654407434068451,0.79013055529876,"NR4A2::RXRA",0.845085539824949
"MA0671.1","MA0671.1",1,1723,2.7027027027027,4.3075,0.627441138178225,0.804044872633748,"NFIX",0.857352536852763
"MA0500.2","MA0500.2",3,4516,8.10810810810811,11.29,0.718167237210639,0.804077740487635,"MYOG",0.857352536852763
"MA1949.1","MA1949.1",1,1794,2.7027027027027,4.485,0.602609298261472,0.817059984986589,"FLI1::DRGX",0.869854630170338
"MA0842.2","MA0842.2",1,1917,2.7027027027027,4.7925,0.563944225916057,0.837643845939413,"NRL",0.890398681090743
"MA0670.1","MA0670.1",1,2025,2.7027027027027,5.0625,0.533867200533867,0.853845415161026,"NFIA",0.906228569465383
"MA1537.1","MA1537.1",2,3652,5.40540540540541,9.13,0.592048784819869,0.863578001715238,"NR2F1.1",0.914790864557149
"MA1118.1","MA1118.1",1,2103,2.7027027027027,5.2575,0.514066134608217,0.86455668413349,"SIX1",0.914790864557149
"MA1574.1","MA1574.1",2,3855,5.40540540540541,9.6375,0.560872156202895,0.883745680054254,"THRB",0.933667191751975
"MA0038.2","MA0038.2",1,2408,2.7027027027027,6.02,0.44895393732603,0.899573616370509,"GFI1",0.948532737522568
"MA1594.1","MA1594.1",1,2418,2.7027027027027,6.045,0.44709722129077,0.900557815827063,"ZNF382",0.948532737522568
"MA0628.1","MA0628.1",0,691,0,1.7275,0,1,"POU6F1",1
"MA0647.1","MA0647.1",0,811,0,2.0275,0,1,"GRHL1",1
"MA0699.1","MA0699.1",0,937,0,2.3425,0,1,"LBX2",1
"MA0706.1","MA0706.1",0,1204,0,3.01,0,1,"MEOX2",1
"MA0716.1","MA0716.1",0,966,0,2.415,0,1,"PRRX1",1
"MA0717.1","MA0717.1",0,966,0,2.415,0,1,"RAX2",1
"MA0721.1","MA0721.1",0,966,0,2.415,0,1,"UNCX",1
"MA0749.1","MA0749.1",0,264,0,0.66,0,1,"ZBED1",1
"MA0795.1","MA0795.1",0,598,0,1.495,0,1,"SMAD3",1
"MA0106.3","MA0106.3",0,1198,0,2.995,0,1,"TP53",1
"MA0862.1","MA0862.1",0,345,0,0.8625,0,1,"GMEB2",1
"MA0876.1","MA0876.1",0,997,0,2.4925,0,1,"BSX",1
"MA0886.1","MA0886.1",0,745,0,1.8625,0,1,"EMX2",1
"MA0889.1","MA0889.1",0,774,0,1.935,0,1,"GBX1",1
"MA0890.1","MA0890.1",0,896,0,2.24,0,1,"GBX2",1
"MA0907.1","MA0907.1",0,1152,0,2.88,0,1,"HOXC13",1
"MA1497.1","MA1497.1",0,812,0,2.03,0,1,"HOXA6",1
"MA1500.1","MA1500.1",0,1023,0,2.5575,0,1,"HOXB6",1
"MA1501.1","MA1501.1",0,842,0,2.105,0,1,"HOXB7",1
"MA1505.1","MA1505.1",0,499,0,1.2475,0,1,"HOXC8",1
"MA1557.1","MA1557.1",0,506,0,1.265,0,1,"SMAD5",1
"MA0469.3","MA0469.3",0,307,0,0.7675,0,1,"E2F3",1
"MA0470.2","MA0470.2",0,705,0,1.7625,0,1,"E2F4",1
"MA0594.2","MA0594.2",0,278,0,0.695,0,1,"HOXA9",1
"MA0623.2","MA0623.2",0,588,0,1.47,0,1,"NEUROG1",1
"MA0700.2","MA0700.2",0,1172,0,2.93,0,1,"LHX2",1
"MA1943.1","MA1943.1",0,992,0,2.48,0,1,"ETV2::HOXB13",1
"MA0642.2","MA0642.2",0,889,0,2.2225,0,1,"EN2",1
"MA0666.2","MA0666.2",0,1037,0,2.5925,0,1,"MSX1",1
"MA0708.2","MA0708.2",0,1037,0,2.5925,0,1,"MSX2",1
"MA0756.2","MA0756.2",0,316,0,0.79,0,1,"ONECUT2",1
"MA0818.2","MA0818.2",0,512,0,1.28,0,1,"BHLHE22.1",1
"MA0828.2","MA0828.2",0,956,0,2.39,0,1,"SREBF2.1",1
"MA0879.2","MA0879.2",0,851,0,2.1275,0,1,"DLX1",1
"MA1498.2","MA1498.2",0,888,0,2.22,0,1,"HOXA7",1
