,n_cells,dynamicColors,moduleColors,moduleLabels,kMEblack,kMEbrown,kMEdarkgrey,kMEdimgrey,kMEfirebrick,kMEgainsboro,kMElightcoral,kMElightgrey,kMEsilver,kMEsnow,kMEwhitesmoke
MALAT1,25,black,black,0,0.9746371943245267,-0.3977761854286292,-0.39558329639055234,-0.8769444564714266,0.10164456204255838,-0.5184770435569003,-0.46401733016946883,-0.22867546927112042,-0.27326109411525773,-0.5571347225210892,-0.33131058811903724
MT-ND5,25,black,black,0,0.9406255757988546,-0.4453392084787897,-0.37837061924512405,-0.8600708010435064,-0.022040927358936948,-0.5368896878918332,-0.5061354933758,-0.24799840627459496,-0.2406803360174968,-0.5748052003764925,-0.35460688570716264
MT-ND1,25,black,black,0,0.9364855356130307,-0.530764783408347,-0.5472601705176771,-0.9445599529824387,-0.051943589305367105,-0.64213835212042,-0.5933321773951138,-0.39928924338666266,-0.02886138751545848,-0.7135918593521637,-0.4618419117553729
MT-ND4,25,black,black,0,0.9357840812721961,-0.5538837290465954,-0.5407168450642033,-0.952931468629563,-0.06943540400231074,-0.6811203446355091,-0.6080558933232021,-0.40072258286115536,-0.008095200016599514,-0.7256776858702997,-0.4611242902979498
CBLB,25,black,black,0,0.9325980482275446,-0.5142225647032803,-0.5550835388506697,-0.9062830731939729,-0.01192912384688176,-0.6883648101117659,-0.6286124837007201,-0.40045543978852366,0.025294896626933697,-0.663955379136194,-0.37492051235203694
MT-ATP6,25,black,black,0,0.930502925897774,-0.5678401955008797,-0.5678346614836489,-0.9625443748500084,-0.07278380941017479,-0.6894769313571785,-0.6120014116472547,-0.4360845940361786,0.0474416616024751,-0.7494087909786459,-0.4681540365527963
MT-ND2,25,black,black,0,0.9294174155513386,-0.5470911103257909,-0.5162318515190198,-0.943788551577542,-0.03591626247557601,-0.681455534307239,-0.596471383853434,-0.39071962555129275,-0.0163419348416367,-0.7172819457506587,-0.42525744246400105
MT-ND3,25,black,black,0,0.9293238833974711,-0.5490354298479743,-0.5569235242138908,-0.9524783475021706,-0.05045746739281689,-0.6800576063485007,-0.6023824635298535,-0.43838171162549827,0.05447032845416884,-0.7298917843611356,-0.4519619747454303
MT-CO1,25,black,black,0,0.9255864712924757,-0.5709682647901295,-0.5761502160459095,-0.9668469850472904,-0.11223621034930475,-0.6879676017029198,-0.6229748758455423,-0.4214812857282623,0.020708273291767543,-0.7488325398691944,-0.4654791811773955
MTRNR2L12,18,black,black,0,0.9250194321804056,-0.5224404332477912,-0.5061011618543855,-0.9149523520726028,-0.014074024952856479,-0.6348912600667695,-0.5734963863120807,-0.3949907237234143,0.004979136162370386,-0.6936215129480252,-0.423009985247757
MT-CO3,25,black,black,0,0.9191679687828194,-0.5710696039455005,-0.5815094874236889,-0.9599400307058623,-0.10005997782367972,-0.6963229397419403,-0.6195366680423858,-0.439667826043784,0.04532772858776449,-0.7569923103585237,-0.4699008806328886
CCND3,25,black,black,0,0.9170751058550592,-0.5473254920918605,-0.5005017434186176,-0.9299565015920876,-0.011786085704510006,-0.6275233188398478,-0.5994850277197734,-0.4559007657590131,0.07380699849917063,-0.6894588080666583,-0.3972740566043677
MT-CO2,25,black,black,0,0.9149452976523513,-0.5682450026068645,-0.5638637444075644,-0.9506741065721958,-0.09996493175542677,-0.6780828858612827,-0.6154552665267425,-0.42140952644116797,0.016418796669239902,-0.7344695905973345,-0.4599052657272922
MT-CYB,25,black,black,0,0.9099304995510542,-0.5376111028874496,-0.5542460175165196,-0.9409523014762735,-0.10107414075742345,-0.6915513475468644,-0.5985323038030411,-0.4030955122481731,0.014977375764704372,-0.7377830523764579,-0.47804102857197217
CELF2,25,black,black,0,0.9087886751039291,-0.34993996339679273,-0.36639903340350427,-0.7642568264083076,-0.0327513145424241,-0.44890715993897673,-0.46521509189193,-0.18681133311471773,-0.27251392824533316,-0.46877252475012166,-0.32219772438731076
PIP4K2A,25,black,black,0,0.9057120775726538,-0.4488258509673189,-0.5163647201458922,-0.9034169171617441,-0.015600745214594217,-0.6165386115081998,-0.6103286885823276,-0.4656508477502549,0.08875841421747205,-0.7005858899684534,-0.35258667597658766
PITPNC1,25,black,black,0,0.9016339430753338,-0.5558005439604577,-0.5078317262966806,-0.8701047281663711,0.16065023709439263,-0.569313345873909,-0.5365252574024373,-0.3060346273049599,-0.042743590257976534,-0.5913164350380571,-0.31713525549944777
FYN,25,black,black,0,0.8949134998420641,-0.5081513957460071,-0.523954644346951,-0.8882314988561171,-0.005961720894232148,-0.6573380326685558,-0.5374005480194987,-0.394438302577724,0.05415637255928982,-0.6803522908083516,-0.4075584898455453
HSP90AA1,25,black,black,0,0.8943391711870086,-0.49258790822953646,-0.5289888962568775,-0.8925991568573955,-0.08604306710843437,-0.67359935503882,-0.5655555412714041,-0.388498032103084,-0.0109850867244887,-0.7186765263861968,-0.45214006018131103
FOXP1,25,black,black,0,0.8726001060736012,-0.5846422924183066,-0.3640165547094311,-0.8013325850271886,0.09224861702858497,-0.4918172319711075,-0.42546973606546873,-0.1538372913347297,-0.12205501725111367,-0.5167560550469341,-0.3575025977047228
CDC42SE2,25,black,black,0,0.8510031676109913,-0.4755431569647838,-0.4750241844027918,-0.8726469003784446,-0.019037736962138282,-0.6438853992488943,-0.5662941873260197,-0.32360225978258983,0.07186422018664283,-0.6433897232261476,-0.3079413659470071
PTPRJ,25,black,black,0,0.8493187672488812,-0.3767030790347552,-0.5013194015135599,-0.7930002117288519,0.04330135514995607,-0.5235954808899954,-0.467112454535356,-0.23935601301124002,-0.04963782404050381,-0.6072855599065679,-0.24431842338305418
SMCHD1,25,black,black,0,0.8452573735144244,-0.3160803227408945,-0.26420410480026074,-0.7136846558623939,0.35832459266351985,-0.3347064122485163,-0.36784629524459667,-0.2666270528464225,-0.28475896544157814,-0.3203829579200038,-0.2636017657564527
AHNAK,25,black,black,0,0.8421252596959843,-0.3931838423346623,-0.4332629450281221,-0.8194879808147914,0.11191208177851,-0.4591398652964309,-0.6422932198383752,-0.3445005636141573,-0.039040156475455216,-0.4947575401948799,-0.5185122414279861
SYNE2,25,black,black,0,0.8379650463064033,-0.252985736357454,-0.1958854417172207,-0.7008940128080623,0.19349441057324324,-0.33950627045538156,-0.4509959874942312,-0.1071823184252117,-0.28546009692728197,-0.28095467891908,-0.08930507958750744
CNOT6L,25,black,black,0,0.8284889062898619,-0.5247585473211664,-0.43335217348635646,-0.8337139016386999,-0.07001223891502845,-0.5631694131106852,-0.5517263976289132,-0.34551196768040177,-0.01906509125024019,-0.629775836316906,-0.5088104475431069
BTG1,25,black,black,0,0.8230048931730526,-0.592153778128789,-0.6429153837814875,-0.9497724924659706,-0.13565695895522836,-0.7309407922688631,-0.6382922636632382,-0.534490964972209,0.28198676304849185,-0.8124980456699844,-0.4848186258460965
CMIP,25,black,black,0,0.8166161981639279,-0.21141470075157218,-0.14136701807665225,-0.5886495261040384,0.14449921248214537,-0.21307559175782165,-0.4281164644423743,0.04906328517732015,-0.4058186165611886,-0.2511881509673687,-0.3499101405075653
MYH9,25,black,black,0,0.8161088808073453,-0.5082264491860271,-0.4851282777868133,-0.8370421323432689,0.0904617536177794,-0.6709327858568912,-0.4644367120817808,-0.44401921395088445,0.10235518833838257,-0.645126050454915,-0.5493721840413774
FNBP1,25,black,black,0,0.8142725129710188,-0.2631848327568272,-0.21214825817289376,-0.652078095005212,0.35905173711261157,-0.3234614771083245,-0.3136030624404555,-0.14869739073781635,-0.29354474104606765,-0.28641035702408274,-0.24430070950276161
PARP8,25,black,black,0,0.7995924645789598,-0.4988817657703507,-0.5851481535978187,-0.8749187118866311,0.023481380823796416,-0.6852580363937498,-0.5077286470795224,-0.5220455314057821,0.24088262838739535,-0.7161194566353793,-0.44968148585909007
RNF213,25,black,black,0,0.7953474700805204,-0.3131038041479707,-0.3632156952475528,-0.7455534844900517,-0.040825414672693135,-0.500753970281668,-0.4865200423947797,-0.33586147653563164,-0.12760407489260234,-0.5292049839340768,-0.2001675269415313
SIK3,25,black,black,0,0.7802718739314407,-0.3371790655484279,-0.430721254662111,-0.6919580106913275,-0.0033738587790834774,-0.48961134917582605,-0.215566468688335,-0.0639474170562548,-0.17527871504525924,-0.4585633605437007,-0.012781054493951708
PACS1,25,black,black,0,0.7720539214369886,-0.42050231411105377,-0.3016090235575095,-0.6968404224924343,0.1254056867356762,-0.48533889466027635,-0.5126095269458023,-0.11128627025810693,0.009593455101170724,-0.5277464167023262,-0.3514804460998294
LRRFIP1,25,black,black,0,0.7701855943596746,-0.462736430207397,-0.49109402420418435,-0.8229153578415884,-0.06300823228533964,-0.5197746503533547,-0.6382067846293723,-0.5673213318135866,0.22734530189910276,-0.6304507389568064,-0.28993458828177593
SAMHD1,25,black,black,0,0.7698918525906684,-0.456291227759677,-0.4748227752656787,-0.7865398941626647,0.011458725531554918,-0.5719315381867931,-0.5900846425745777,-0.3095987158077515,-0.007014163846690751,-0.6366043157232286,-0.43892665041487033
MT-ATP8,25,black,black,0,0.7546005107026741,-0.3070326233940221,-0.3211629420921593,-0.6939002130682295,0.18731693449470654,-0.3629915273640158,-0.33426046325854286,-0.2159162237102654,-0.2893158142368081,-0.3616189750752013,-0.26846279631449155
PHACTR2,25,black,black,0,0.7506747193109508,-0.5123139985698404,-0.5394971034282009,-0.7314025695253036,-0.18347065865279535,-0.48930395263654486,-0.39429538357421823,-0.2186689693220074,-0.00600867653176132,-0.6049363769036846,-0.21902453245338996
AUTS2,25,black,black,0,0.7338364738180699,-0.1794569637928265,-0.33312818590389504,-0.6492228210794987,-0.04629337032510119,-0.43498482743087663,-0.3198693350975088,-0.1460358504426589,-0.09135611575319295,-0.4950773196940418,-0.23828670394006984
CEMIP2,25,black,black,0,0.7274615758315023,-0.4610745766692256,-0.5652607845117937,-0.7557032256847955,-0.2325693434573977,-0.5965968854130145,-0.5078665598045465,-0.31733797191557006,0.05222570280228915,-0.6318994337743261,-0.37499840405458096
PRKCH,24,black,black,0,0.7269599308577881,-0.47094525195077935,-0.45390525781945795,-0.7384530317503201,-0.1269683407129644,-0.5450789556374226,-0.4515794393908192,-0.3200611439620085,0.04588954211555449,-0.6028569359948889,-0.34748795869115473
ARHGAP15,25,black,black,0,0.7251759356906297,-0.35854119501600507,-0.4958357422362164,-0.6921987569701465,0.15171659344438912,-0.2572688453838627,-0.30670870931634014,-0.17549571947861387,-0.12146038169446496,-0.3154648088510002,-0.15359532712474142
MBNL1,25,black,black,0,0.717320961413921,-0.3629000514990628,-0.5229033682626795,-0.751994892020173,-0.07764732389541455,-0.5532836809064701,-0.5123571318620794,-0.4808081368295107,0.17406089929443092,-0.6269058358044967,-0.3351233531288875
AAK1,25,black,black,0,0.7155531400557502,-0.2490811766995915,-0.16090982303952978,-0.5268448110783092,0.23044382572271002,-0.37096365004357656,-0.08409951045798779,-0.04644710308675795,-0.24144602168006832,-0.29704338636643235,-0.26414788674357287
SSH2,25,black,black,0,0.7110975337356417,-0.4290463251599618,-0.4257916816350042,-0.7336946387699685,0.28148637045516395,-0.48788106358702343,-0.17913337282213015,-0.36822218128400397,0.10588760609093818,-0.5884680912034084,-0.330869875511579
DNAJB6,25,black,black,0,0.7076278625889582,-0.297082246525562,-0.3370255431878924,-0.6082640741406713,-0.015944656272479575,-0.179671546960119,-0.3952777711340677,-0.18329569524263312,-0.12439839422835666,-0.4201830566890299,0.019169779926663674
JUN,25,black,black,0,0.700131113837696,-0.5992314737992847,-0.6405372805067903,-0.8471560349793122,-0.26393244199963395,-0.7475317209386415,-0.5430450693455402,-0.43699765454058564,0.2604719339388344,-0.7699917792912333,-0.3443094738137847
IQGAP2,25,black,black,0,0.6788624317662506,0.047620208914703914,-0.035236674514983295,-0.51571801271764,-0.001494834065771243,-0.3977995721109414,-0.4563207930637096,-0.11948180840959412,-0.20795685311325862,-0.290910565519738,-0.0502668465466978
HSPA8,25,black,black,0,0.6785156155753876,-0.48858199707629646,-0.28233023808810664,-0.5591218221118824,-0.0372403694256363,-0.2477790887007467,-0.3733499068964391,-0.13472196002999662,-0.22950863542048425,-0.4021720471807641,-0.2606932970850456
BAZ1A,25,black,black,0,0.674463169151211,-0.348369550305174,-0.10908101177325465,-0.5887616539256075,0.07519293832957281,-0.4275209317876812,-0.3798347629049839,-0.0808391627812978,-0.12225881938054801,-0.34224586010827995,-0.0440171682803148
ARHGAP26,25,black,black,0,0.6652332084493022,-0.42650208641513215,-0.38437901103511996,-0.7193689074301155,0.027578729275255842,-0.619807997624197,-0.4162141728519285,-0.4225238610712616,0.24036181886123884,-0.5364960179902892,-0.2826622067411606
LITAF,25,black,black,0,0.6584113967714635,-0.2793912719438407,-0.40375602513078757,-0.634628478542204,-0.22587314987380694,-0.44684829954120353,-0.3928920454536708,-0.06430957797210175,-0.07722019149324036,-0.5521355196950393,0.0772023628855532
ZNF609,25,black,black,0,0.6460994606409077,0.04581726341268923,-0.12581122447671736,-0.49776153413192753,0.022995004413922538,-0.251375703093642,-0.47255732301171655,-0.03385749116288339,-0.28514894161535304,-0.2566176875578429,-0.26772278312918657
STIM1,25,black,black,0,0.6451556337453273,-0.32379864866662184,-0.13201770517784198,-0.5412671953908129,0.02042299786225688,-0.26456429490229205,-0.4231530922419906,-0.07028818547492083,-0.21443246715532435,-0.36371628340467566,-0.27639258780971493
PLCB1,24,black,black,0,0.6327716768383583,-0.4897679655213098,-0.5506863143481525,-0.6914052952929663,-0.18914668688117947,-0.5961163075225313,-0.44218454578663624,-0.3556695131549104,0.14224604826017173,-0.6230310531808396,-0.44408670944133816
HMGB1,25,black,black,0,0.6242013940361366,-0.17738479725689127,-0.3331802680123034,-0.5708031645736847,-0.24785410305633265,-0.2307221298116617,-0.38314640155339247,-0.35299098864069733,-0.04730990098937139,-0.3966787770849145,-0.31664742147074293
DYNC1H1,25,black,black,0,0.6176929430851085,-0.030000374748012225,-0.12604472117674737,-0.4663180887927405,0.040636752299300895,-0.052033954521214,0.021210238776719167,0.05541918155974315,-0.4629333970602786,-0.1720893786514899,0.041363333593502034
SIPA1L1,25,black,black,0,0.6162254624008567,-0.24382797957077101,-0.004409216157787074,-0.4491965333724835,0.24420731981352545,-0.025878397209600088,-0.13647821011269654,0.0741974006641453,-0.2682373605589497,-0.22196685823050133,-0.13736483754890916
SEPTIN9,25,black,black,0,0.6124917108806109,-0.15235801119723866,-0.5631747879140433,-0.7421037911793591,-0.18650427803728847,-0.6222241402932097,-0.4894652129174935,-0.4781292215780859,0.24565778964812937,-0.6353975340683624,-0.5318522411355971
TAOK3,25,black,black,0,0.6020266759217521,-0.008905490710441775,-0.024451377517702218,-0.383883927240124,0.07857950888548207,-0.299067683985422,-0.3600674518140413,0.2109799060151371,-0.33143902930291164,-0.0539045126960929,-0.052144332296006866
FAM49B,25,black,black,0,0.5943188462744561,-0.2935576466864978,-0.05756204284303035,-0.5720797328001821,-0.02399510386023652,-0.6691097829927921,-0.36235960319626814,-0.2369496542569564,0.0004453313509891548,-0.41393718334635177,-0.4163501127063828
MAP3K5,25,black,black,0,0.5849765558801131,-0.5040428775054562,-0.38119696430412336,-0.5711431857432577,0.09295794806973877,-0.4379835507609034,-0.3465928007716279,-0.2864301386066704,0.018959720403356497,-0.45190248150815615,-0.05459688787680146
RNF19A,25,black,black,0,0.583929179302308,0.06135865094184477,-0.2019092676945085,-0.41476225998804017,-0.0058287287317409005,-0.24520316690641072,0.07050226350870217,0.06174634215998403,-0.2484347853106455,-0.1971702153059161,-0.20287171940557752
GATAD2B,25,black,black,0,0.5806436447505846,-0.09853991755195264,0.026940434339154423,-0.37881976359479264,0.10723892815483278,-0.21519994582097526,-0.11715703781062041,0.25645808955493116,-0.39880447242647205,-0.1879059776963773,0.2631419404148237
RABGAP1L,25,black,black,0,0.5801803598637035,-0.23873062309772808,-0.18874658234401367,-0.49244546139202866,0.36212120588094737,-0.12689786950471277,-0.23095153069587943,-0.04343565342364303,-0.20939955127094045,-0.3412019718891194,-0.2482498670812536
SYNE1,25,black,black,0,0.5799042658748556,-0.27359824674624866,0.23161839152570496,-0.29854176118115483,0.3058182592452309,-0.018754768109612602,-0.058172646110419945,0.25323454135883067,-0.5670219988506301,-0.12021551333350212,0.2783099012267262
CYTH1,25,black,black,0,0.5736354275198123,-0.20861776763705198,-0.006932679332529862,-0.42080962212274803,-0.10162040663245021,-0.12680478768390235,-0.2646085659307279,0.24038970393985132,-0.4676220247379647,-0.15938912768011018,-0.014748185036624738
TTC39C,24,black,black,0,0.5504064514059437,-0.4377471295750248,-0.49721282783162635,-0.6195161620572814,-0.036727115418152254,-0.4518672127027168,-0.4383542471984421,-0.4029049574936679,0.19096683872500486,-0.5140273654752836,-0.3192861272299274
ATF7IP,25,black,black,0,0.5368906273690093,0.287587717772055,0.015512610515759464,-0.2832169708591225,0.21575087768092907,-0.07254878740596837,0.22324350154834033,0.3304134348427462,-0.5276998565165101,-0.18872151293560072,0.014097995058669412
UBAC2,24,black,black,0,0.5318975894919038,-0.2589126455515262,-0.24536147488667995,-0.5119566446834914,0.3234627647333835,-0.26265044541778715,-0.2938338355204072,-0.2515418787686385,0.11523070872627408,-0.3409859800658074,-0.17212456033001405
TMEM131L,25,black,black,0,0.5185887602962427,-0.40204881955637883,-0.48354524910817204,-0.53758949734782,0.18939965751305604,-0.5190304608811674,-0.2165535991239213,-0.381570429663425,0.14407510027739864,-0.47434731263743934,-0.24765756950731918
LYST,25,black,black,0,0.5155897355208198,-0.32512117614365316,-0.19679459911171146,-0.521711918201151,-0.1343885553823009,-0.41138287937455204,-0.4260939587663301,-0.2782122811392717,-0.003017110647330415,-0.4394957055086493,0.1564736308154577
JAZF1,25,black,black,0,0.5145850459786461,-0.15850608263880944,-0.16340633697921286,-0.4709275929776052,0.16380105506460532,-0.4313003419545524,-0.0801444165086045,-0.054906467240377094,-0.027594144329165723,-0.322111360153699,-0.42215769595418934
GPBP1,25,black,black,0,0.5054662975242032,-0.1276534586396205,-0.3689394060399522,-0.566044822185896,0.0780628446614728,-0.41866138004338577,-0.313984740245559,-0.37752453057445984,0.12141546053913108,-0.47896369754345614,-0.17974848422313827
UTRN,25,black,black,0,0.5042284875864346,-0.04799552395739797,-0.2279980807112071,-0.39566810244528794,0.5723949270418138,-0.07095762147653359,-0.17899108584196272,-0.17694630026690425,-0.21876216478839575,0.07089959474428895,-0.1380484289069564
TRPS1,25,black,black,0,0.47258347328830586,-0.3514229454242549,-0.3832945864225653,-0.5810496079609969,-0.07058491468968184,-0.610820051774165,-0.6780298333796728,-0.4287316105502751,0.28383293904427176,-0.547390040490234,-0.34736484048504035
HSPD1,25,black,black,0,0.4637729627426016,-0.1889933864480418,-0.27437253119032917,-0.2930967012315012,0.045822690743945085,-0.1686979900527147,-0.11922519298252862,-0.017186566770428412,-0.2484133630355006,-0.38304529131841725,-0.05997056555481078
DLEU2,25,black,black,0,0.46143859032836676,0.28827952078349234,0.02554450776083727,-0.3523328837061842,0.007371092878723246,-0.21278077155268132,-0.1782361149763493,-0.03625859799273855,-0.30150980487579565,-0.3346227781448122,0.06931779274720404
RPS6KA3,25,black,black,0,0.45613523817567775,-0.5164946950833109,-0.0353202115387963,-0.3720972772727962,0.24937548829651116,-0.2653705941664291,0.04371904697460777,-0.10255739062607037,-0.2449725645366597,-0.29913466081134166,-0.3298028388890451
ARID4B,25,black,black,0,0.45192315827925544,-0.13690064364058346,-0.04170090956154272,-0.27349974611568034,-0.188174686441865,-0.19096370077199146,-0.20557842117789468,0.295655131528056,-0.31314863823977873,-0.3099025602084109,-0.24930541967224376
PRKN,25,black,black,0,0.45115570523074683,-0.09746906748268593,-0.050149201948486904,-0.3494041210950641,-0.11979205225396247,-0.40871123156013667,-0.330130114862866,0.13085537953417797,-0.31743764600831925,-0.04518682722614842,-0.08032365026537121
FKBP5,25,black,black,0,0.43895735377214845,-0.4428753569702649,-0.06819259311145605,-0.30235547963348813,0.020537763836019202,-0.188432608699585,-0.4008786206014398,-0.11406327761409439,-0.17443649152732263,-0.04530818655493845,-0.1214284563054383
ZBTB16,24,black,black,0,0.4099637325401889,-0.17455415641854213,-0.29273090755632286,-0.3952427744482345,-0.14581432507543748,-0.26989956852479263,-0.31468497557327524,-0.08705598680951757,-0.0337686574098899,-0.2332322825631458,-0.2584899147295775
MT-ND4L,25,black,black,0,0.39921516468175,0.07191971820103352,0.11697925438201366,-0.1750742494535353,-0.043875923328446934,0.17722074460689122,-0.11862005484532064,0.16141646481022515,-0.6011484811123295,0.12951700006155029,-0.006026177997351228
ZFHX3,24,black,black,0,0.3661230118733726,-0.2376611020632888,-0.13332332650994852,-0.26319564479658597,0.13100121274245324,-0.2670473366869362,-0.2504233657752496,-0.0649323113222929,-0.14361320566658717,-0.2538519926515641,-0.18033237312738606
PTGES3,25,black,black,0,0.3532068377008291,-0.045025869406353926,-0.3041490524559381,-0.1492082740228071,0.03832120579252955,-0.06868298803307377,0.0468521349714533,-0.04714965734811977,-0.11397138046160413,-0.05720696979503955,0.048209503622753024
GNAQ,23,black,black,0,0.32241221575116585,-0.14096319458671655,-0.1719212111091461,-0.23374444731506225,0.056029085731271126,-0.21751039355550683,-0.28048218601683367,-0.16383602360396887,-0.013368611743037469,-0.24847492906121219,-0.17762365641606404
B4GALT1,25,black,black,0,0.31050369028503777,-0.15861902338363393,-0.3376198820330969,-0.27349548596748197,0.15085297712872514,0.07748045614950878,-0.2897172577767443,-0.24330998080352412,0.047579467529387666,-0.30118564260859887,0.010606601204299378
MAML2,25,black,black,0,0.30125527099731986,-0.012651571887025419,-0.1350075701354073,-0.20870762647095023,0.015448372218426295,-0.05560652876120029,-0.17360900925141814,0.19572119894062076,-0.27145155286623124,-0.19169532420454918,0.2489503602167295
KLF6,25,black,black,0,0.29580560745846884,-0.4966921467777563,-0.6164135257183823,-0.5953409657119543,-0.2320816681783502,-0.5722652031199084,-0.5001300642030535,-0.753538621789772,0.7227409725543954,-0.6010609586257216,-0.4638814365774145
RPS5,25,black,black,0,0.24679992690097066,-0.5412910134961303,-0.7079692965388038,-0.5978626476711347,-0.3329796227436673,-0.7191065896201596,-0.6087910584320033,-0.7059492036174883,0.7754620694058789,-0.7194945516949193,-0.5416253572846036
CCNH,25,black,black,0,0.23823118873415478,-0.3069482022028431,-0.6806618010302342,-0.4910185848250769,-0.2741866223069067,-0.4211441701098423,-0.3845527400961104,-0.503491354775903,0.4143248649557487,-0.4771468820093468,-0.13495630597124275
TNFAIP3,24,black,black,0,0.2196612324313016,-0.3316413027693455,-0.635108449631542,-0.49463808466515874,-0.3577713980156257,-0.5458718768342383,-0.3664287598470748,-0.4700225158364505,0.5108491371641116,-0.6409792191940047,-0.28321469773012237
RPL13,25,black,black,0,0.2005525714190492,-0.5552425409003938,-0.683529833351789,-0.5976118456712752,-0.4256650667074242,-0.6635712339307829,-0.5713242952851205,-0.7500822895975053,0.8691274856671948,-0.750646022990577,-0.5388455047724875
LDLRAD4,25,black,black,0,0.19152265630398596,0.09951818663064692,0.2043950042402954,-0.012411685084811063,0.33576288133165516,0.023460317867397655,0.30231224555756325,0.03943297910607759,-0.2425063220890303,0.015110387302907953,-0.20856303722813
UBC,25,black,black,0,0.1854696149871753,-0.5235355309827429,-0.729221679464484,-0.4440079433708854,-0.20832378738213292,-0.31100374964752303,-0.5475138105079264,-0.3917860183990887,0.4254897394167745,-0.5223077800487392,-0.30996511209333655
RPS18,25,black,black,0,0.18542157485487393,-0.5468735605497448,-0.7586590927497056,-0.581721053164002,-0.4965316437462846,-0.6817365363559761,-0.5411902645316921,-0.7531001928926293,0.8623176219491492,-0.7605785408075181,-0.5320006318084264
RPS21,24,black,black,0,0.16981935951703186,-0.5040872071395753,-0.6797429018236761,-0.5230656518461249,-0.42165488277516255,-0.5948331776402185,-0.4560994196417406,-0.5517358264497584,0.6705914224910975,-0.7130891345720123,-0.45397862792547483
DLEU1,24,black,black,0,0.11457467543890618,-0.27718831317065545,-0.5233244046369776,-0.345509298649434,-0.23220570977587535,-0.45801671508405317,-0.20479957109366898,-0.24228069218518508,0.3201848944990072,-0.49207146903287635,-0.2679393037474741
SORL1,24,black,black,0,0.10835766871873309,-0.29031832322946144,-0.47019995103659346,-0.3077230175299032,-0.32076377171071413,-0.36302593409065415,-0.24469469737429364,-0.1931512229917747,0.3007276558345415,-0.5079030451774829,-0.15517493969367127
PFN1,24,black,black,0,0.08832237042001205,-0.4633197553146338,-0.6114820057299175,-0.44438654142059764,-0.4089903319542921,-0.5829622962872921,-0.4099292069154444,-0.5301629212583427,0.6652236364094345,-0.6414287884765089,-0.43188640359224245
RPL32,24,black,black,0,0.06996737824487552,-0.43336880100066094,-0.6029522405330185,-0.4152630360546608,-0.43369943504956254,-0.550581461350129,-0.3958476732008866,-0.5352365956677515,0.6619867584266393,-0.6186615497233654,-0.3722416990707301
AHR,24,black,black,0,0.05311736164175194,-0.29142173500798413,-0.5886187188748924,-0.3600194497277535,-0.5475896933516861,-0.5138482373283542,-0.34982670069521044,-0.3835064981694092,0.4874491598789838,-0.46322691739487304,-0.3519683325080433
RPL36,24,black,black,0,0.0417210466014483,-0.45970071877225027,-0.6301521485691066,-0.3961527544028058,-0.41793036639784964,-0.5403860677280032,-0.3414882981030873,-0.4841718419783044,0.6887786957475498,-0.6390298277038318,-0.38809421589247306
SOD1,24,black,black,0,-0.010288696340555462,-0.37881944418973684,-0.6073210550904411,-0.3066819753880933,-0.3738849296947292,-0.336863307821868,-0.27990175537222794,-0.42035110071749116,0.5372463033554158,-0.5602182185101862,-0.3310560716640784
RPS23,24,black,black,0,-0.026657134626535944,-0.42228003271194775,-0.6174775497881744,-0.3486881189162289,-0.4814744667815776,-0.5379122337934057,-0.37724177531805814,-0.5136395026663879,0.7114325951874044,-0.5972648933048704,-0.37839730130508065
RPS3,24,black,black,0,-0.03135322305165837,-0.3978950604142665,-0.5972762199211543,-0.3392331061682539,-0.45480126276775507,-0.4558907517502109,-0.36506351781084295,-0.4981094637212864,0.6907111408509269,-0.5624337608730305,-0.3400748171426382
RPS7,24,black,black,0,-0.04047634361582238,-0.33526613412859907,-0.549863673571864,-0.29455804795717433,-0.47428600994802306,-0.4091903376979893,-0.2717328180344295,-0.4143062363467268,0.5828038946051712,-0.5116042502164859,-0.32735961159386184
FAM107B,25,black,black,0,-0.04561219372226865,-0.11609176555630471,-0.35269648636940737,-0.2096310323631583,-0.560937966213607,-0.4518998639703419,-0.029932746707238226,-0.1814295353527392,0.5176863385880048,-0.46113013141530956,-0.1374331980382751
IRS2,20,black,black,0,-0.05222144515904406,-0.30428471182341593,0.04397845334831262,-0.06505409176980455,0.16601922521943793,-0.22165227262010337,-0.13822869769861326,-0.15852871952625242,0.16128594444258365,-0.182372842013675,-0.25768688286820557
RPL10A,24,black,black,0,-0.05708258855279876,-0.43884947214469167,-0.5773174633381573,-0.3033008435934882,-0.3735381486493018,-0.4913048343446666,-0.32195426837110575,-0.4509051381905245,0.6663204957034916,-0.49785138272813567,-0.3726337692143609
RPS3A,24,black,black,0,-0.11658129282442968,-0.3075435069319884,-0.5941029315055024,-0.2465418217265688,-0.40656289564272735,-0.4022024118644607,-0.24720745842543218,-0.44016284691301427,0.671853210280286,-0.4944106808263969,-0.3226549550933225
RPS4X,24,black,black,0,-0.12389045633218392,-0.35711075614537424,-0.5088797227486059,-0.24183024665678762,-0.5066720636648439,-0.4489665370644469,-0.2896518020590591,-0.38469645042430317,0.6682698382969465,-0.5207035173865363,-0.33632772661470495
UQCR11,22,black,black,0,-0.1273731183629949,-0.23871985007319138,-0.3120434560253137,-0.0342695812624568,0.17252773192441426,-0.1472698884252231,0.025200546058020957,-0.06659350732538223,0.23073224570026954,-0.16270261464844096,-0.2583365977131373
RPS14,23,black,black,0,-0.135736938375866,-0.42215584207477297,-0.6138306314973638,-0.30246601078156654,-0.4532765025658688,-0.5264479209329602,-0.37836796640014003,-0.6648031888824728,0.955426931347992,-0.5957172013904677,-0.4212203265716173
ACTG1,24,black,black,0,-0.1419142649188049,-0.2797879822688121,-0.4945942122257817,-0.19344146956104005,-0.4828401899637653,-0.39358842179706677,-0.2197288258550103,-0.4004881253174084,0.5898828959664485,-0.43245054363027463,-0.29356658088438636
RPL8,24,black,black,0,-0.1527844734662977,-0.3410014369385957,-0.5450300795340479,-0.20245543787315315,-0.4705144579684889,-0.4070700113784299,-0.28432171866282674,-0.42521221266996556,0.6843504009783274,-0.4547052467315638,-0.2952327968665248
NDUFA4,24,black,black,0,-0.16856814475251458,-0.1550474556577545,-0.3535198783816387,-0.11475086840550248,-0.4023154935897291,-0.31934944189956316,-0.14261471916711546,-0.3235905392590819,0.4508744273372963,-0.2960546316008138,-0.28881476718422594
COX4I1,24,black,black,0,-0.16886994517626047,-0.2601593054444861,-0.43175620832429223,-0.19108407244564524,-0.5005884801070154,-0.4482439673809244,-0.19690158845187591,-0.39579839758150726,0.6448802466176301,-0.49419786360193513,-0.33204640340105057
RPL31,23,black,black,0,-0.17532991748415241,-0.3961892144117632,-0.5825212075673397,-0.2567558179041175,-0.4186621719598718,-0.4878188557981853,-0.36549947683501754,-0.671101061106552,0.9555225594505433,-0.5521280937543092,-0.4241115850916052
RPS15,23,black,black,0,-0.20084158375842526,-0.3472212088651009,-0.5760549071359297,-0.233983246801372,-0.4480148370743689,-0.4642609096245651,-0.3283503091975326,-0.6557846920263763,0.9560216092849749,-0.5444472380600007,-0.3722968662702272
FAU,23,black,black,0,-0.20314080340958338,-0.38655725179872447,-0.5572900504273898,-0.23997456858837737,-0.45203573881762804,-0.4539779937418162,-0.34517328192407837,-0.6684157948889506,0.9549583266369849,-0.5320145142033467,-0.36249549606168135
RPS25,23,black,black,0,-0.20968622195381237,-0.37076935078230844,-0.5783116096209877,-0.22531759111119187,-0.4401947327125627,-0.4532783601410099,-0.3334584341243064,-0.6387625189256013,0.9557757144671329,-0.5267862198014678,-0.3704231298627776
TPT1,24,black,black,0,-0.23651500711987697,-0.30454805228663195,-0.4773307116167311,-0.11935447678373984,-0.46376381025728186,-0.36893915579121045,-0.21309951720711737,-0.3832656621291112,0.6580503490121156,-0.36829964646699775,-0.24166602103462723
RPL18A,23,black,black,0,-0.2423683143453722,-0.29217343712010646,-0.5560762166578537,-0.18905771185417317,-0.42081707586723194,-0.4040930260291592,-0.2814886542870275,-0.6493547040436015,0.9566347264958448,-0.5062202503915255,-0.3445183783802341
HNRNPK,25,black,black,0,-0.27592853946296964,-0.2116177098954523,-0.17708939268294266,0.13432442053947385,-0.45095110024962143,0.03424109787446785,-0.052123410107860826,0.29873153341770037,0.3381259476908431,-0.13297931923125517,-0.1485742648929668
PPIA,23,black,black,0,-0.32389351727961,-0.2924397013042108,-0.4605356369890335,-0.10473673719354129,-0.49388505384334835,-0.392817662952279,-0.30312019054764283,-0.5231086474523745,0.9267236499882702,-0.4571588109793491,-0.32209874733309773
RPL18,23,black,black,0,-0.32663751142113545,-0.28756900546708447,-0.48037025403323425,-0.10558728086578024,-0.40561090066861666,-0.3593501519255909,-0.23590486366409535,-0.6030932145274767,0.9518714112098,-0.4413574484931592,-0.2899975113245204
RPL15,23,black,black,0,-0.354990490953236,-0.31106970748300017,-0.49076289393127304,-0.0631335074588564,-0.38428658668044624,-0.3505136350843048,-0.2687110907539762,-0.5643069140278543,0.9442020410918779,-0.4186332146461076,-0.30440756230742744
DCXR,20,black,black,0,-0.41930663327875545,0.19749351156884698,-0.27271756920142926,0.21831932788194916,-0.43985530858036065,-0.03694722747740218,0.07171363455682782,-0.30443476487814436,0.4848629578371982,-0.1587547877927426,0.2890609023488428
CALR,24,black,black,0,-0.4243212612829372,0.039592916270361815,-0.18162830066881733,0.18728294530339298,-0.33680211707748553,-0.013757653900953098,-0.026469033779014012,-0.09092027142955696,0.35055856465168767,-0.07605549791605912,0.01832153675305396
PIK3R1,24,black,black,0,-0.4267967583935599,-0.10705589796882332,-0.3129783885396368,0.12150946943132013,-0.286808371284952,-0.11122671451485516,0.051515153316828655,-0.1763180371727192,0.5133625135203854,-0.1777266676019564,-0.12895233559033165
RACK1,23,black,black,0,-0.43537399238680075,-0.22286259279447365,-0.37330894976713125,0.023979893696915274,-0.4560477671504462,-0.2915303976371962,-0.19702978037032165,-0.5323040067980619,0.927293635496211,-0.32642185754424136,-0.26356760993750394
EEF1D,23,black,black,0,-0.43541844591920653,-0.22149295775115213,-0.3826189845575854,0.02286019399638756,-0.43139328703243957,-0.2689540181546308,-0.19309412922541383,-0.5099796967421637,0.9267048426961171,-0.308442016039258,-0.1995896135970432
DDX3X,23,black,black,0,-0.43840159248914645,-0.012011557615708802,-0.06974737693344257,0.33006853455586593,0.33166061197125973,0.17109291971289778,0.3046264636369529,0.15943883859566968,0.11180298973133347,0.17264664031901436,0.05171458077580522
BRAF,23,black,black,0,-0.4622108349345533,0.3583990824562279,-0.036671070188743195,0.32580226780869487,-0.19490238013562824,0.09287765965631839,0.5875756578872837,0.1711264831244951,0.2018296800001486,0.08337014776398216,0.010510936625315746
CEBPD,22,black,black,0,-0.46816373318501425,-0.19097493326769877,-0.17820846111003785,0.1622853908618815,-0.4108127489001937,-0.1608375521430153,-0.12151947985310038,-0.003521626398410926,0.6868344975642033,-0.1445268618788278,-0.24725137144863235
HINT1,22,black,black,0,-0.4744511207538444,-0.15552882878231625,-0.22724268293033786,0.18835890397074226,-0.4689128486013231,-0.09990915489753699,-0.0685261331934688,0.022244223188051908,0.6653240042799428,-0.21279196497220856,-0.20893298541121103
KLF9,20,black,black,0,-0.4745593047141726,0.2105417198700058,-0.168801607897432,0.2929783784835219,-0.27316437473609173,-0.1155450318360133,0.15471832166746097,-0.26571815466806836,0.45975999500813747,-0.07668555287881527,-0.05612428058152285
ATP5F1B,21,black,black,0,-0.4795251684790517,-0.1497556846395744,-0.17254163171301679,0.22388290789076667,0.09236491524227446,-0.046016946312407624,0.0326197586911602,0.042316284473197324,0.5717557365483151,-0.028275196356435446,-0.20395148521518
SCP2,22,black,black,0,-0.48102251779410454,0.015390721081852394,0.29612116103138636,0.36798127865805147,0.23771394280580208,0.036564765158399515,0.20486559412852845,-0.027231346381449282,0.15936049169516261,0.2526149103644171,0.09237129040875086
CHCHD2,21,black,black,0,-0.48268805548168486,-0.11694240738853527,-0.22713009441508672,0.26865923927878316,-0.3079477428363718,-0.10163668236312476,0.20260898706472255,-0.20476398236669513,0.5494130600915211,-0.19078679086739994,-0.1681633908012583
NME2,21,black,black,0,-0.4872804870779518,-0.03639960763700731,-0.24768499711965217,0.22885398806716323,-0.4222369607617189,-0.02049479547357463,0.22942790257906123,-0.2702507459900418,0.5655964227513968,-0.11195360751086919,0.34854667004793527
GPX4,21,black,black,0,-0.4955856122782867,-0.20104091659329354,0.08019659524977767,0.2361250248761957,0.11353300309634962,-0.10097030783783956,0.00163105198831349,-0.3524914427548597,0.5804069378837331,-0.005566159884662564,-0.1457971351486505
ALDH1A1,20,black,black,0,-0.5168356457365937,-0.10684337026910148,0.20612739496181112,0.3490715901682562,-0.35727870011365903,-0.0046058246740786025,-0.0787067140718332,0.09405120899898924,0.4464753223530324,0.021635742939116184,-0.10600502010379852
GLUL,21,black,black,0,-0.5321580703862338,0.1629161134780244,-0.2260152249762238,0.2900971480684012,-0.4107107907197346,-0.012997102476813979,0.12451166781946163,-0.2734791195372537,0.5287611711271324,-0.07759175811176199,-0.13088922017875906
TMEM123,22,black,black,0,-0.535442685896869,0.4538482624423562,0.11629352395258877,0.4883917031615516,-0.24571869379465786,0.22914805599805838,0.42195509759997857,0.1528120022579229,0.03810534655594518,0.1984454385941315,0.19526421822730852
CLTC,21,black,black,0,-0.5444253550644383,0.4746021859178885,0.1229212498292141,0.5315322422600115,-0.18546182486056717,0.3504198108460901,0.39705324554771904,0.198291915415596,-0.053074383444337785,0.3231260129095657,0.6018627900103095
ACSL1,21,black,black,0,-0.6047179208762902,0.0057142448956793955,-0.1275128629720484,0.39420509999117836,-0.33779962116236917,0.11319855689515904,0.09738871536930066,0.1573143694322917,0.49633847058968084,0.03080253929665971,-0.07371215831611778
ZFAND5,22,black,black,0,-0.6097039711209309,0.0010496749459677236,-0.12006520828353225,0.3438469665591993,-0.3666469475617602,-0.00562689587198618,0.032188853938564625,0.07260582911966874,0.6411571541882402,-0.021721861974336832,-0.12478441753750022
TSC22D3,25,black,black,0,-0.6246690915196135,0.28318812205714905,-0.06358300612326144,0.39271709315527825,0.015737836776683962,0.07333932895664558,0.3896152456292026,-0.06282538436899751,0.5304507993009581,0.08308151995335639,0.09504452466892739
MT2A,22,black,black,0,-0.6315442282911778,0.04991425686718213,-0.14733199783859532,0.3639385641313759,-0.3095670994010642,0.14412760769400135,0.022311318406886143,-0.237433118806019,0.6374621586453657,0.04073204587211304,0.4057843501985779
AL391117-1,17,black,black,0,-0.675909416376828,-0.004203991687787739,0.055037986981407376,0.5112808755424818,0.014722664475076714,0.4386788239073565,0.33375022097638307,0.19691955336023514,0.22326833191844236,0.43469430224605643,-0.012517212339488827
EEF2,25,black,black,0,-0.7373808815163898,0.014180748290211624,-0.04396070645201938,0.40772773139252333,-0.05822931662046757,0.25175453321854485,0.16797413765086336,-0.2460176518296594,0.5955738217031955,0.1428592682637184,0.005361412835645825
SCARB2,21,black,black,0,-0.7717942617085984,0.13914458117211526,0.06768209061635608,0.5480158019623566,0.1458173612085113,0.49385760634157466,0.27829099936711327,-0.07376860664422724,0.40518068723501555,0.29450710548133024,0.04949792189569177
