tf,mean_cirrhosis,mean_hepatitis,mean_diff,statistic,pvalue,padj
ELK3,-1.2361755866013204,0.05029662249376665,-1.286472209095087,106821.0,4.634400887715441e-31,3.207005414299085e-28
ELK1,-1.1588765972581012,0.04602272057661065,-1.2048993178347118,108827.0,4.61596103641627e-30,1.5971225186000295e-27
ETV3,-1.1322890571238096,0.04166513984426893,-1.1739541969680785,109403.0,8.866711962580029e-30,2.0452548927017938e-27
ETV5,-1.1502279571174612,0.04205744824552167,-1.1922854053629828,111685.0,1.140683379092259e-28,1.639321660973931e-26
ETV4,-1.141819372814978,0.04530409786389048,-1.1871234706788685,111719.0,1.1844809689117998e-28,1.639321660973931e-26
FEV,-1.1333964969792945,0.038302666976473464,-1.171699163955768,118039.0,1.0724257047356271e-25,1.2368643127950901e-23
FLI1,-1.172859606021888,0.03299899617200601,-1.2058586021938942,119660.0,5.775683434134222e-25,5.709675623458402e-23
ETS1,-1.2450823208434962,0.03712683768962106,-1.2822091585331172,120643.0,1.5835762870427998e-24,1.3697934882920218e-22
ELF4,-1.190099716886536,0.04283364821990469,-1.2329333651064407,122115.0,7.046281220157187e-24,5.417807338165303e-22
ETS2,-1.0043292484890376,0.026644043844792978,-1.0309732923338306,123262.0,2.2223262871790413e-23,1.5378497907278966e-21
ELK4,-1.1860416017217361,0.04470475539623479,-1.2307463571179709,124064.0,4.923976473419099e-23,3.09762883600547e-21
ELF2,-1.176524109608021,0.04685380388389321,-1.2233779134919143,124974.0,1.2052272753507738e-22,6.950143954522796e-21
ERF,-1.2597175786052777,0.033319175148661354,-1.2930367537539391,125462.0,1.9413590717086865e-22,1.0334003674018547e-20
ETV6,-1.3964993835674695,0.05875208820683782,-1.4552514717743072,126419.0,4.91140854585261e-22,2.4276390812357186e-20
ELK1::SREBF2,-0.8780740949527511,0.03449920316182351,-0.9125732981145747,131916.0,8.549037328413396e-20,3.9439558875080465e-18
ELK1::HOXA1,-0.8897110586328898,0.033539444740643215,-0.923250503373533,132575.0,1.555983486656246e-19,6.729628579788264e-18
ETV2,-1.2076602961715577,0.03678648991190267,-1.2444467860834603,134000.0,5.599699649712067e-19,2.279407151529853e-17
ETV7,-1.0821958346144946,0.04336795642698595,-1.1255637910414806,136255.0,4.081474724995678e-18,1.569100283165005e-16
ZBTB7A,-0.9785891101372752,0.031631656992577216,-1.0102207671298524,137441.0,1.1374868667205283e-17,4.142846904055819e-16
TFEB,-0.7506193461343704,0.026009183505529023,-0.7766285296398995,138295.0,2.3594447165150204e-17,8.163678719141971e-16
FOXB1,0.6161277544916814,-0.036391909985440764,0.6525196644771222,305480.0,6.820273054932064e-16,2.2474423590538042e-14
TCF7,0.6175079619650259,-0.0329569816984665,0.6504649436634924,305067.0,9.526188903730134e-16,2.99641941880966e-14
TFEC,-0.6905634797252059,0.020968269059537442,-0.7115317487847433,143577.0,1.8389857942015614e-15,5.5329485634238287e-14
MAX,-0.6619900794464864,0.029239964544198065,-0.6912300439906844,147080.0,2.848764902992974e-14,8.213938803629741e-13
EHF,-1.4646634216134131,0.043672580180381504,-1.5083360017937946,147484.0,3.877942909103862e-14,1.073414597239949e-12
FOXJ2::ELF1,-1.4010200653189409,0.019147727591833787,-1.4201677929107746,148456.0,8.092161289425502e-14,2.1537598508778642e-12
ERF::FOXI1,-1.2161893904784529,0.026234099475247546,-1.2424234899537003,149051.0,1.263773290394643e-13,3.2390041368633074e-12
FOXA2,0.6212006300993338,-0.019170356447431855,0.6403709865467656,297672.0,2.8597738871543994e-13,7.0536582474746445e-12
TFE3,-0.6249299730440868,0.024751304741833322,-0.6496812777859201,150198.0,2.9560128493752124e-13,7.0536582474746445e-12
USF2,-0.5981020831481942,0.022250993065715482,-0.6203530762139097,150747.0,4.419719541883267e-13,1.0194819743277402e-11
ETV2::FOXI1,-1.251324165739547,0.01616656641152223,-1.2674907321510693,151636.0,8.425507801107924e-13,1.880790773666672e-11
ELF1,-1.2089412069868344,0.031259134055771874,-1.2402003410426063,153997.0,4.505244395284355e-12,9.742591004802419e-11
MITF,-0.6023273666051848,0.021305155659393078,-0.6236325222645779,154216.0,5.249004449870426e-12,1.0810526996591728e-10
HOXB2::ELK1,-0.7117604861363709,0.009565757358961506,-0.7213262434953324,154233.0,5.311530605261832e-12,1.0810526996591728e-10
ELK1::HOXB13,-0.7119482851800857,0.02446733431323351,-0.7364156194933192,154637.0,7.032026848162905e-12,1.3903321654082085e-10
ERF::SREBF2,-0.5332742699466728,0.024681164924958518,-0.5579554348716314,154854.0,8.170604721420728e-12,1.5705717964508733e-10
ARNT2,-0.5734354717622011,0.02588201746416549,-0.5993174892263666,155489.0,1.2642728264543608e-11,2.3645318808281557e-10
USF1,-0.6299907820192113,0.0267992334762027,-0.656790015495414,155727.0,1.4875273342972343e-11,2.708865566667595e-10
ETV2::DRGX,-0.6815781648779573,0.02380299662865042,-0.7053811615066077,156699.0,2.873712141376696e-11,5.098996927776086e-10
TLX2,-0.5389024025762192,0.03819244911832205,-0.5770948516945413,157351.0,4.4469737309768715e-11,7.693264554589988e-10
FLI1::DRGX,-0.7149630789906322,0.024191575829166704,-0.7391546548197989,157787.0,5.941249882823003e-11,1.002767053393541e-09
FLI1::FOXI1,-1.1218482137494503,0.006599606114586652,-1.1284478198640369,157848.0,6.186100281581566e-11,1.0192336654415342e-09
ETV1,-1.2308815589333946,0.018341692281072065,-1.2492232512144665,158124.0,7.423018952990189e-11,1.1945881663881887e-09
MYC,-0.50582036824509,0.018705422135291798,-0.5245257903803818,158449.0,9.191611838180673e-11,1.4455898618229605e-09
FOXC2,0.49056579790355676,-0.029693449158515885,0.5202592470620726,289018.0,1.1617625741249659e-10,1.786532669543281e-09
SPIC,-1.1097211595489052,0.03265148312689445,-1.1423726426757996,159338.0,1.6406578563702975e-10,2.4681200795831435e-09
SPDEF,-0.6135965570110055,0.01321440521358631,-0.6268109622245918,159568.0,1.9036290963389145e-10,2.8027900737585723e-09
FOXP1,0.5336387332297146,-0.021903464782240804,0.5555421980119554,288027.0,2.2076306747718433e-10,3.1826675561294077e-09
ELF3,-1.1324403064442186,0.021087105433332087,-1.1535274118775507,160017.0,2.5409055908379843e-10,3.588380956856908e-09
NR2F1.1,0.49742585039255116,-0.026244683248373965,0.5236705336409251,287284.0,3.550433156807322e-10,4.913799489021333e-09
SPIB,-1.1554103658362984,0.017876466245250647,-1.173286832081549,160964.0,4.6423288512343436e-10,6.299003068733658e-09
FOXA3,0.49297031107191674,-0.017056057576493113,0.5100263686484099,285780.0,9.140316165021022e-10,1.216365151191259e-08
MLX,-0.4998504353780848,0.016309196797973696,-0.5161596321760585,162378.0,1.1236163183067737e-09,1.46706130616658e-08
FOXO1::ELF1,-0.9344798296343122,0.012894910112690922,-0.9473747397470031,162611.0,1.2974088831978932e-09,1.6626054577276704e-08
FOXO1::ELK1,-0.986898561596251,0.01625131238465537,-1.0031498739809064,163451.0,2.1695923400045204e-09,2.729741635060233e-08
GABPA,-1.0936675898441652,0.017052329671972007,-1.1107199195161372,163643.0,2.437849958644069e-09,3.0124860203244565e-08
ETV5::FOXI1,-0.761293953783111,0.01876228075452655,-0.7800562345376376,163732.0,2.572904271512581e-09,3.1235960629591334e-08
FOXO4,0.47651654538115606,-0.012482140199067989,0.4889986855802241,283689.0,3.283265791781604e-09,3.724622832644049e-08
FOXI1,0.47651654538115606,-0.012482140199067989,0.4889986855802241,283689.0,3.283265791781604e-09,3.724622832644049e-08
FOXL1,0.47651654538115606,-0.012482140199067989,0.4889986855802241,283689.0,3.283265791781604e-09,3.724622832644049e-08
FOXP3,0.47651654538115606,-0.012482140199067989,0.4889986855802241,283689.0,3.283265791781604e-09,3.724622832644049e-08
FOXD2,0.44072562240576496,-0.03309506905736479,0.4738206914631298,283442.0,3.808091552413985e-09,4.250321539145931e-08
RAX,-0.4349257434061175,0.023443215353455466,-0.45836895875957295,164523.0,4.14092864136334e-09,4.5484486028943356e-08
BHLHE40,-0.49789157424147407,0.02282057472763339,-0.5207121489691074,165451.0,7.182210378793988e-09,7.695986840137303e-08
IKZF1,-1.0003968833887629,0.023328372732956074,-1.023725256121719,165462.0,7.228889372961339e-09,7.695986840137303e-08
TCF7L2,0.47173454454486674,-0.025927836184684496,0.4976623807295512,282084.0,8.516542875440565e-09,8.929466166371017e-08
FOXK2,0.46150482131075266,-0.019243833249164344,0.480748654559917,282013.0,8.878277739957263e-09,9.169803277687203e-08
HOXB9,-0.4638417990118881,0.01790252924887029,-0.4817443282607584,165860.0,9.13124739956503e-09,9.292387059557355e-08
HEY1,-0.49580024313765,0.030556631101452254,-0.5263568742391023,165899.0,9.341931983367171e-09,9.369010047087076e-08
PDX1,-0.4846151211980131,0.03192164707391249,-0.5165367682719256,165986.0,9.829089788089167e-09,9.716757333368147e-08
FOXA1,0.4641555439498119,-0.0062941111841072275,0.4704496551339191,280810.0,1.7833929831135542e-08,1.7381802032599712e-07
SCRT1,0.44141256626125897,-0.04206880789824797,0.4834813741595069,280661.0,1.9424434469405822e-08,1.8669039795595595e-07
BHLHE41,-0.48765948081947386,0.013787051766939368,-0.5014465325864133,167224.0,2.0103077821032983e-08,1.8955939619266073e-07
NFE2,-0.649611702257971,0.015519773242015998,-0.6651314754999871,167240.0,2.028790247623893e-08,1.8955939619266073e-07
FOXO1::FLI1,-0.8051442975569887,0.013019883583236223,-0.8181641811402249,167262.0,2.0544732246314385e-08,1.8955939619266073e-07
VENTX,-0.3897289237085915,0.0348568943703151,-0.4245858180789066,167420.0,2.2484244853117423e-08,2.0472496629417442e-07
CLOCK,-0.43668037538278553,0.030228019806258406,-0.4669083951890439,167625.0,2.5267150129638795e-08,2.2707620635987073e-07
JUN::JUNB,-0.6408299688824444,0.0007752051801736539,-0.641605174062618,167710.0,2.6516613349217285e-08,2.3524995432895336e-07
SP8,0.45735269674168794,-0.05397918619334931,0.5113318829350373,279807.0,3.156627016835543e-08,2.765045437531893e-07
CEBPG.1,-0.4650857815451843,0.05728593082034905,-0.5223717123655334,168352.0,3.809566624818652e-08,3.2952751304681344e-07
ERF::FOXO1,-0.6628465264736633,0.0042240933129405155,-0.6670706197866038,168402.0,3.917953335472738e-08,3.3471897631446105e-07
KLF15,0.3709954820341871,-0.03723392249169473,0.4082294045258818,278986.0,5.0015496769267045e-08,4.220819971260097e-07
FOSL2,-0.650193971867852,0.006413478578578062,-0.6566074504464301,169432.0,6.946135849048036e-08,5.769780548367803e-07
STAT1::STAT2,-0.7771429917188355,0.008413873743920431,-0.7855568654627559,169447.0,7.003779856400222e-08,5.769780548367803e-07
NR3C1,0.40804786672118204,-0.018238287179183275,0.42628615390036534,278016.0,8.544177001298583e-08,6.955965276351317e-07
HNF4A,0.5340738051780581,-0.02286099510482627,0.5569348002828844,277955.0,8.83416613454748e-08,7.108422052449834e-07
LBX2,-0.3905774991420698,0.02095924161514216,-0.41153674075721197,169952.0,9.239040348303289e-08,7.34875393221365e-07
HESX1,-0.3721832731284951,0.022220167124434503,-0.3944034402529296,170173.0,1.0421714176164094e-07,8.195257056710857e-07
TCF7L1,0.3996454786168975,-0.019038720464839867,0.4186841990817373,276947.0,1.5257030252540996e-07,1.1862769589616145e-06
KLF7,0.3836761601506244,-0.034577392583341506,0.4182535527339659,276824.0,1.629820126771401e-07,1.2531505863620107e-06
TGIF2LX,-0.45606215311510423,0.024963421686659035,-0.4810255748017633,171053.0,1.6758741898690356e-07,1.2744010322960138e-06
FOSB::JUNB,-0.6511558793295704,-0.002134770823407374,-0.649021108506163,171120.0,1.7370710616407298e-07,1.306579537668897e-06
FOSL1::JUNB,-0.6146520344380518,-0.00670540119008504,-0.6079466332479668,171216.0,1.82853553340916e-07,1.3605877302356328e-06
ETV5::HOXA2,-0.5049464416628492,0.015711354531104345,-0.5206577961939536,171352.0,1.9661194548623013e-07,1.4473985774092687e-06
SREBF2.1,-0.4054879845196175,0.011462623045051976,-0.41695060756466945,172512.0,3.624451931544309e-07,2.640127091188065e-06
FOSL2::JUN,-0.6100752011628036,-0.013786352123568405,-0.5962888490392352,172631.0,3.856372111949777e-07,2.7798015640304646e-06
BACH2,-0.540383727086707,-0.004233439013722597,-0.5361502880729844,172807.0,4.2258199321263385e-07,3.0147086526097178e-06
KLF3,0.40322795509491144,-0.0433205719885586,0.44654852708347004,274851.0,4.607796927881783e-07,3.2536688511165243e-06
HOXC10,-0.4342358351226031,0.018100635521084908,-0.45233647064368804,173069.0,4.839731418683314e-07,3.38292337548369e-06
FOSL1::JUN,-0.6175371862280163,-0.006477839063185339,-0.611059347164831,173129.0,4.991974828848375e-07,3.454446581563075e-06
RFX1,-0.45313156019900336,0.007430472863456213,-0.4605620330624596,173248.0,5.307702893931233e-07,3.626954705813879e-06
HOXC9,-0.41256152234673443,0.013981974462932133,-0.4265434968096666,173262.0,5.346089306257452e-07,3.626954705813879e-06
KLF12,0.3491529114262622,-0.033591659250429555,0.38274457067669176,274497.0,5.530688424475143e-07,3.7157634851813583e-06
FOS::JUND,-0.6065892664940832,-0.004663676572730412,-0.6019255899213528,173455.0,5.903340343798556e-07,3.924643946138626e-06
GBX2,-0.3716541641510609,0.02188313793342154,-0.39353730208448245,173472.0,5.955023328678551e-07,3.924643946138626e-06
HOXB13,-0.45085804612720787,0.007690328589068401,-0.45854837471627624,173493.0,6.019469385328548e-07,3.929691334572976e-06
FOSL2::JUND,-0.598702544180806,-0.006578082967291036,-0.592124461213515,173628.0,6.450105147686263e-07,4.171469871213919e-06
TP63,-0.3960140829600905,0.024020106403522878,-0.42003418936361336,173790.0,7.006128627802102e-07,4.489112046702828e-06
FOXC1,0.36699355146452,-0.027249758124512947,0.394243309589033,274002.0,7.124922356181063e-07,4.4913648450040295e-06
CUX1,0.40943356793120544,-0.024254926189606726,0.4336884941208122,273998.0,7.139452788301203e-07,4.4913648450040295e-06
RFX2,-0.4471905729739874,0.005652782454069565,-0.452843355428057,174179.0,8.536281425460669e-07,5.321717789566471e-06
HES2,-0.43627192612348414,0.025240676175702803,-0.46151260229918695,174315.0,9.14356461097043e-07,5.649416706063873e-06
VAX2,-0.41517205621730113,0.026630485985643597,-0.44180254220294474,174446.0,9.767718529677064e-07,5.981647099589849e-06
FOXD1,0.3966405602605119,-0.008973826976750884,0.4056143872372628,272756.0,1.3341680865056663e-06,8.098634349665975e-06
ATF4,-0.3674710071457026,0.04785018710272624,-0.41532119424842884,175283.0,1.4837418836852597e-06,8.858633471641058e-06
FOS::JUN,-0.5966483096814552,-0.009089381774383546,-0.5875589279070716,175300.0,1.4962916044698064e-06,8.858633471641058e-06
MLXIPL,-0.3882940183874937,0.01692604838091859,-0.4052200667684123,175302.0,1.4977747343670574e-06,8.858633471641058e-06
HEY2,-0.3978079801598071,0.028370052776169215,-0.42617803293597634,175331.0,1.5194395992620055e-06,8.910611887197524e-06
MYCN,-0.3878123976593904,0.0044415696552169105,-0.3922539673146073,175432.0,1.5972696485243288e-06,9.28832434267929e-06
JDP2,-0.562163523971434,-0.01201261643702023,-0.5501509075344138,175580.0,1.718276215701526e-06,9.908726177212134e-06
ATF2,-0.5068456815899862,-0.008262590006553239,-0.498583091583433,175711.0,1.832693266046462e-06,1.0481187934745055e-05
FOS,-0.572124632426348,-0.0033107239856698524,-0.5688139084406781,175808.0,1.9220950145732966e-06,1.0902375000694437e-05
RFX3,-0.4260793728991437,0.0030785029522804523,-0.4291578758514242,175945.0,2.055531135914391e-06,1.1564451593924866e-05
ETV5::DRGX,-0.5242619628455634,0.008527374172347228,-0.5327893370179106,176317.0,2.4642528731788323e-06,1.3752120872901226e-05
FOS::JUNB,-0.5380527496152605,-0.0067673689386217855,-0.5312853806766388,176571.0,2.787000109681097e-06,1.5428832607194553e-05
MEF2C,-0.5277342050790461,-0.007747630191907526,-0.5199865748871386,177040.0,3.492513965420076e-06,1.9181108445005496e-05
NFYA,-0.39030509424010484,0.03595161743322218,-0.426256711673327,177076.0,3.5532304335956627e-06,1.9360909134237782e-05
CREB1,-0.46711687744795216,-0.005163194803725258,-0.4619536826442269,177303.0,3.960039803829555e-06,2.1408965189453534e-05
FOSL2::JUNB,-0.5556356475175724,-0.011150769491075983,-0.5444848780264965,177343.0,4.036203333637227e-06,2.165157137113923e-05
BHLHA15,0.36294302090086344,-0.030052966868683542,0.392995987769547,270404.0,4.188779347904329e-06,2.2297194682690738e-05
ONECUT2,0.36795957442429295,-0.01257414780063822,0.38053372222493115,270106.0,4.824179971534845e-06,2.5483454506122998e-05
JUNB.1,-0.5396657504992218,-0.013270847310773834,-0.526394903188448,177955.0,5.391881695071473e-06,2.8266531310526208e-05
SNAI1,0.34350043678456454,-0.03273564352268029,0.3762360803072448,269852.0,5.437711742421502e-06,2.829245508086977e-05
BACH1,-0.5887553171872577,-0.011730273262074237,-0.5770250439251835,177996.0,5.49681526813104e-06,2.838653854885582e-05
PAX6,-0.38896323176757636,0.009596204266761395,-0.39855943603433774,178200.0,6.048652708482858e-06,3.1004945735334355e-05
BACH2.1,-0.41053438084875293,-0.00012049203393140288,-0.41041388881482155,178247.0,6.183106618344799e-06,3.1461101322754416e-05
HOXB2,-0.37876207284767427,0.025088992368556697,-0.403851065216231,178346.0,6.475735405310231e-06,3.2709554018063354e-05
CREB3L4,-0.33518709249788825,0.0181708146393821,-0.35335790713727033,178594.0,7.268092240619252e-06,3.644579587325016e-05
ZNF384,-0.5759907403347293,-0.008427011529501087,-0.5675637288052282,178722.0,7.712519308878379e-06,3.8396139293121135e-05
SP9,0.36155629339718354,-0.0455885902236409,0.40714488362082446,268931.0,8.350780462990203e-06,4.1276714859923e-05
SREBF1.1,-0.3967766467702321,0.013722597441185268,-0.41049924421141737,179161.0,9.442578119651545e-06,4.6342298289353685e-05
FOXO6,0.3749030165541936,-0.014046711014537624,0.38894972756873125,268613.0,9.666082208783638e-06,4.7105133017452654e-05
JUND.1,-0.5070044309934396,-0.013350920712933366,-0.49365351028050625,179364.0,1.0362581022721509e-05,5.0026051219430314e-05
BNC2,-0.5354704506791086,-0.0008253769878470149,-0.5346450736912616,179374.0,1.0410045340459487e-05,5.0026051219430314e-05
CEBPD,-0.4274456357375242,0.05202978749268195,-0.47947542323020614,179414.0,1.0601986921091456e-05,5.03193865123454e-05
OSR1,-0.341127247529336,0.01769782189251681,-0.35882506942185277,179417.0,1.0616517963587324e-05,5.03193865123454e-05
HOXD9,-0.37080000538306745,0.006718947849473172,-0.37751895323254064,179556.0,1.1311038350261772e-05,5.32465206692595e-05
KLF16,0.40735562744404585,-0.03817403348885288,0.44552966093289875,268197.0,1.1687634354312026e-05,5.464758765664812e-05
FOXG1,0.3639770894421569,-0.011577028073795242,0.37555411751595213,268027.0,1.2624884561426408e-05,5.8633692057094465e-05
HOXD12,-0.32149694579018223,0.011614109316945957,-0.3331110551071282,179989.0,1.3763403130754314e-05,6.349516644321323e-05
FOXO1::ELK3,-0.5712792596730493,-0.00344084831897165,-0.5678384113540776,180118.0,1.4587059682049446e-05,6.68493066223723e-05
HES6,-0.3088278390435072,0.03405986337776008,-0.34288770242126726,180205.0,1.516886382289007e-05,6.876112034240033e-05
HNF1B,0.3466579958882609,-0.005434378177099022,0.3520923740653599,267615.0,1.5202964468767701e-05,6.876112034240033e-05
HOXC13,-0.3632952866825996,0.02577950978488295,-0.38907479646748255,180344.0,1.6144567088648646e-05,7.254571704769392e-05
RFX5,-0.39408941512693313,0.0022639821640373144,-0.39635339729097047,180509.0,1.738047147544355e-05,7.759539523230281e-05
MEF2A,-0.5117444350469472,-0.010980782123793458,-0.5007636529231537,180581.0,1.794757342378971e-05,7.961359493116974e-05
FOSL1::JUND,-0.5318900919194259,-0.01595757992797363,-0.5159325119914523,180614.0,1.8213346945932416e-05,8.027793685723077e-05
TGIF2LY,-0.3546029373274598,0.022375775833313502,-0.3769787131607733,180629.0,1.8335388694774236e-05,8.030436061255552e-05
MIXL1,-0.3131283939004754,0.005734083829229459,-0.3188624777297049,180673.0,1.869788800297926e-05,8.130104759099611e-05
E2F7,-0.3662477858815188,0.012448544838911536,-0.37869633072043035,180685.0,1.879793007884303e-05,8.130104759099611e-05
EN1,-0.3688051171162348,0.024207278990489963,-0.3930123961067248,180752.0,1.9365935558462245e-05,8.323743730717934e-05
NFYC,-0.3564164051391208,0.029751264240582907,-0.3861676693797037,181041.0,2.2008723700624838e-05,9.401257284464437e-05
BARX1,-0.34111725680712407,0.028493438269772114,-0.3696106950768962,181122.0,2.2808933034702277e-05,9.683301631910415e-05
LHX6,-0.30201070179210954,0.02559165363023312,-0.3276023554223427,181497.0,2.6888268615831015e-05,0.0001134553773302138
ZNF354A,-0.4335094984736466,-0.012464929254227182,-0.4210445692194194,181597.0,2.8088049082525397e-05,0.00011779957554610652
RELB,-0.32340171231528025,0.02262492712173923,-0.3460266394370195,181852.0,3.1382110787754396e-05,0.00013082181123569905
TFAP2B.1,0.3187893052587691,-0.022522850378025344,0.3413121556367944,265891.0,3.251717920898851e-05,0.0001347418443869464
PHOX2A,-0.35218486667651827,0.0031125906223861606,-0.35529745729890444,182098.0,3.4905369582317683e-05,0.00014377687947002285
CUX2,0.34347418854292927,-0.014613727263979987,0.35808791580690924,265687.0,3.551262806148498e-05,0.00014541265454761897
SP2,0.25835041798975217,-0.027177469590094244,0.28552788757984643,265637.0,3.628581473388956e-05,0.0001477046105638328
NFIB,0.32495222932253365,-0.014480333208360398,0.33943256253089404,265441.0,3.9473606177503544e-05,0.00015974114312767516
NR3C2,0.31143580191486364,-0.007230307911002708,0.31866610982586635,265358.0,4.0902135490541376e-05,0.00016455975441543393
BATF::JUN,-0.49385343733789566,-0.005686010963132171,-0.4881674263747635,182522.0,4.187562878839868e-05,0.00016750251515359473
RORB,-0.2988927251604802,0.01467655690089943,-0.31356928206137963,182553.0,4.243397066902939e-05,0.00016876038909751918
FOSL1,-0.47556808444039933,-0.009077998633507703,-0.4664900858068916,183026.0,5.1879871590909264e-05,0.000205106040031063
SP1,0.29666187416466305,-0.034436549039269036,0.33109842320393207,264786.0,5.2165698042582497e-05,0.000205106040031063
BATF,-0.48752874373304095,-0.007105668456482225,-0.4804230752765587,183147.0,5.4598628963919245e-05,0.00021250229287390624
MAFG::NFE2L1,-0.3924303047118945,-0.0015518251211360783,-0.39087847959075844,183155.0,5.4783058751162945e-05,0.00021250229287390624
ZNF692,-0.30820766348381773,0.022455084500627904,-0.3306627479844456,183163.0,5.496807864801911e-05,0.00021250229287390624
HOXA10,-0.32515793998559034,0.009883045228523442,-0.3350409852141138,183397.0,6.064930625757489e-05,0.0002331628885013435
SNAI3,0.36320716474486775,-0.039014891894437596,0.4022220566393053,264253.0,6.525680761752052e-05,0.00024949011531118345
DLX6,-0.3320998885043185,0.017690508370527866,-0.34979039687484637,183677.0,6.817830379346331e-05,0.0002592273968410803
CDX4,-0.3534791963598117,0.006874094668915703,-0.3603532910287274,183746.0,7.016506761538015e-05,0.00026532364366034457
ISX,-0.2732954620250483,0.014767686016638082,-0.28806314804168637,183845.0,7.31115167503199e-05,0.00027496287821315965
FOXK1,0.3180414485771587,-0.004071137033103994,0.3221125856102627,263736.0,8.088103551173196e-05,0.0003025387922925325
PROP1,-0.36952817500056806,-0.010811836346351468,-0.3587163386542166,184311.0,8.862236744373651e-05,0.00032971332403798745
SP3,0.3518566313764142,-0.0435350967783847,0.3953917281547989,263364.0,9.424371545815897e-05,0.00034875214490398933
BATF3,-0.46816642033472816,-0.01092609802162845,-0.4572403223130997,184698.0,0.00010381665380711394,0.0003821336406091641
MAFK,-0.4011997595388567,-0.018458572196799732,-0.382741187342057,184926.0,0.00011388633659009676,0.00041698066095421677
ZFP42,-0.34199374835606583,-0.0068976024865974985,-0.33509614586946834,185038.0,0.00011916376638736508,0.00043400698073714017
FOXF2,0.30031151057501154,-0.030951281781338567,0.3312627923563501,262592.0,0.00012890642646986209,0.00046703270741960503
MEF2D,-0.40610325749003573,-0.019425408480287953,-0.3866778490097478,185295.0,0.00013215818261556157,0.0004763201165102532
HOXD10,-0.31230912456811727,0.013079934004986714,-0.32538905857310396,185415.0,0.00013867266566535466,0.0004972097649762976
KLF14,0.28766949226881433,-0.03325426633317626,0.32092375860199057,262386.0,0.00014001134945550612,0.0004994219269237641
PHOX2B,-0.3613701612349923,-0.002582890687731092,-0.35878727054726123,185504.0,0.00014369833696410345,0.0005099448675854337
TBX21,-0.48276918863989954,-0.007825135647463871,-0.4749440529924357,185575.0,0.000147830059104873,0.0005219306168396537
HES7,-0.28602278109764423,0.018759248736492578,-0.3047820298341368,186062.0,0.00017933171790891558,0.000629936795903399
HOXC11,-0.30942137078610044,0.005445564724171335,-0.3148669355102718,186136.0,0.000184638014724607,0.0006453005363102427
KLF11,0.3503744596541994,-0.04341805211050434,0.39379251176470376,261591.0,0.00019189266520752677,0.0006672850468523041
TEAD2,0.28104056216861034,-0.013986272630903691,0.295026834799514,261519.0,0.00019739240654915034,0.0006829777266600601
HOXC12,-0.2758207337231869,0.0015340932462020156,-0.2773548269693889,186377.0,0.00020296052922952917,0.0006987496827205681
ZNF682,0.2721857681381652,-0.019558574796736002,0.2917443429349012,261319.0,0.00021345671017796868,0.0007312477398175957
HOXA7,-0.32564195717288985,0.016112066563399665,-0.3417540237362895,186611.0,0.00022237420871959712,0.0007580441006599074
TEAD3,0.2779071011079935,-0.007136326121870057,0.28504342722986353,260883.0,0.0002528284376639551,0.0008576337199189065
MAF::NFE2,-0.35305539472157565,-0.008282483983121425,-0.34477291073845423,187028.0,0.0002613583435318617,0.0008822437742636503
PATZ1,0.2628886864041784,-0.028774373941553997,0.2916630603457324,260640.0,0.00027763038646578067,0.0009326224632733992
NFYB,-0.2756359891503923,0.024273331039558876,-0.29990932018995115,187379.0,0.0002990489658667456,0.0009975778694870478
JUN,-0.3807690829873779,-0.0028384885535008594,-0.377930594433877,187386.0,0.0002998499954527543,0.0009975778694870478
ISL2,-0.32155272888561715,0.0023213576178704857,-0.32387408650348765,187479.0,0.0003106847270641862,0.0010286786178393152
MYF5,-0.27786020886720353,0.02166649484136413,-0.29952670370856765,187625.0,0.0003284361524545672,0.0010779647565506887
ONECUT1,0.2438922728496937,-0.0026629638135328253,0.2465552366632265,260198.0,0.00032868578559565797,0.0010779647565506887
CEBPA,-0.33329290126378497,0.03881831884771245,-0.37211122011149744,187779.0,0.00034818604114873725,0.001136531794693048
EN2,-0.2586618086616119,0.01758177197169768,-0.2762435806333096,187983.0,0.0003760614838716502,0.0012217584358647038
ZKSCAN5,-0.31863491313133885,0.004424531196117263,-0.3230594443274561,188150.0,0.00040041967786550933,0.0012948150330978152
SREBF2,-0.33542372443598345,0.0009889311008416763,-0.33641265553682514,188206.0,0.00040891237380434603,0.0013161272682446858
GBX1,-0.2626073400382079,0.016254674243967482,-0.2788620142821754,188347.0,0.00043104672028344875,0.001380945974241419
NR2C1,-0.2672244855606192,0.021795197948799996,-0.28901968350941915,188499.0,0.00045615779559400436,0.0014546598827237373
CREB3,-0.3063867161027012,-0.004128132038764205,-0.30225858406393696,189009.0,0.0005507395665099322,0.0017482191744260236
EMX1,-0.28580887126430243,0.015982548770792516,-0.30179142003509496,189023.0,0.0005535768452351844,0.0017492017210171125
GFI1,-0.28609659975377616,0.02240512228058223,-0.3085017220343584,189080.0,0.0005652697705273995,0.0017780303691134565
HOXA2,-0.2780045041056579,0.003539040037255666,-0.2815435441429136,189351.0,0.0006240756862066,0.0019541193432351454
TEAD4,0.24886468337719025,0.0037003506355832217,0.24516433274160704,258319.0,0.0006602198106354511,0.0020579824727915866
SNAI2,0.2658117032105027,-0.038340901955917085,0.3041526051664198,258289.0,0.0006674364943703291,0.002071148224682815
TFAP2E,0.2614876715219578,-0.01434582684210344,0.27583349836406124,258175.0,0.0006955340713267914,0.0021406994858559096
MXI1,-0.25885533452593606,0.015999003466043795,-0.27485433799197984,189652.0,0.000696036682539855,0.0021406994858559096
MYF6,-0.2618434346040257,0.020322392340812234,-0.28216582694483794,189763.0,0.0007244667453533779,0.002218278707011228
TBR1,-0.47105579234322964,-0.02299249292427505,-0.4480632994189546,189837.0,0.0007440154539911565,0.002268099974281411
NR4A2,0.241662271261497,-0.011733555850408613,0.2533958271119056,257958.0,0.000752079277973548,0.0022826265805162074
DRGX,-0.27525458502203015,0.015770271982073557,-0.2910248570041037,190137.0,0.0008283935047917932,0.0025032677088031477
NR2F2,0.2755451184028212,0.004541477867443409,0.2710036405353778,257629.0,0.000845998869256458,0.002545353119675952
BSX,-0.2695812305074003,0.0077797807500610515,-0.2773610112574613,190310.0,0.0008810029951656043,0.0026391951197168753
SCRT2,0.25263785567624314,-0.02648090034865733,0.2791187560249005,257502.0,0.0008850788678214026,0.0026399766229845286
PPARA::RXRA,0.2362017960403253,-0.009948396079716702,0.246150192120042,257308.0,0.0009480175674171502,0.0028155714877796906
EMX2,-0.22816444617376694,0.010322743369034064,-0.23848718954280101,190620.0,0.0009830944361737775,0.0029072707257788632
GCM2,0.25856069813364246,-0.023635535797849522,0.28219623393149196,257187.0,0.000989346361907472,0.002910157218583507
FOSL1::JUND.1,-0.37589329623550344,-0.022257286898146617,-0.35363600933735684,190650.0,0.0009935347416175741,0.002910157218583507
ZNF135,-0.28125190306770753,-0.002982858732168195,-0.27826904433553934,190659.0,0.0009966867930697849,0.002910157218583507
HNF1A,0.2514498335462845,-0.006344711914846689,0.2577945454611312,257129.0,0.0010097427400418853,0.0029358906559201034
ASCL1.1,0.2294384678354809,-0.021406558732476343,0.25084502656795726,256826.0,0.0011227701192454218,0.0032373205104909665
SOHLH2,-0.2690679300687542,0.011872374217944962,-0.28094030428669914,190999.0,0.0011227701192454218,0.0032373205104909665
RORA,-0.2629871193903756,0.02556784768652946,-0.2885549670769051,191045.0,0.0011409181687467146,0.0032759973973972055
SHOX,-0.21527287741159334,0.0060318577992990955,-0.22130473521089244,191163.0,0.0011887189998183603,0.003399146892042584
CREB3L4.1,-0.33347727578965297,-0.015750943727432378,-0.3177263320622206,191176.0,0.0011940968421325971,0.0034004733117520875
TCF21,0.23930726343472933,-0.030974837440698566,0.2702821008754279,256519.0,0.001249125203447675,0.003542600986827013
TBX1,-0.41831690513530223,-0.027204076389510952,-0.3911128287457913,191334.0,0.0012612798729237094,0.0035624721308702323
ZNF574,0.2295446828197758,-0.017095507651808485,0.24664019047158428,256067.0,0.001459194394278529,0.004104725694474561
NR2C2.1,-0.2711642042147653,0.018240899576144717,-0.28940510379091,191808.0,0.00148433120615459,0.004150254061881223
ZNF768,0.273789095017397,-0.027228042703787137,0.30101713772118416,256011.0,0.0014873742880730395,0.004150254061881223
ZNF16,0.2453970285168256,-0.016938619041749592,0.2623356475585752,255461.0,0.0017920311013853148,0.004980263141199349
THRA,-0.2496402347565883,0.0010696635269314516,-0.25070989828351975,192672.0,0.0019867303255772357,0.005499269541197788
PRDM1,-0.27809757593310275,0.011016773390671067,-0.28911434932377383,192685.0,0.0019953600431178533,0.0055011519913846785
HAND2,-0.24511130467131595,0.01427932899941123,-0.2593906336707272,192798.0,0.0020718342307354948,0.00568932257011493
NKX2-5,-0.27641746468938394,0.010332483760151738,-0.28674994844953566,192838.0,0.0020995427505216564,0.005742622859134332
HES5,-0.24139160285762834,0.018615879219879193,-0.2600074820775075,192954.0,0.002181830630061272,0.00592676956548413
HINFP,-0.22315910112754908,0.0293615598734068,-0.2525206610009559,192957.0,0.0021839974554890944,0.00592676956548413
HOXD11,-0.26521013596538107,-0.0011527928403255545,-0.2640573431250555,193004.0,0.002218202917692565,0.0059752062374477275
DUX4,-0.2159126485421066,0.016291455582664576,-0.23220410412477116,193007.0,0.002220402826127798,0.0059752062374477275
PAX4,-0.2214442970011612,0.0076029650291737855,-0.22904726203033499,193017.0,0.0022277503024010314,0.0059752062374477275
ZNF652,-0.24762891387177746,0.01061708855819311,-0.2582460024299706,193151.0,0.0023283796836951398,0.006211363045832003
STAT3,-0.24529155312683093,0.010297307111936112,-0.25558886023876703,193158.0,0.0023337491212663593,0.006211363045832003
RORA.1,0.2737939244638788,-0.030232327664943884,0.30402625212882267,254575.0,0.002405380595512018,0.006377484184269412
KLF2,0.2750332115702774,-0.042660248000595154,0.3176934595708725,254530.0,0.00244114570540879,0.006447606214285812
ZBTB7B,-0.23887033808874727,0.008462174170383334,-0.2473325122591306,193848.0,0.0029222005957603918,0.007688831985803008
FOS::JUN.1,-0.32308188617125094,-0.020112200172040177,-0.30296968599921076,193873.0,0.002945865658644337,0.007721738771901066
LHX9,-0.24356069692689053,0.009235311610414484,-0.252796008537305,193900.0,0.0029716202535240944,0.007759853643164805
KLF6,0.303782771709592,-0.041763351477245796,0.3455461231868378,253864.0,0.0030305646046205692,0.007884025212020428
ERF::HOXB13,-0.3071846099807416,-0.006137131473810774,-0.3010474785069308,194102.0,0.003170915967073987,0.008218254116910857
EOMES,-0.4328419143244756,-0.029099058932953947,-0.40374285539152166,194127.0,0.0031964106240250146,0.008253418476960112
ZNF281,0.24160961481198223,-0.030104329099811925,0.27171394391179415,253669.0,0.0032262183737937,0.008299416783142157
TCF4,0.20919622118186262,-0.01441334203876916,0.22360956322063177,253594.0,0.0033044856493904587,0.008469274331030362
NR2C2,0.20294829725458316,-0.019363509629342125,0.2223118068839253,253556.0,0.0033447976760796164,0.008528574964498794
E2F3,-0.22263150591032635,0.0041077950972169645,-0.2267393010075433,194276.0,0.003352272240381029,0.008528574964498794
ETV5::FOXO1,-0.3159431165223536,-0.016293563091597192,-0.2996495534307564,194458.0,0.0035520294639412716,0.009003679080759561
HOXD3,-0.23294461745436112,0.005546218542731794,-0.23849083599709292,194475.0,0.00357123045067308,0.009019311941115953
NEUROD1,-0.2425856060438933,0.005401383515061688,-0.24798698955895498,194623.0,0.003742423796421356,0.009417299153176647
CDX2,-0.25604583630428374,-0.00021818611718400072,-0.25582765018709974,194829.0,0.003993130759030725,0.010011762627714716
TP73,-0.20253376250341693,0.021804847038255287,-0.2243386095416722,194844.0,0.004011968642004963,0.01002267978435897
CREM,-0.3271037129895812,-0.02523170370024722,-0.30187200928933394,194965.0,0.004166902948450029,0.010372290792544677
PRRX2,-0.2043512268729948,0.007221459945269306,-0.2115726868182641,195043.0,0.004269634937938686,0.010589918914170505
CDX1,-0.21200095963899324,0.0038990171395043662,-0.2158999767784976,195113.0,0.004363780143819784,0.010771781247574504
VSX2,-0.20901773518712194,0.009888533036838693,-0.21890626822396064,195129.0,0.004385561551854532,0.010771781247574504
OVOL2,-0.25571725993626576,0.015252181109280949,-0.2709694410455467,195132.0,0.0043896565199653325,0.010771781247574504
ESX1,-0.24984811914571375,0.011190550288003124,-0.2610386694337169,195206.0,0.004491769189155239,0.01098340734592023
THRB.2,-0.23701808780716524,0.015075296365231649,-0.2520933841723969,195562.0,0.00501373755347679,0.012216571785232179
MEF2B,-0.2809851327526093,-0.02571535031904425,-0.255269782433565,195825.0,0.005433924022390428,0.01319394885436553
CREB3L1,-0.20448302332924925,0.0088495920597658,-0.21333261538901505,195846.0,0.005468808300985639,0.013232221483503713
HOXA5,-0.23421464360634647,0.003572644495253263,-0.23778728810159974,195936.0,0.0056206132162951805,0.013552140577269216
SATB1,-0.22801059262777038,0.01044929021066566,-0.23845988283843603,196000.0,0.0057308652400684225,0.013769995646275514
TBX3,-0.3582572862467259,-0.029804086239114083,-0.32845320000761186,196068.0,0.005850141593662257,0.014007951497627272
FOSB::JUN,-0.28944487604856134,-0.0164080029036273,-0.273036873144934,196108.0,0.005921345071547644,0.01412955444658955
KLF10,0.24765440501989724,-0.026943183452183925,0.27459758847208116,251682.0,0.005984287790065427,0.01423067749390129
NR1I3,0.20821001554045518,-0.009835374179528771,0.21804538971998394,251537.0,0.0062515219245037985,0.014815250588207632
LHX2,-0.2103410220451625,0.011679648252570016,-0.2220206702977325,196352.0,0.006372854177511276,0.015051246043815027
TBX2,-0.39408855412370597,-0.03124491688967905,-0.3628436372340269,196430.0,0.006523590560053254,0.015354845808016503
ZNF354C,-0.1845565802993773,-0.003289062898804669,-0.18126751740057262,196638.0,0.006941354186714673,0.016282769821039163
ZNF8,-0.2524715988896305,0.00271664869779224,-0.25518824758742276,196749.0,0.007173992836274915,0.016771631901021086
DLX1,-0.20593004249604963,0.009623560876177712,-0.21555360337222734,196912.0,0.007528307116323583,0.017540702102679863
NFKB1,-0.2701178439869623,-0.021101542933870135,-0.2490163010530922,196959.0,0.007633345508392537,0.01772575534163636
DBP,-0.20343803904870802,0.02484532277214178,-0.2282833618208498,197026.0,0.0077853524082335005,0.018018273800995258
HOXB3,-0.18552958651445772,0.011522621476965082,-0.1970522079914228,197124.0,0.00801257699019467,0.01848234425738237
ZNF530,0.21380485279937342,-0.026446433266319427,0.24025128606569285,250684.0,0.008052592387544431,0.018512936651763276
TFAP4::ETV1,-0.21289900895244396,-0.002665912124299152,-0.2102330968281448,197185.0,0.00815699372037831,0.018690859783118515
IRF6,-0.21023998068733882,0.02168862462950886,-0.23192860531684767,197321.0,0.008487390701434392,0.019383743780173598
KLF5,0.2497979145353075,-0.029210469435401943,0.27900838397070943,250439.0,0.008649487349421368,0.019688964624340746
HMBOX1,-0.18464440596678036,0.015268200199655428,-0.1999126061664358,197472.0,0.008868204210188354,0.02012064692934538
TWIST1,-0.22101528923656213,0.004707295943692818,-0.22572258518025495,197544.0,0.009055101423447513,0.020477549624266924
RUNX3,-0.3159984378107479,-0.016221466184276855,-0.29977697162647104,197707.0,0.00949126701345781,0.021393996004276238
BCL6,-0.19244644445335496,0.008832399731164961,-0.2012788441845199,197769.0,0.009662027861236657,0.02170819246745379
ZNF274,-0.22163692892746975,0.002658667150264585,-0.22429559607773433,197836.0,0.009849633801575965,0.022058079581522873
TGIF2,-0.23479465465852287,0.008187714106149772,-0.24298236876467263,197998.0,0.010316724296266316,0.02302959100972997
IRF5,-0.22195277367916585,-0.006198123406401896,-0.21575465027276397,198025.0,0.010396460927184301,0.023132961291355423
MGA,-0.32237942252622026,-0.02832849940358018,-0.2940509231226401,198165.0,0.010818767729078206,0.023918809164607407
TBX15,-0.32237942252622026,-0.02832849940358018,-0.2940509231226401,198165.0,0.010818767729078206,0.023918809164607407
SOX18,-0.2207008225110783,0.011774776497557864,-0.23247559900863618,198279.0,0.011173838632623792,0.024625147559795106
ZNF282,-0.16981269705958804,0.017336240860200865,-0.1871489379197889,198302.0,0.011246717868098756,0.024707075443569333
THRB,0.18163096549705673,-0.01884655321251048,0.2004775187095672,249481.0,0.0113808915493258,0.024922711873840046
MSX1,-0.22012806197752013,0.008434562572928416,-0.22856262455044854,198373.0,0.01147436273639527,0.02496936796725008
MSX2,-0.22012806197752013,0.008434562572928416,-0.22856262455044854,198373.0,0.01147436273639527,0.02496936796725008
ZNF324,-0.17781173294472305,0.008590602900343322,-0.18640233584506638,198514.0,0.011938603894550452,0.02589816268034142
HIF1A,-0.17453998384862826,0.014478729535564248,-0.18901871338419252,198803.0,0.012942484579255138,0.027988122902639235
EGR1,0.23251147085206214,-0.03107606121252157,0.2635875320645837,248952.0,0.013196598504609984,0.02840763929133134
SOX10,0.1874797282735907,-0.03575534324133313,0.22323507151492383,248946.0,0.013218583600879612,0.02840763929133134
ZEB1,0.14979468450552413,-0.01617367872885672,0.16596836323438086,248846.0,0.013589799166653488,0.029048025649360085
BHLHE22.1,0.15614309840214297,-0.02641447232291218,0.18255757072505516,248835.0,0.01363118990308867,0.029048025649360085
SREBF1,-0.24092880657553636,-0.004076374656301922,-0.23685243191923444,198993.0,0.013642497595436455,0.029048025649360085
PKNOX1,-0.1494355465658414,0.013736687325390545,-0.16317223389123195,199088.0,0.01400488668936827,0.029728164383567002
MAX::MYC,-0.2135835036348701,-0.0053617571535901415,-0.20822174648127997,199245.0,0.014622427277890369,0.030944096869419374
PRDM9,-0.15114617398064495,-0.004429340936881049,-0.1467168330437639,199291.0,0.014807852554230071,0.031240957218070763
HNF4A.1,0.2611063750040381,0.022246668401233894,0.2388597066028042,248519.0,0.014868763727098545,0.03127411701869968
REL,-0.21192418449861314,-0.014131402974539483,-0.19779278152407365,199504.0,0.015693726428965698,0.032909268754073524
ONECUT3,0.18431064038775202,-0.010280373322934563,0.1945910137106866,248298.0,0.015792118507815783,0.033015546850176804
ZNF708,-0.22872184631580386,0.004551755717345434,-0.23327360203314929,199548.0,0.015882428176174256,0.03304077939974499
ZNF418,-0.20371519617926725,0.001526138246134012,-0.20524133442540127,199552.0,0.015899681416351275,0.03304077939974499
TBX5,-0.29594579948157934,-0.019575185230504312,-0.276370614251075,199641.0,0.016287852346315652,0.03350951349439803
TBX4,-0.29594579948157934,-0.019575185230504312,-0.276370614251075,199641.0,0.016287852346315652,0.03350951349439803
MYBL2,-0.22452327702248762,0.01231597467041646,-0.23683925169290407,199652.0,0.016336402081586057,0.03350951349439803
RXRG.1,-0.1716348675274152,0.00396702317663735,-0.17560189070405255,199653.0,0.0163408219923541,0.03350951349439803
IRF3,-0.23481228605364915,-0.021356247205011704,-0.21345603884863745,199659.0,0.016367363527610597,0.03350951349439803
SMAD3,-0.19769697708280756,0.012388676007663262,-0.21008565309047084,199708.0,0.01658554080130099,0.033856030190266326
ZNF528,-0.21288370267358112,0.003811613845073167,-0.21669531651865429,199743.0,0.016742941481762093,0.03407681030993932
KLF4,0.2566563998906663,-0.03479026617202092,0.2914466660626872,248028.0,0.01698836104131889,0.03447491448854156
ZNF75D,-0.19124112760232306,0.008545345530676818,-0.19978647313299988,199854.0,0.017250834368137003,0.03490519702558715
NEUROG2,-0.1601570679254855,0.005080953656765365,-0.16523802158225087,199897.0,0.017451187757358436,0.035207644105224596
RARG,-0.1983630922637091,0.009553891681928604,-0.2079169839456377,199926.0,0.017587459106918592,0.03537942355228973
NR2F1,-0.18672341139399634,6.410770783475026e-05,-0.18678751910183108,199989.0,0.01788671505280088,0.03587712120735713
MNT,-0.23967590553750767,0.00010977956651128811,-0.23978568510401896,200012.0,0.017997073646740865,0.03599414729348173
GLIS2,-0.21453170082532047,-0.0001996855121996347,-0.21433201531312085,200063.0,0.018243911510065693,0.036382670792407666
ZBED1,0.16136251274184177,-0.01774306783969815,0.1791055805815399,247717.0,0.018464166050368738,0.03671610030705508
ATF6,-0.21390298973688499,0.012558301073698111,-0.22646129081058308,200144.0,0.0186420417975329,0.036963590039807356
HSF2,-0.2188661519598177,-0.01575235138337787,-0.20311380057643985,200224.0,0.019042697472414223,0.037650133288316116
ZNF143,-0.19701308348936541,0.016020632754224884,-0.2130337162435903,200308.0,0.01947146877696034,0.03837042696985752
MYB,-0.17731859051482113,0.01562218613495607,-0.1929407766497772,200317.0,0.01951790504825122,0.03837042696985752
HOXB5,-0.21324497978497942,0.0027687274312176813,-0.2160137072161971,200396.0,0.01992968097102823,0.03906894966558508
EVX2,-0.18787265358065078,0.002928651020419346,-0.19080130460107012,200414.0,0.020024557283500933,0.03914404983102442
ZFP14,0.20093839064051805,-0.0170112641679584,0.21794965480847645,247399.0,0.020088026955417473,0.039157506065208146
HNF4G,0.2611569093279298,0.02259776650606378,0.23855914282186602,247378.0,0.020199521410721996,0.03926423824780793
ZNF454,0.16839513720841182,-0.022417730230151024,0.19081286743856285,247341.0,0.02039727819543161,0.03953758126397388
JUNB,-0.26092366791985405,-0.018765920023893743,-0.2421577478959603,200605.0,0.02105583526591184,0.040700106156455286
FOXH1,-0.18321064057196904,0.01275548735247404,-0.19596612792444307,200676.0,0.021450823818545108,0.041348106079201155
ZBTB26,-0.16230365493624505,-0.0017700318188169342,-0.1605336231174281,200753.0,0.021886469467432477,0.042070657976286875
STAT1,-0.21566978957052604,0.013225324135534245,-0.22889511370606028,200902.0,0.022751372849569455,0.04361204989446554
FIGLA,0.21176158863935887,-0.013437927353113648,0.2251995159924725,246889.0,0.022952844631526286,0.043876708522144175
CEBPG,-0.18562063653142702,0.023435385820138682,-0.2090560223515657,200972.0,0.02316785506780694,0.04416571820088817
NR1H2::RXRA,0.21468474674513074,0.00942499116648189,0.20525975557864887,246792.0,0.02353617178807903,0.044744590322392
RARA::RXRG,0.19041067822844746,-0.019811821046371313,0.21022249927481876,246758.0,0.023743660334577036,0.04501537794938989
ZNF610,-0.1091552585836654,0.0023812772965486613,-0.11153653588021406,201106.0,0.023983614276585945,0.045346068522943914
NKX2-8,0.18492233778269382,-0.01913649394271406,0.20405883172540787,246548.0,0.02506070859623491,0.04725343419235574
DMRTC2,-0.19906759028394586,-0.0016551435127233791,-0.19741244677122247,201304.0,0.025234549081414367,0.047451923816137886
GSX1,-0.17559408426180498,0.004379031011673563,-0.17997311527347853,201725.0,0.02808324445010045,0.05262417314339942
ARGFX,-0.1798983058810082,0.00754672007624985,-0.18744502595725804,201745.0,0.02822520958727563,0.05262417314339942
BARHL2,-0.1965988069389644,0.0033613537873215422,-0.19996016072628595,201747.0,0.028239440055050094,0.05262417314339942
GSX2,-0.17165269659679805,0.007491897374221999,-0.17914459397102006,201754.0,0.02828929538922628,0.05262417314339942
ZNF148,0.20289633174099664,-0.02549103046203559,0.22838736220303224,246024.0,0.028626006447418226,0.0531077653126365
ZNF85,-0.1953252338873718,0.010569504551076069,-0.20589473843844788,201955.0,0.02975356314538221,0.0550520473171243
HOXA6,-0.17043660883587497,-0.0038192653219671197,-0.16661734351390786,202351.0,0.03282980070143867,0.06058192556105483
XBP1,-0.17287819398426926,0.008384331600217844,-0.1812625255844871,202461.0,0.03373118818580627,0.06207973995898388
ZNF669,-0.1509480708885822,0.016954315403039145,-0.16790238629162135,202583.0,0.034755581169833745,0.06379539037009271
RARA.1,0.1854357481645762,-0.008506832347749037,0.19394258051232524,245106.0,0.03592873022620125,0.06577428919717267
PKNOX2,-0.19671644087826998,0.0037767633560168773,-0.20049320423428685,202758.0,0.036271314970180456,0.06622625319093634
SOX4,0.14822355861785208,-0.027857347153019546,0.17608090577087163,245037.0,0.036536732729121016,0.06653531328566248
RELA,-0.21813398013000979,-0.020822119920940588,-0.1973118602090692,202816.0,0.03678594724966966,0.0668133215138357
ZBED2,-0.15155275513550384,-0.0003418894878911474,-0.15121086564761269,202898.0,0.03752413446196649,0.06797565719288169
KLF9,0.2596189163075453,-0.03549888154682722,0.29511779785437253,244885.0,0.03790708735363413,0.06849008994442511
TP53,-0.1556568459888239,5.658353201738714e-05,-0.15571342952084127,203041.0,0.038841628070105404,0.06999585058466912
TGIF1,-0.1945231623500457,-0.0024869990628136516,-0.19203616328723203,203195.0,0.04030421212183827,0.07244289555405735
E2F4,-0.17995925144243138,-0.006727094072741702,-0.1732321573696897,203219.0,0.04053630179211986,0.07267129751333405
DMRTA1,-0.18009346682472857,0.002739875748104603,-0.18283334257283318,203339.0,0.041713814883340986,0.0745890436673694
ZIM3,-0.21226742529137535,-0.01634537374235159,-0.19592205154902376,203425.0,0.04257540183923554,0.0759334486411108
PAX9,-0.15382650402455667,-0.0024610266848306404,-0.15136547733972602,203455.0,0.04287947476754122,0.0762791684810759
MNX1,-0.15397607702599872,-0.0003712056338453874,-0.15360487139215334,203604.0,0.04441703989918332,0.07881177335957656
IRF2,-0.2013289240114635,-0.010320476074389103,-0.1910084479370744,203889.0,0.04748777749765922,0.08404486452271147
HSF4,-0.17956488860175768,-0.01757221012402381,-0.16199267847773385,203965.0,0.04833615629769018,0.08532811264796328
TEAD1,0.1616685257083973,0.011844006136615685,0.1498245195717816,243613.0,0.05118178920607328,0.09012162374199163
RXRG,0.15573569627775458,0.0019139238192158274,0.15382177245853876,243517.0,0.05232501013034296,0.0919007792136988
KLF1,0.20924685479396793,-0.027345585137888578,0.2365924399318565,243463.0,0.05297740276498341,0.09281104484397093
FOSL2::JUN.1,-0.23797738873465335,-0.025537827747795054,-0.2124395609868583,204467.0,0.05426540735035131,0.09482742900616947
HOXB6,-0.19873690637406513,0.007040338561041088,-0.2057772449351062,204593.0,0.05584539828615788,0.09734260859954977
YY2,-0.14929985024723938,-0.012182534401836193,-0.13711731584540318,204784.0,0.05831339708498566,0.10129482408672429
ZNF410,-0.15523536068255384,-0.003952613703987135,-0.1512827469785667,204791.0,0.05840554163381935,0.10129482408672429
RARA::RXRA,0.1726967402190135,-0.013472468940066274,0.18616920915907975,242814.0,0.06136372236171107,0.10615923968576015
POU1F1,-0.14868695654738548,-0.011389568712572663,-0.13729738783481282,205075.0,0.06224722071885279,0.10741914398365618
IRF7,-0.17321202661453858,-0.013638080267546118,-0.15957394634699246,205146.0,0.06323963781910953,0.10886027206672587
IRF9,-0.19757909284986916,-0.030193376641545793,-0.16738571620832338,205272.0,0.06503301016065353,0.11166958568529092
HOXD4,-0.1415069854184875,0.011318914445946024,-0.1528258998644335,205359.0,0.06629561319484004,0.11355585230403294
FOXD3,0.147654186780549,-0.023683602797921352,0.17133778957847035,242414.0,0.06705986764963558,0.11458130472480942
SP4,0.1916642700335531,-0.02851456390830111,0.22017883394185422,242344.0,0.06810010977943975,0.11607210829402047
TEF,-0.14881537038763307,0.017577535808820495,-0.16639290619645355,205617.0,0.0701590856857886,0.11928768377043174
MTF1,0.13097433245480966,-0.011269924860423462,0.14224425731523313,242127.0,0.07140947431766596,0.12081994187732237
NFATC3,-0.17982409585675774,-0.002779184587860293,-0.17704491126889743,205698.0,0.07140947431766596,0.12081994187732237
NEUROG2.1,-0.13993746969403595,0.004566218161097897,-0.14450368785513384,205880.0,0.0742856736449296,0.12537972234705194
TCF3,0.13344134157970394,-0.01735665278574908,0.15079799436545302,241812.0,0.07644682696504651,0.12871339235964036
IRF4,-0.16185500270261874,-0.012896355136171558,-0.14895864756644717,206085.0,0.07763799954932807,0.13040168856343454
IRF8,-0.1500974050716046,-0.007510907559664099,-0.1425864975119405,206177.0,0.079182007357778,0.13267300022174908
FOXP2,0.17767572580041263,-0.011719058250458134,0.18939478405087076,241555.0,0.080768086354954,0.13500366125030958
FOS.1,-0.2055814289016858,-0.023664188571949654,-0.18191724032973614,206596.0,0.0865326762351699,0.14429063121623512
NKX6-3,-0.13816158420707494,0.007915810103366628,-0.14607739431044156,206639.0,0.08731724639103279,0.14524888101585262
PAX3.1,-0.1377696878841823,-0.003974544998709991,-0.1337951428854723,206736.0,0.08910817534016406,0.14787255955729864
ZNF76,-0.13741403965238622,-0.0006021765497926304,-0.13681186310259358,206752.0,0.08940640966092028,0.14801252508458573
DPRX,0.12110099641318188,-0.0098771419060399,0.13097813831922178,241045.0,0.08993025358724922,0.1485244283588937
NFIX.1,0.1064370824855861,-0.003746554672231369,0.11018363715781747,240998.0,0.09081511463688749,0.1496287126874432
RUNX2,-0.15279022145351026,-0.014914591316366582,-0.13787563013714368,207042.0,0.09495253604427524,0.15607400223904622
PLAGL2,-0.17741027253380148,-0.010623188401278653,-0.16678708413252283,207056.0,0.09522710280314904,0.15615439606582734
JUND,-0.1738395446562881,-0.019405593231150597,-0.1544339514251375,207188.0,0.09784725066663043,0.16007162520403845
HSF1,-0.1533778056937829,-0.019447583344214762,-0.13393022234956814,207284.0,0.09978874961611221,0.16286277059988125
E2F2,-0.14340522055934976,-0.006504225317754014,-0.13690099524159574,207320.0,0.10052468529479558,0.1636778405270554
ZNF416,0.13286796627898112,0.009679037197859149,0.12318892908112197,240488.0,0.10087371097641595,0.16386058214948318
ARNT::HIF1A,-0.13363541607355076,0.009882238078992342,-0.14351765415254308,207400.0,0.10217558576924289,0.1653677562057966
VSX1,0.10153102579290899,-0.025095155616090898,0.1266261814089999,240420.0,0.10227947927179327,0.1653677562057966
UNCX,-0.1250709975296022,-0.0003439118427529939,-0.12472708568684922,207462.0,0.10346981599129838,0.16574331635643166
VEZF1,-0.16014203592271553,-0.026018991259657762,-0.13412304466305777,207462.0,0.10346981599129838,0.16574331635643166
PRRX1,-0.1250709975296022,-0.0003439118427529939,-0.12472708568684922,207462.0,0.10346981599129838,0.16574331635643166
RAX2,-0.1250709975296022,-0.0003439118427529939,-0.12472708568684922,207462.0,0.10346981599129838,0.16574331635643166
ZSCAN4,0.17798969687724947,-0.030852621164754134,0.2088423180420036,240299.0,0.10481942950897988,0.16751742545084083
ZNF331,0.14703188039697943,-0.028730247983119534,0.17576212838009897,240227.0,0.10635440974686801,0.16957892061021348
TFCP2,-0.11575309562946892,-0.013639156612354493,-0.10211393901711444,207611.0,0.10663344884332468,0.1696329806886912
ATF7,-0.19207267384998866,-0.02692893064373797,-0.1651437432062507,207666.0,0.10782042487571505,0.17072346330885013
CEBPE,-0.1259189215002264,0.020171617015261406,-0.1460905385154878,207668.0,0.10786378396202152,0.17072346330885013
NFIL3,-0.10381390463848929,0.03284187483786635,-0.13665577947635565,207677.0,0.10805907070704676,0.17072346330885013
RXRA::VDR,-0.1272216234427757,0.009507963637545153,-0.13672958708032087,207705.0,0.1086684196904987,0.1712950943640663
TBX19,-0.14478343704099114,-0.009372867456364153,-0.135410569584627,207758.0,0.10982927027974504,0.17273148871268992
NFKB2,-0.15402177504510198,-0.027198321742738632,-0.12682345330236333,207837.0,0.11157776040073253,0.17508346983516307
OTX1,-0.11606151025192893,0.011220232779831637,-0.12728174303176057,207850.0,0.11186757974719927,0.17514109770375993
OVOL1,-0.11357126190076795,0.014152571348128959,-0.1277238332488969,207868.0,0.11226984805146514,0.17537411930386881
NFIC,0.1275648801489388,0.0006115377408985699,0.12695334240804024,239940.0,0.11265081466476642,0.1755728913243657
SMAD2,0.12231861544585049,-0.012538130768117016,0.1348567462139675,239825.0,0.11525476836212231,0.1787796985538044
EGR3,0.15491138178435968,-0.0333152748058,0.1882266565901597,239817.0,0.11543765955910106,0.1787796985538044
HOXB7,-0.1113726579153333,-0.005531733377412349,-0.10584092453792095,208010.0,0.11548341799646038,0.1787796985538044
ZNF343,0.11808734570752374,0.00475099385828452,0.11333635184923922,239780.0,0.11628650143445285,0.1796211138228602
ZNF740,-0.11147675937066595,-0.015648401593713446,-0.0958283577769525,208156.0,0.11886247309343731,0.18319116120413947
TBX20,-0.23839925760039493,-0.02100618254279389,-0.21739307505760103,208221.0,0.12039156413817165,0.1851354719635884
ETV2::HOXB13,-0.11285770121456833,0.0033843603264997967,-0.11624206154106813,208365.0,0.12383391166385542,0.19000680015828814
ERF::NHLH1,0.11402525899603332,-0.008398877839585005,0.12242413683561831,239271.0,0.12846799483241003,0.19647497169858344
PBX3,-0.07596562604694539,0.012031040035630602,-0.08799666608257599,208560.0,0.12861728638650044,0.19647497169858344
NFIC::TLX1,-0.08654893838559183,0.013978658018334578,-0.1005275964039264,208587.0,0.1292907674217677,0.19706874681908207
E2F6,0.10731040117153288,-0.012132784215714931,0.11944318538724781,239111.0,0.13249542509304763,0.20150952563601968
TCF12,0.09966055433004474,-0.018210779356401134,0.11787133368644587,238986.0,0.1357093527398526,0.20594489494732018
ZNF214,-0.07451891835158311,0.0024883324807977772,-0.07700725083238089,208897.0,0.13722091586739055,0.2077830936110159
ZNF684,-0.09952687426986072,0.004510752932330911,-0.10403762720219163,209025.0,0.14060269886527169,0.21243901225931877
ZIC5,-0.0696749513261233,0.007964490903713034,-0.07763944222983633,209060.0,0.14153847340582434,0.21338697951379182
ALX3,-0.09529507701910042,0.0025958797656218786,-0.0978909567847223,209242.0,0.1464818159321902,0.22035960135886007
NR1I2,-0.12379447306732479,0.00874075948182455,-0.13253523254914934,209355.0,0.1496168443153441,0.2245875407076315
PAX1,-0.12322394118944073,-0.001238632442847242,-0.12198530874659348,209416.0,0.1513303466463873,0.22643150533302947
ESR2,-0.11784950231332979,0.008367635148067269,-0.12621713746139707,209422.0,0.1514996921520125,0.22643150533302947
POU4F1,0.15017659705077321,-0.02083205986829548,0.1710086569190687,238364.0,0.15260395829327117,0.2275903860753096
BCL6B,-0.11236189870007382,0.001918661209423292,-0.1142805599094971,209521.0,0.15431477459729634,0.2296469333792023
GRHL2,-0.13460344514756284,0.0008718610558097285,-0.13547530620337256,209567.0,0.155636240194427,0.23111647685524353
RXRB.1,-0.12278547704102305,0.006205502959119882,-0.12899098000014292,209654.0,0.1581589911178093,0.2343597898362399
FOXN3,0.14083763233306842,0.0010912061396980838,0.13974642619337035,238124.0,0.1595346780555671,0.23589315644113765
EGR4,0.11617290683011283,-0.038779055622047656,0.15495196245216047,237951.0,0.1646764079463091,0.24297670426193158
ZBTB18,-0.12372185342764065,0.014238534485780998,-0.13796038791342166,209998.0,0.16843790017502547,0.2479979296193992
ZNF675,-0.09569657516985461,-0.007240108804492261,-0.08845646636536235,210045.0,0.16988035810154145,0.24959067474791227
GATA1::TAL1,-0.14258622590716194,-0.022213066324814606,-0.12037315958234733,210104.0,0.17170418678871402,0.251735799274979
NKX2-3,-0.11723491930222316,-0.0015255781133488844,-0.11570934118887427,210166.0,0.17363650271818654,0.2540305705729072
GATA2,0.0961074929432689,-0.021418102842547283,0.11752559578581617,237634.0,0.17442024261775158,0.25463883521410147
FOSL2::JUND.1,-0.193371708220955,-0.03368583641495526,-0.15968587180599975,210254.0,0.1764069781588521,0.256997113444054
ZKSCAN3,0.10742512222045585,-0.0016995469922311754,0.10912466921268701,237481.0,0.17927436436418842,0.26062575659667725
POU6F2,-0.10293617888094592,-0.0038732358257806154,-0.0990629430551653,210541.0,0.1856714516807768,0.26935984185135753
PLAG1,-0.07965118849559717,-0.000494886247974781,-0.07915630224762239,210599.0,0.18758664197671948,0.27156894612529264
NR1H4::RXRA,-0.0713883824137156,0.010237782266263852,-0.08162616467997946,210645.0,0.18911592511944608,0.2732113156214127
POU6F1,-0.10763414983670239,-0.004131981052997337,-0.10350216878370505,210675.0,0.19011822332983108,0.2737195657213275
MAZ,0.13164835281176163,-0.026404524228717554,0.15805287704047918,237135.0,0.19062083724722367,0.2737195657213275
GSC,0.08506867127250488,-0.011459393502711282,0.09652806477521617,237134.0,0.19065437959202292,0.2737195657213275
ZNF341,0.08027892988152849,-0.006058990364527513,0.08633792024605601,237103.0,0.19169634861805596,0.2746457002975046
ZNF140,-0.09199485429821617,0.010380747355824208,-0.10237560165404039,210769.0,0.19328408822460774,0.2763483244864226
ESR1,-0.08873201264285577,0.007356719106886111,-0.09608873174974188,210826.0,0.19522257957062727,0.27854438157293626
ZNF320,0.10887143192502792,-0.01476131794688199,0.1236327498719099,236942.0,0.19717528922527083,0.28075164638659966
TFAP2C,-0.07285061838997418,0.011753730986440142,-0.08460434937641433,211106.0,0.20495224359919328,0.291225775299059
HES1,-0.1052288343522237,0.00030899977247327086,-0.10553783412469697,211208.0,0.20858282208587253,0.29577728049881924
TFAP2C.2,-0.0662759449476118,0.004383007586079244,-0.07065895253369105,211279.0,0.2111373584029348,0.298787427433192
RFX4,-0.09659188644953089,0.01576349558652269,-0.11235538203605358,211348.0,0.21364153914339334,0.3017141736474045
CTCF.2,0.07720394782940054,-0.005039040729394448,0.08224298855879499,236403.0,0.21635092184129978,0.3049182034912005
RHOXF1,-0.0633961075253185,0.0176861928231637,-0.08108230034848221,211485.0,0.21867697834775923,0.30653256259430667
HOXD8,-0.12610628790632833,-0.008030427112285698,-0.11807586079404263,211489.0,0.21882526867281427,0.30653256259430667
HOXB8,-0.12610628790632833,-0.008030427112285698,-0.11807586079404263,211489.0,0.21882526867281427,0.30653256259430667
RXRB,0.11480489486735515,0.001402072298356586,0.11340282256899857,236316.0,0.21956780374377538,0.30695135392059103
SIX2,-0.11594240273781817,0.013203880410347509,-0.12914628314816567,211627.0,0.2239855872709674,0.3124960209506239
OLIG1,0.12407796353857163,-0.015022392960060676,0.1391003564986323,236074.0,0.22869610218322423,0.3184259611887146
MSC,-0.09024755778447856,0.0037272161681230808,-0.09397477395260163,211784.0,0.2299615057323241,0.3195443612864503
TFAP4::FLI1,-0.10895482296709352,0.003554952532622162,-0.11250977549971569,211796.0,0.23042288480048945,0.3195443612864503
TRPS1,0.104341051384386,-0.026961726166195132,0.13130277755058112,236000.0,0.23154060003776034,0.3204521904522603
OLIG2,0.09610929880859327,-0.015456688403853317,0.1115659872124466,235958.0,0.2331661780433345,0.3220578746626497
TBX18,-0.1118710203248304,-0.027780170829874946,-0.08409084949495546,212165.0,0.24493267541555763,0.33763627766447385
HLF,-0.06998853954691593,0.035286616264440594,-0.10527515581135652,212199.0,0.24630118462589978,0.33860692423552763
HOXC8,0.07429511318073286,-0.018604257167961682,0.09289937034869454,235607.0,0.24706826966324846,0.33860692423552763
ATF3,-0.1429756199466699,-0.02013233822084407,-0.12284328172582584,212220.0,0.2471491126841352,0.33860692423552763
ZNF189,0.06127159052552952,-0.015355427146502482,0.076627017672032,235594.0,0.24759408043811704,0.33860692423552763
CEBPB,-0.1064479914108721,0.021106945988607767,-0.12755493739947987,212266.0,0.24901361685536483,0.33987228879394593
ZNF460,-0.04709719233043657,-0.015404615669372469,-0.0316925766610641,212278.0,0.24950162240942853,0.33987228879394593
SOX9,0.056582316178504156,-0.010293434429744954,0.06687575060824912,235504.0,0.2512557956790351,0.34108612182145875
REST,0.09477275949601503,-0.013503439327641644,0.10827619882365667,235501.0,0.25137850018633523,0.34108612182145875
HOXA4,-0.09437635277710464,0.0028532148917825607,-0.0972295676688872,212401.0,0.25454223037690005,0.34470298125404075
MEIS1,-0.14041540348177828,-0.0012758397958639912,-0.1391395636859143,212600.0,0.262846561238678,0.35525355542415077
ESRRB,-0.011525266058324797,0.01460481135220516,-0.02613007741052996,212639.0,0.26449571951277473,0.3567856489334115
ZNF582,0.09234010966279005,-0.00370510730267716,0.09604521696546721,235082.0,0.2689282948202548,0.3620591050887477
SIX1,-0.08918549305683722,0.0015486588092525164,-0.09073415186608974,212836.0,0.27293500462430653,0.3667398508738255
POU5F1B,0.12923670734577622,-0.029751365980799905,0.15898807332657613,234862.0,0.27847218946668284,0.37230634238531046
RORC,-0.09718898122352651,-0.004420697100552358,-0.09276828412297415,212966.0,0.27860390676465374,0.37230634238531046
ATOH7,-0.09775652907063322,-0.011794327339344083,-0.08596220173128913,212968.0,0.27869174184333934,0.37230634238531046
MYBL1,0.06797232180528025,0.0015120338423964337,0.06646028796288381,234806.0,0.2809379028840038,0.37403985554565033
PAX2,-0.10931303915649185,0.0006841559154100348,-0.10999719507190188,213022.0,0.28107041168170255,0.37403985554565033
ZNF784,-0.07648196321335753,0.007723967138680922,-0.08420593035203845,213138.0,0.28622663481511057,0.380170501520262
THAP1,0.07641249436633339,0.0011657946550493617,0.07524669971128403,234655.0,0.2876602163016754,0.38134266222367696
HOXA1,-0.10310330726950298,-0.009303402567144969,-0.09379990470235801,213185.0,0.2883338723146678,0.3815048559115681
RARB,-0.10666528452981294,-0.00033768452144924754,-0.10632760000836369,213422.0,0.29911880924524037,0.39501949617882887
NKX2-4,0.10276620742003677,-0.01789684026623384,0.1206630476862706,234304.0,0.30370262226649025,0.39973162980899485
KLF13,-0.055605955401395186,-0.004696670359148878,-0.05090928504224631,213524.0,0.30384225040394697,0.39973162980899485
FOSL2::JUNB.1,-0.1394753110643779,-0.025910034608181896,-0.11356527645619602,213537.0,0.3044477983936895,0.3997682665814671
SOX14,-0.07738236278463737,-0.0002918785635581357,-0.07709048422107923,213577.0,0.3063160454956263,0.4014596656874496
EBF3,-0.05504928792099053,0.003758927896805192,-0.058808215817795724,213675.0,0.31092529798653423,0.4067302574795495
HOXD12::ELK1,-0.12372651490249824,-0.02640278393761285,-0.09732373096488539,213817.0,0.3176847914097196,0.41469488423969325
MEIS1.1,-0.07350131099898734,-0.0018030062846989981,-0.07169830471428834,213828.0,0.3182124039469323,0.41469488423969325
TBXT,-0.11088425402873071,-0.004492395120611675,-0.10639185890811904,213922.0,0.32274449118374804,0.4198105035698377
NR1D2,-0.08934133375044914,0.002192481197340382,-0.09153381494778952,213935.0,0.3233745666061971,0.41984090073449987
GATA5,0.09468501130584928,-0.012152278226458226,0.1068372895323075,233858.0,0.32492893472482065,0.4210689566096927
ETV2::FIGLA,-0.08914007038340506,-0.00964651022578365,-0.0794935601576214,214025.0,0.32775859862404855,0.42390943573760853
ZBTB12,0.08925238000930494,-0.01058546152110091,0.09983784153040584,233788.0,0.3283460369297083,0.42390943573760853
ZNF211,0.05765910597357475,-0.02534079614976059,0.08299990212333534,233689.0,0.33321843754673075,0.42939880592614094
MEIS3,-0.06098885408176653,0.003103212853367601,-0.06409206693513414,214239.0,0.3383369743910525,0.4351843611126549
SOX12,0.050202115190585365,-0.006224377257122107,0.05642649244770747,233507.0,0.3422968678210714,0.43946091378883373
ETV5::FIGLA,0.09466541299352896,-0.022188281065996792,0.11685369405952575,233492.0,0.3430520811037292,0.43961488911811225
NR4A1,0.06293280373215997,0.0023726032158697184,0.06056020051629025,233354.0,0.35004993862313805,0.44775334108541875
TFAP2B,-0.05764920770659186,0.010412612700054459,-0.06806182040664632,214486.0,0.3508159950772266,0.44790529260782436
MYOG,-0.07087220878902348,0.005441163521477631,-0.07631337231050112,214530.0,0.3530692193371463,0.44990853220281546
PBX2,-0.10420890055565027,-0.0010931818900570993,-0.10311571866559317,214542.0,0.353685320113196,0.44990853220281546
POU2F1::SOX2,-0.10414071593401522,-0.008273012606000137,-0.09586770332801509,214666.0,0.36009143617632133,0.45721701620920063
POU6F1.1,-0.06414410773466339,-7.975874561329529e-05,-0.0640643489890501,214726.0,0.36321715838266677,0.46034116044103557
JDP2.1,-0.1242947948406829,-0.02618792505441456,-0.09810686978626834,214803.0,0.3672532958956416,0.4646056321019817
GLIS1,-0.08408343691324552,-0.0004619903458208014,-0.08362144656742472,214880.0,0.3713172647361388,0.46877025485434703
ZIC1,-0.06672843994467302,0.007591643964183698,-0.07432008390885672,214891.0,0.37190010103328974,0.46877025485434703
EVX1,-0.08007878964338502,0.00403412629728883,-0.08411291594067385,214931.0,0.3740242836846003,0.4705905532904425
PPARG,-0.08341609243864447,-0.00016039454936049477,-0.08325569788928397,215031.0,0.3793674914594357,0.4764470128673857
NFATC4,-0.10550219973486559,-0.018755947660959258,-0.08674625207390634,215132.0,0.3848115282633021,0.48221404152636654
INSM1,0.0822069519592487,-0.011724071346198246,0.09393102330544695,232683.0,0.3853531285608103,0.48221404152636654
ZNF417,0.06501210725237903,-0.004439587393907096,0.06945169464628613,232512.0,0.3946864299109214,0.49252492517498353
DMRT3,-0.0994298544680506,-0.015356500206529419,-0.08407335426152118,215319.0,0.3950163778498784,0.49252492517498353
RREB1,-0.0591585719236869,-0.024310767819693338,-0.03484780410399356,215488.0,0.4043782674571552,0.5032909371948766
E2F1,0.02834560424255222,-0.008872652061825921,0.03721825630437814,232273.0,0.40795796956570907,0.5068346767315453
GMEB2,-0.07174550467558269,-0.0012354392917443518,-0.07051006538383833,215640.0,0.4129107706568591,0.5117820406071831
ZNF701,0.06584501560025686,-0.02177148424944814,0.087616499849705,232176.0,0.4134193073690974,0.5117820406071831
NFIA,0.029202492842411464,-0.0045512004280652985,0.03375369327047676,231972.0,0.42504529246238776,0.5252345399713791
NR4A2::RXRA,-0.06310287124997062,0.008319860850440388,-0.071422732100411,215898.0,0.42763532270866567,0.5274931253376054
TFAP4,-0.07065126821676361,0.010264756868823229,-0.08091602508558685,215935.0,0.429771771656981,0.5291851707947168
NKX6-2,0.05823949502626564,-0.023764777937659142,0.08200427296392478,231829.0,0.4333075284508916,0.5317181152474124
BARHL1,-0.061796624320313236,0.005159044584456209,-0.06695566890476945,215997.0,0.4333656315022263,0.5317181152474124
NEUROG1,0.046736234530687565,-0.020873165705092456,0.06760940023578002,231741.0,0.4384378212038009,0.5369893314566907
SOX15,0.0790468422897793,-0.015803758267524618,0.09485060055730392,231670.0,0.44260236505045136,0.5411322201676897
HIC2,-0.024452814695369664,-0.0029968613782081713,-0.02145595331716149,216251.0,0.4482691115905967,0.5470938716414337
BHLHE22,0.07441410722378342,-0.0029447600436831316,0.07735886726746655,231454.0,0.45541014651707423,0.5540736843868372
ESRRA,-0.0011996116356195684,0.011317598717538548,-0.012517210353158116,216374.0,0.4555894890406219,0.5540736843868372
GSC2,0.05861338772441935,-0.006618096453339736,0.06523148417775908,231259.0,0.4671497568564854,0.5671361960433121
MGA::EVX1,0.026127967075007,-0.021189716742967168,0.04731768381797417,231198.0,0.4708563152617279,0.5706349740124618
ZNF263,0.0839546294801167,-0.025913576100124427,0.10986820558024113,231139.0,0.4744567341296424,0.5739931119190779
TFDP1,-0.0507987464757047,-0.0037813459661980332,-0.04701740050950666,216748.0,0.4782564633552794,0.577580231486655
ZIC4,0.04317418004431322,-0.00011880971529188542,0.043292989759605105,231023.0,0.4815794094405398,0.5805800545868528
GATA4,0.08241596846447409,-0.026792227234135907,0.10920819569861,230983.0,0.4840489276667759,0.5825423616441894
POU3F2,-0.03072403292880262,-0.00860778725495096,-0.02211624567385166,216933.0,0.48969257538791855,0.5883112190424299
POU2F1,0.10154003452958507,-0.02163856153727761,0.12317859606686268,230624.0,0.50651713650846,0.607469425413959
ZBTB7C,-0.09198026460403688,-0.006999677560590352,-0.08498058704344653,217300.0,0.5128081836832614,0.6139502821951849
TFAP2A.2,-0.03395581259181845,0.006278451525313825,-0.040234264117132275,217325.0,0.514403246782733,0.6147962811289313
BHLHE23,0.061241237663302944,-0.013867009872875966,0.07510824753617891,230463.0,0.5167686651789909,0.6165584763859685
E2F8,0.036723451825839616,-0.0030872283926713117,0.039810680218510926,230331.0,0.5252531406663155,0.6256027079881072
DMRTA2,-0.04903905777278895,-0.0006245885617956736,-0.04841446921099327,217552.0,0.5290035814836945,0.6289870762658362
GCM1,0.034678570179021546,-0.003430864111812684,0.03810943429083423,230226.0,0.532052695477742,0.6315273846837007
EWSR1-FLI1,-0.04589626554425406,-0.019480738636935016,-0.02641552690731904,217662.0,0.5361537224296076,0.6353054382213843
POU4F3,0.10149389326892425,-0.008176674802112647,0.1096705680710369,230079.0,0.5416463988284554,0.6407167657936601
FOSL1::JUN.1,-0.11289873524394238,-0.03533837109523722,-0.07756036414870515,217931.0,0.5538415643127663,0.6540245093932325
ZNF680,-0.05502159366514332,-0.016429797690095328,-0.038591795975048,217987.0,0.5575594040881429,0.657293198686533
LBX1,0.03381009194037438,-0.028634795336944924,0.06244488727731931,229660.0,0.5694568504477785,0.6699077453723269
NR2F6,0.0532917483060081,0.002255203260852711,0.05103654504515539,229649.0,0.5701960433877176,0.6699077453723269
PROX1,0.050226971807619196,-0.008717197132108667,0.05894416893972786,229582.0,0.5747082495888278,0.6736814761038723
NR2F1.2,0.03611878599339118,-0.004172032254874001,0.040290818248265185,229566.0,0.5757882848323405,0.6736814761038723
MEIS2,-0.03570091665109743,-0.006213012380309144,-0.02948790427078829,218267.0,0.5763286616379948,0.6736814761038723
RARA,0.03620179480724531,-0.01039876929312433,0.04660056410036964,229513.0,0.5793727304114153,0.6760976887768961
GATA1,-0.0814081966747404,-0.01910026648329888,-0.06230793019144153,218349.0,0.5818812705078955,0.6778818841607133
PPARD,0.04525727606005825,0.0016062154217330483,0.043651060638325204,229385.0,0.5880724172077547,0.6839430465676744
ZBTB6,0.03868317278195131,-0.0018293282696077982,0.04051250105155911,229256.0,0.5969006761500569,0.6930457515030862
SOX2,0.04681228568210173,-0.008834370932497362,0.055646656614599097,229104.0,0.6073796515331069,0.7040313548758961
POU2F3,0.09834519042264135,-0.028023587696888456,0.12636877811952982,228889.0,0.6223403322317631,0.7201664045223747
MYOD1,0.09083802883604768,-0.014346149087485,0.10518417792353267,228868.0,0.6238101415723771,0.7202937440382889
POU3F4,0.06182609420047634,-0.021311227287920943,0.08313732148839728,228850.0,0.6250711715772024,0.7202937440382889
SP5,0.09500630171679114,-0.02316227806291564,0.11816857977970678,228829.0,0.6265437613070186,0.7202937440382889
POU3F1,-0.017025262609183307,-0.013359070145610618,-0.0036661924635726893,218997.0,0.6266139218367774,0.7202937440382889
NRL,0.018310323913152515,-0.019278756896893904,0.037589080810046416,228758.0,0.6315335247684141,0.724744940530253
ZBTB14,-0.03047675983005,-0.003117046389917791,-0.02735971344013221,219153.0,0.6376000051098667,0.7304953700927612
ZNF382,-0.06667091393982107,-0.001980859267959559,-0.06469005467186151,219173.0,0.6390143204323242,0.7309056359325097
LMX1A,-0.0010598124712803323,-0.020591812891945453,0.01953200042066512,228538.0,0.6471008777186076,0.7376416558331509
HOXB4,-0.024450717545269753,-0.0016815858283115116,-0.02276913171695824,219296.0,0.647741084507399,0.7376416558331509
GATA6,0.04261571070047,-0.024526090848730545,0.06714180154920055,228516.0,0.648666287674718,0.7376416558331509
ZNF667,0.03319099219856458,-0.009568487726753394,0.04275947992531797,228500.0,0.6498057439813502,0.7376416558331509
KLF17,-0.02645415160033426,-0.014153611950887298,-0.012300539649446962,219331.0,0.6502332515292226,0.7376416558331509
JUN::JUNB.1,-0.09502034526141664,-0.03754819338492856,-0.05747215187648808,219380.0,0.6537288622227216,0.7403934086057666
ZBTB32,-0.030760276988209774,-0.00813151543833713,-0.022628761549872645,219404.0,0.6554437800029438,0.7410439355335345
ZNF549,0.03038281576087981,0.0007634331079938532,0.029619382652885957,228407.0,0.6564449891359201,0.7410439355335345
ZNF24,0.04507471260501599,-0.0105853042891093,0.055660016894125294,228285.0,0.665195773405159,0.74969947100386
PBX1,0.06441624031154206,-0.005015716209488559,0.06943195652103061,228245.0,0.6680749144180662,0.7517200663045558
ZNF707,-0.030399592833169082,-0.014111042703310038,-0.016288550129859046,219603.0,0.6697326380702486,0.7523619895204741
SRY,-6.580953173029615e-05,-0.006441872998251513,0.006376063466521217,228082.0,0.6798576068011284,0.7624983207558848
POU5F1,-0.0019581139176594827,-0.018422192390766347,0.016464078473106863,219890.0,0.6905512858367682,0.7725605084797056
SMAD5,-0.011366864557120339,0.003527335943685516,-0.014894200500805855,219897.0,0.6910620733366153,0.7725605084797056
ZNF317,0.05035133458700493,0.0011137296608074274,0.0492376049261975,227855.0,0.6963972012315229,0.7772691342777642
TFAP4.1,-0.05843779859273474,-0.008314106536385497,-0.05012369205634924,219997.0,0.698374296219978,0.7782206328248387
DUXA,-0.06657356862976788,-0.015952160819704374,-0.0506214078100635,220015.0,0.6996934984143726,0.7784371397150255
TFAP2C.1,0.05997186375219259,-0.00646234942887981,0.0664342131810724,227789.0,0.7012337136631438,0.778898442784744
ZNF449,0.014457888714495642,0.004168597223872469,0.010289291490623173,227752.0,0.703950412477359,0.7806629574268148
MAFF,0.007918975397045598,-0.011686310039502282,0.01960528543654788,227697.0,0.7079957310950147,0.7838928734684003
FOXE1,-0.030084301912892762,-0.015312090465515705,-0.014772211447377058,220194.0,0.7128610036187961,0.7873323341895448
NR1D1,0.017104430448128045,-0.003745927367950892,0.020850357816078937,227624.0,0.7133777074231858,0.7873323341895448
FOSB::JUNB.1,-0.03915712112121164,-0.04557149720135475,0.006414376080143107,227577.0,0.7168503999692344,0.7897072865949385
NKX6-1,0.0429690699052481,-0.011771696268498314,0.05474076617374641,227564.0,0.717811970040775,0.7897072865949385
OTX2,-0.02616407816580973,0.00120324605240891,-0.02736732421821864,220336.0,0.7233681799399942,0.7945567944737715
SRF,-0.05572016334626612,-0.01859440732637768,-0.03712575601988845,220381.0,0.7267089402518219,0.7969613100701438
ZNF93,0.0241748400406194,-0.002290553666527129,0.02646539370714653,227416.0,0.7287902661051341,0.7979792154189127
GLI3,0.01385811572101199,-0.013087025859004594,0.026945141580016582,227221.0,0.7433399291724851,0.81120721888633
MEOX1,0.022629604300475687,-0.02359017905135235,0.04621978335182804,227212.0,0.7440137162612177,0.81120721888633
FERD3L,0.035626139581427615,-0.0016140920612146216,0.03724023164264224,227207.0,0.7443881271572537,0.81120721888633
SOX21,0.008216086402923126,-0.011542925131690883,0.01975901153461401,227111.0,0.7515884366624803,0.8177660348591766
ERF::FIGLA,0.05490423564044058,-0.007193636793669782,0.06209787243411036,227004.0,0.7596393159553653,0.8252282678824376
ZNF816,0.014821610830290705,-2.2776421757275236e-06,0.014823888472466433,220904.0,0.7659024288323528,0.8307280262570348
NHLH1,-0.013363841396664121,-0.005629266729309066,-0.007734574667355055,220940.0,0.7686237516673842,0.8323750174551328
MAFA,-0.021063479451639878,-0.002263855168341496,-0.018799624283298382,220974.0,0.7711965111305781,0.8338562276599376
GLIS3,0.0021160455835987995,-0.006949057970338471,0.00906510355393727,226745.0,0.7792335156584804,0.8412318140962066
NHLH2,0.05941797245074152,-0.010197318660752727,0.06961529111149425,226680.0,0.784173628405956,0.8452463408986316
PITX1,-0.04266565563165076,-0.0022745063434129777,-0.04039114928823778,221180.0,0.786837310028163,0.8467984736228442
MEIS2.1,-0.027936799323249304,0.0023340133750062585,-0.030270812698255562,221277.0,0.7942324692696942,0.8534299203953856
POU2F2,0.04447547135894362,-0.017757160847912127,0.06223263220685575,221304.0,0.7962942417879408,0.8543187834376047
RFX7,-0.017037541624632384,-0.02077679583351609,0.0037392542088837064,221385.0,0.8024880417124158,0.859631153041783
ZBTB33,0.028064527404495873,-0.013233907767155289,0.04129843517165116,226381.0,0.807007422962982,0.8631362236327411
TFAP2A.1,0.05976618306686329,-0.008430662686640413,0.06819684575350371,226356.0,0.8089243696176949,0.8638513329867976
POU3F3,0.030889353029955047,-0.021136757554090127,0.052026110584045174,226222.0,0.8192184865317884,0.8729399572708958
BARX2,-0.043103011924383434,-0.013040852945599516,-0.03006215897878392,221621.0,0.8206036971726354,0.8729399572708958
SOX13,0.016395238157689788,0.0005364104795453536,0.015858827678144435,226196.0,0.8212195262765218,0.8729399572708958
OLIG3,-0.02767778317933126,-0.009305230763568435,-0.018372552415762824,221658.0,0.8234528279362366,0.8739714063372327
THRB.1,0.03494334772266034,-0.0055938362669108455,0.040537183989571186,225968.0,0.8388155665110943,0.888913280284345
SOX8,0.017166227149560894,-0.010943812107312644,0.02811003925687354,225724.0,0.8577358710790755,0.9075737351478902
NOTO,0.02074968843343159,-0.005935835249137305,0.026685523682568896,225696.0,0.8599125060440402,0.9084877163091234
ZSCAN31,0.02080513667236383,-0.0004622288245237899,0.02126736549688762,225636.0,0.8645802889760892,0.9120267682491673
LMX1B,-0.05402475714616578,-0.02495138885681334,-0.02907336828935244,222220.0,0.8669938402507076,0.9131807267176402
ZNF136,0.002768998083631793,-0.015550594305174479,0.01831959238880627,222243.0,0.8687853425151524,0.9136769863533214
TCFL5,0.011801355592114997,-0.013568670574542136,0.025370026166657133,225541.0,0.87198055556846,0.9156457427213571
ZSCAN29,0.0010793707366124141,-0.0007450868556082731,0.0018244575922206872,222395.0,0.880641353505417,0.9233391160996189
MSANTD3,-0.022874977558472277,-0.004625014944787018,-0.018249962613685257,222433.0,0.8836096486112679,0.9242241398717223
HOXC4,-0.009340018062589332,-0.0015072335164679808,-0.00783278454612135,222440.0,0.8841566193570523,0.9242241398717223
PAX5,-0.02916188799570419,-0.019356441432760385,-0.009805446562943805,222539.0,0.8918981409682993,0.9309102768477574
TFAP2A,-0.0060826990980746235,0.005352843059737813,-0.011435542157812437,222567.0,0.89408956542656,0.9317921374626198
VAX1,-0.02129713494099308,-0.018098977695016994,-0.003198157245976087,225229.0,0.8963601074044643,0.9320854847744989
CTCF.1,-0.016219596906314988,-0.0024112095897823324,-0.013808387316532656,222605.0,0.8970649318783472,0.9320854847744989
ZFP57,-0.02720707014785305,-0.00472357186841802,-0.02248349827943503,222747.0,0.9081958887285209,0.9388275845576831
TAL1::TCF3,0.007721833292108755,-0.0006630029460076682,0.008384836238116422,225074.0,0.9085097084608921,0.9388275845576831
RBPJ,0.007213480151603444,-0.005900566512528588,0.013114046664132031,222755.0,0.9088235424722673,0.9388275845576831
CTCF,-0.010460553240795138,0.002408558635453832,-0.01286911187624897,225068.0,0.90898046481741,0.9388275845576831
POU4F2,-0.007173458572102902,-0.005857420919303171,-0.0013160376527997309,222778.0,0.9106283627052926,0.9391279090790796
PITX3,-0.007678759665563891,0.0025948668332557733,-0.010273626498819664,222811.0,0.9132186907273645,0.9403978184275837
PITX2,-0.03476755166505696,-0.005080330835025864,-0.0296872208300311,222851.0,0.9163597161204516,0.9409935119340774
OSR2,-0.00612631272349447,-0.0008107394575098722,-0.005315573265984598,222853.0,0.9165168020860812,0.9409935119340774
LHX5,-3.962082163309891e-05,-0.017071946788155854,0.017032325966522755,224921.0,0.920523578788398,0.9437071355875131
MAF,0.01010783287980821,-0.008479548351975164,0.018587381231783374,223066.0,0.9332638897703879,0.9553529759187994
EBF1,0.05202749321397446,0.005625530281869969,0.04640196293210449,223094.0,0.9354677448732481,0.9561945043608386
NR6A1,0.03238025599964055,0.014684084279732546,0.017696171719908,223182.0,0.9423972883511658,0.9618568193790659
ZKSCAN1,-0.004218699687266529,-0.007165351428271783,0.0029466517410052543,223240.0,0.9469669052886663,0.9650973467743109
PAX3,-0.007945413456554803,-0.0038027552505470407,-0.004142658206007762,224426.0,0.9595024623117566,0.974051608171758
ZNF257,0.0029253712913330484,-0.029892811158718592,0.03281818245005164,224421.0,0.9598968409681556,0.974051608171758
EGR2,0.014166461429361173,-0.02033905654723389,0.03450551797659507,224420.0,0.9599757178802586,0.974051608171758
NKX2-2,-0.02484459099165346,0.0031723584531604325,-0.028016949444813893,223532.0,0.9699960070725746,0.982139441306124
MEOX2,0.041738348108302896,-0.01896592652506128,0.060704274633364176,224283.0,0.9707852281118335,0.982139441306124
NFIC.1,-0.019579038504049306,0.005983214043694205,-0.02556225254774351,223626.0,0.9774157391618853,0.9868405668775032
GRHL1,-0.009575933783513327,-0.0158691787893436,0.006293245005830271,223637.0,0.9782841457774093,0.9868405668775032
CTCFL,0.012125554532713098,-0.012735396695919067,0.024860951228632164,224064.0,0.9880749933554198,0.992522932546253
NFIX,-0.02785520666437968,0.00029939442695899125,-0.02815460109133867,224055.0,0.9887857070535236,0.992522932546253
HOXA9,-0.01624535961227482,-0.00380846972347251,-0.012436889888802309,223775.0,0.9891805518782836,0.992522932546253
ASCL1,0.02189760336060004,0.010250634387678216,0.011646968972921825,223781.0,0.989654369157391,0.992522932546253
TFAP2B.2,0.024563398854145966,-0.005097172426209381,0.029660571280355347,223828.0,0.9933660509139961,0.9948036284117008
MZF1,-0.02497831279711286,-0.014550411703655071,-0.01042790109345779,223919.0,0.9995261410620288,0.9995261410620288
