tf,mean,sd,variance,iqr,fold_enrichment
EHF,-0.052874164630852066,2.5108380858285164,6.3043078932470085,4.214516788469281,0.74802298437453
SPIB,-0.05722419052661154,2.467788831883263,6.089981718767758,3.93473379489758,0.911641306920919
ETV1,-0.061619561911514506,2.4583791619514477,6.0436281039171025,4.1555005921476,0.832681807491594
FOXJ2::ELF1,-0.07175547787977743,2.374875321918863,5.6400327946592235,3.980317444306275,0.832777103445716
GABPA,-0.0540434954616509,2.371135785977058,5.62228491554104,4.0503403940475025,0.819104472464387
SPIC,-0.040470394147525734,2.336910967138907,5.461152868334101,3.28247329910666,0.807687366431857
ELF3,-0.05274877499043213,2.320835681551128,5.38627826076089,3.939719898545265,0.906585130314574
ELF1,-0.04812457467958149,2.2987618476655776,5.284306032282861,3.8536309363335874,0.838165784465668
IKZF1,-0.04219903027410383,2.2951216324501647,5.267583307740709,3.770743711141293,0.773764275271437
ETV2::FOXI1,-0.0649639669192883,2.2229228520270685,4.941386006064156,3.638556380378015,0.837005039031899
FLI1::FOXI1,-0.06563096026295782,2.183287725712068,4.766745293244974,3.591362467234328,0.797008984682284
FOXO1::ELK1,-0.04795908554755362,2.172749714296997,4.720841320977682,3.553322927807672,0.859871360279429
ERF::FOXI1,-0.05329191030598765,2.1294160848445007,4.534412862394483,3.5375882583726,0.778249267125445
STAT1::STAT2,-0.04186866153624861,1.9630792591439157,3.8536801776810248,3.130619834260022,0.963129086009308
FOXO1::ELF1,-0.04774538961507979,1.9264785521222516,3.7113196117870473,3.043761017881388,0.782442613702604
FOXO1::FLI1,-0.03934980613861405,1.8654055498653168,3.479737865468325,2.984052521012365,0.911759059321484
ETV6,-0.034396780688738006,1.8637560450672428,3.4735865955246905,2.9210205657048274,0.737014721869069
EOMES,-0.05494214587279172,1.8499228359357844,3.422214498916695,2.6241319463373123,0.782407565881162
BACH1,-0.04866494139920204,1.8423615879183193,3.394296220636911,2.5842453212882726,0.918362192865244
FOXO1::ELK3,-0.03978749132810251,1.816022698843328,3.2979384427142047,2.8129692886652,0.916697223240775
FOSL1::JUND,-0.04898178972991335,1.8106092560314748,3.278305878026851,2.526875089861585,1.00213705727464
BATF3,-0.04019349246376162,1.8093340607132962,3.2736897432572656,2.60540251120016,0.96281297520594
BATF,-0.037856962594521176,1.8064221409232069,3.2631609512175825,2.5569460615457027,0.943010507157787
BATF::JUN,-0.03693301155405555,1.8018452731640626,3.246646388423675,2.54073977360698,0.940381158999911
FOS::JUN,-0.046698310956438276,1.7982267659239635,3.233619501685357,2.566982790463885,0.941142827926061
JUNB.1,-0.04696474199181911,1.7979442081616412,3.232603375661991,2.52746182478505,0.925172082007253
ETV2,-0.04286902858283233,1.7912843135314747,3.2086994919039267,2.73734778615637,0.812720958510595
FOSB::JUNB,-0.04367781910013659,1.789947018972724,3.2039103307293413,2.5279224842576524,0.820309800695926
BNC2,-0.035047355003929775,1.7894288309096968,3.2020555408908447,2.5500290344174648,0.965120960626666
TBX2,-0.054470094839918506,1.7853455338233066,3.1874586751428273,2.53747311112908,0.89283382130501
FOSL1,-0.038937459136874894,1.7826921946285919,3.177991460789705,2.5324366780731724,0.973699094269667
FOSL1::JUN,-0.045591001372565665,1.7809157324721652,3.1716608461668687,2.4950550940068377,0.937561577137481
TBR1,-0.05167247734209408,1.7773722498946811,3.1590521146956805,2.5083576903390874,0.87511267075636
TBX20,-0.034921247698273095,1.774503262384809,3.1488618282143297,2.5002038658292274,0.859576780074037
FOSL2::JUN,-0.05195407289235632,1.7728777461467335,3.1430955027823217,2.5303569262711374,0.917183431590855
FOSL2::JUNB,-0.04600258136182829,1.7721400615165754,3.140480397631972,2.495929630600245,0.923639820552467
FOSL2::JUND,-0.04447924635879296,1.7685481543060493,3.1277625740993336,2.5274567807395574,0.905134514072071
JUND.1,-0.0449490788325708,1.7669354980577128,3.1220610542964575,2.478881292650205,0.979254737352261
TBX1,-0.05223873075326872,1.7668794459404857,3.121862976486958,2.4906455371729823,0.712876192563899
FOS,-0.03971980737159464,1.762788862282086,3.107424572985771,2.5005584248269126,0.932889692457365
FOSL1::JUNB,-0.04561932248430358,1.7612085338799186,3.1018554998114527,2.49922892763858,0.878090625707116
FOS::JUND,-0.04319219823924018,1.7593741413034323,3.0953973690871894,2.4852434411482998,0.99812850904554
FOS::JUNB,-0.040774297109218656,1.747417259638607,3.053467079282899,2.4636171730836223,1.01669882430582
TBX3,-0.05082797431568049,1.7417843094920638,3.0338125807927456,2.4748321132419475,0.755125663839913
TBX21,-0.03822572426256118,1.7288073611755803,2.9887748920548733,2.389711081194055,0.756934038676341
JDP2,-0.047227103934650766,1.7247556475532746,2.9747820437669152,2.4591659156867953,0.908490754592421
FOSL2,-0.035615162177869135,1.7109486203744666,2.9273451815612908,2.4561413420207074,0.817963976122888
ETV5::FOXI1,-0.03116816585998947,1.7072981985632778,2.914867138817413,2.64387146931201,1.08342687921897
TBX15,-0.04715033976439286,1.705223959874711,2.90778875333079,2.40805278968103,0.723281528293869
MGA,-0.04715033976439286,1.705223959874711,2.90778875333079,2.40805278968103,0.723281528293869
ZNF384,-0.044756072444247,1.6945029949775292,2.871340399987816,2.6939425520767526,0.911933510741623
RUNX3,-0.035409823914574104,1.6701553330847025,2.789418836631274,2.4489263804625976,0.934939494906998
ETV7,-0.028678006788909947,1.6578766701956873,2.7485550535791394,2.55178554201846,0.88741315368147
ERF,-0.04944652781656888,1.6515963700825047,2.7277705696697057,2.43158119676764,0.922529050492216
JUN::JUNB,-0.04029315819252483,1.6489367744523695,2.7189924861413846,2.2997993692516876,0.842543105503026
MEF2A,-0.04303405178785774,1.6411588662014533,2.69340242411164,2.524801155299498,1.0848457223023
NFE2,-0.027054479944706267,1.6292751958962302,2.6545376639626994,2.166477377004915,0.800493951856175
ERF::FOXO1,-0.038474282130605796,1.6171837853717161,2.6152833956691928,2.4145757777524848,1.01422735596563
ETS1,-0.04494580413309115,1.587247330274942,2.5193540874649307,2.3272455712764177,0.841389639127984
TBX18,-0.03316272337618707,1.577009766295032,2.486959802989911,2.1978425205903473,1.04056180878021
MEF2C,-0.041031335607141235,1.5675768147138518,2.4572970700284253,2.3992176332512427,1.03615041408565
BACH2,-0.03855176396352958,1.5628538458494243,2.4425121434863364,2.1798755224168676,0.80770737454141
TBX4,-0.03726533061965501,1.557516021641029,2.4258561576684983,2.2229683329374677,0.851942184769221
TBX5,-0.03726533061965501,1.557516021641029,2.4258561576684983,2.2229683329374677,0.851942184769221
IRF3,-0.03501930748244805,1.554586594581342,2.416739480052014,2.314457980009005,1.10222567828515
ELF2,-0.031453121815113755,1.549528158722627,2.4010375146743352,2.34082407140178,1.23386586268682
ELK4,-0.034073815377592825,1.5290441993100672,2.3379761634437646,2.2394439519260376,1.1717368697468
ELF4,-0.0360849102634995,1.5234727635153404,2.3209692611730683,2.2736907540120623,1.09627085198516
ETV5::FOXO1,-0.03547376493884737,1.5033864995024389,2.260170966886197,2.177999148721333,1.1461449414893
ETV5::DRGX,-0.025575820406341206,1.5002577347134387,2.2507732705674988,2.15414025357433,0.969614412727017
ZBTB7A,-0.033031340171915925,1.4967125122803009,2.2401483444164096,2.2660850293638726,1.14971845512936
MEF2D,-0.0441761852091488,1.4889764633083677,2.217050908286295,2.2472893476223175,1.1023507630021
IRF9,-0.04090753184873539,1.459722061725222,2.130788497487333,2.1170023258979023,1.07792730667394
ZIM3,-0.028886104913192483,1.4581686590207341,2.126255838150326,2.10179862487383,1.1967735662074
ZNF354A,-0.03941547775949371,1.4571668492563943,2.1233352265718075,2.13850925894097,0.856037869484798
FLI1,-0.044186539813338414,1.4462148441025404,2.091537375302535,2.0770433779461017,0.986850220807737
IRF7,-0.023852213629186016,1.4298753924995924,2.0445436380758633,2.0483926945858304,1.19264697218546
MAFK,-0.04295736802154752,1.4229646182426248,2.024828304770379,2.0676539074936517,0.985843641635146
HNF4A.1,0.03753578641714137,1.4191568912362045,2.0140062819432085,2.03679553237117,1.36287670494366
HNF4G,0.03786764580153802,1.4178390661972031,2.010267617634957,2.0143732515537276,1.36692685859877
MEF2B,-0.042054857241456016,1.4178335602739316,2.010252004639052,2.060019016770525,1.11405750002565
FEV,-0.03669636509823742,1.4057289930420978,1.97607400187915,1.9953772360489959,1.07863288784694
FLI1::DRGX,-0.023120810635158355,1.4025754421073058,1.9672178708025043,1.9819779199385743,0.747261985381687
ZKSCAN5,-0.016254109168661476,1.397457138553077,1.952886454092954,2.1236613263232473,1.36081243991926
HOXD12::ELK1,-0.03263235706082233,1.3869825134268063,1.9237204925517413,2.052105990752978,1.52834754035242
RUNX2,-0.023739841965232825,1.3803426981805496,1.9053459644203594,1.9203482636008056,1.26495698694474
ELK3,-0.03204889198744794,1.3715953470435194,1.881273796031432,1.9178933041290938,1.04300397415191
CEBPD,0.021339151404428026,1.3706908808340483,1.878793490801619,1.7824235850862369,0.923378796914376
ERF::HOXB13,-0.025406812797407335,1.3596478578552873,1.8486422973704715,1.9157420942538463,1.10531632771654
MAFG::NFE2L1,-0.02657147908177344,1.3583141623871267,1.8450173637414415,1.8737087162768236,0.890429001272571
ETV2::DRGX,-0.021347589788195478,1.3516704077726005,1.827012891248148,1.909795054978205,0.837757741405129
CEBPA,0.014999934239258866,1.3510846708151325,1.825429787711635,1.7504145794792736,1.04694040589166
ATF2,-0.04017628460315187,1.3353683538907442,1.7832086405728758,1.8529185598596922,1.18824822505421
ETS2,-0.039347297105617005,1.3341010911167213,1.7798257213188264,1.7996335890431512,1.05487878220677
HNF4A,0.01278772108006942,1.3339182165773886,1.7793378085170009,1.881143762428147,1.7816451354852
IRF8,-0.01663769507414441,1.3336350535126698,1.7785824559577412,1.8510687069255993,1.17420078428514
FOSL2::JUN.1,-0.03913582451908245,1.3335529179422707,1.7783633849523444,1.8965712049849377,1.6511329813813
HOXB2::ELK1,-0.03660545427662122,1.3332357346166595,1.7775175240588237,1.893882615791239,0.799155178810971
ELK1::HOXB13,-0.022669729845995055,1.3321861416063365,1.7747199158879778,1.8764675776572222,0.980805196484259
MAF::NFE2,-0.030350976806541297,1.331265928109979,1.772268971346524,1.8011885008833564,0.805870768548879
FOS::JUN.1,-0.03950491964894654,1.325681417192397,1.7574312198892421,1.8070741336810001,1.47828226960005
ETV4,-0.030682225241011416,1.3223821098410877,1.7486944444277666,1.796241601750363,1.07614933589816
RREB1,-0.026541333188456556,1.3182947813825054,1.737901130620348,1.9755583318550425,1.44751144839553
FOSL1::JUND.1,-0.044893095835248864,1.3131307209214165,1.724312290227599,1.8080963054892583,1.67615014776587
ETV5,-0.034259283992416,1.3130325480452973,1.7240544722263258,1.7870854668050633,1.11161957413854
ELK1::HOXA1,-0.025556692088313557,1.3068304931747108,1.7078059378912578,1.8436451377572758,1.14333162548172
CREB1,-0.034732285682561814,1.299532728588114,1.6887853126716688,1.892448167832748,1.03335417858142
IRF2,-0.022546693480748885,1.2950826404165974,1.6772390455084258,1.80238661013053,1.08001631308222
ELK1,-0.031101412788815123,1.2950386486734378,1.6771251015579238,1.777396683225722,1.08741839190913
FOSL2::JUND.1,-0.04390713398849213,1.2928325108098437,1.6714159010068848,1.8199061574069113,1.87924399310188
ETV3,-0.0334782341386914,1.2879991630279553,1.658941843960713,1.7540012080263405,1.01508375417014
IRF4,-0.022431016191083075,1.2789163624129631,1.6356270620476059,1.7211652870695469,1.22048183905075
CREM,-0.04455416223193455,1.2733796617680941,1.621495763004626,1.740580009241175,1.59935568813706
POU5F1,-0.017368346841097733,1.2715938259981703,1.616950858316665,1.7374344876499892,1.16994299452759
ZSCAN4,-0.017484879519783204,1.2702357700267501,1.613498911455451,1.7479890154534374,1.22433987674979
KLF9,-0.01660875183778732,1.269557400542867,1.6117759932731615,1.8820311450612346,1.77833368778018
FOS.1,-0.03530848888566717,1.268537337741819,1.6091869772451017,1.7827223743422205,1.8794887790521
POU2F2,-0.013773726087048983,1.2670193275835355,1.6053379764702342,1.783205464323462,1.18692697054155
POU3F3,-0.01780662977347273,1.265535205150703,1.601579355475832,1.784273313636733,1.1837186892535
JUN,-0.02702936420307226,1.2651661402748298,1.6006453624979102,1.7589481098850865,1.14165025544424
ETV5::HOXA2,-0.017615314939978997,1.264943344051324,1.6000816636597466,1.7577564496361258,0.965451682856549
SPDEF,-0.02690699873275732,1.2629584692121618,1.595064094954727,1.7099374016510918,1.2020472367
FOSB::JUN,-0.03388475959724964,1.2616827411765557,1.5918433393827878,1.7153334904909647,1.91504748561825
CEBPG,0.010053965223385255,1.2558071351774396,1.577051560762568,1.7355677286043492,1.18824822505421
NFKB1,-0.0370407721527037,1.2509436506843636,1.5648600171875233,1.7826785823975002,1.49661714159077
ZNF211,-0.020028073811946486,1.2494674438801359,1.5611688933163606,1.669502124119838,1.12488723005519
SREBF1,-0.01923700947190769,1.2456513867214316,1.5516473772410255,1.7478171286938313,1.12541234152655
EWSR1-FLI1,-0.02117156424365807,1.243884985846937,1.5472498580154346,1.7842248438986044,1.35416959204487
PRDM1,-0.007489082912057748,1.2431787313493752,1.545493358079442,1.7793534940725624,1.33430373605046
CEBPE,0.010820540116867,1.2413765931180685,1.5410158459414227,1.653213330343967,1.42881381662961
CEBPG.1,0.02384955566893417,1.2400797719701468,1.5377978408495312,1.5933588377284407,0.858130626789336
JUND,-0.029290721797134052,1.2399302480596932,1.5374270200533722,1.697159018936863,1.39320031172857
PHOX2B,-0.0255484255618243,1.239898458889811,1.5373481883573283,1.7640315714234451,0.880673698763069
JDP2.1,-0.03246762593685686,1.2360695915572186,1.5278680351724294,1.6472963712186472,1.80622403552949
NFATC4,-0.024308469282368753,1.2335474531881656,1.5216393192670095,1.698547867023442,1.32629072955937
JUN::JUNB.1,-0.041226915615501215,1.233473967329016,1.5214580280783823,1.7078238114496485,1.96999047837935
CREB3L4.1,-0.03608821809132733,1.2327832237876772,1.519754476852338,1.680202622799091,1.88669104008231
ATF7,-0.03749957989797858,1.2322726552960237,1.518495896990313,1.6646873779736315,1.89413825973989
POU3F1,-0.013593738646387956,1.231964093890458,1.5177355286353371,1.7423747701894807,1.29939057626539
POU2F3,-0.019934876588286448,1.2313547927484063,1.5162346256244705,1.692071820381142,1.22539247473867
ELK1::SREBF2,-0.02391349880235003,1.2287687600100001,1.5098726655765133,1.7239408887398495,1.1660733605903
HLF,0.028548082150692454,1.2255502785705856,1.5019734853044402,1.650972751763676,1.5151269189353
KLF17,-0.01494095446685421,1.224687885634651,1.4998604172202719,1.737907302749814,1.69602182984328
ZNF135,-0.020794520311802178,1.223621148047808,1.4972487139498358,1.696171583746765,1.46945897459473
JUNB,-0.034266141633913096,1.2222973089536018,1.4940107114752166,1.669222582590638,1.91117481693834
SNAI3,-0.01326914942484053,1.2219886373892672,1.493256229908478,1.616350461333824,1.67676338411324
POU5F1B,-0.019574733635463106,1.2199104623497365,1.4881815361503479,1.6364053103107419,1.20947575877974
FOSL2::JUNB.1,-0.03317920921675328,1.2186587345664257,1.485129111335042,1.677536856426698,1.92131384452812
CEBPB,0.012942310273571582,1.2145386021778788,1.4751040161801958,1.6496064878624874,1.32559390430742
ZNF8,-0.013617639278725342,1.2140013897066302,1.4737993742096294,1.631582789242299,0.752557209201002
FOSB::JUNB.1,-0.04516092082460824,1.211828037887955,1.4685271934113706,1.658272465435481,2.17013137375088
PAX6,-0.01591509833236389,1.2113104674966049,1.4672730486668435,1.6520978946277876,1.19045686487773
PLAGL2,-0.021299025900616983,1.2088449354127417,1.4613060778730356,1.6362975153138555,1.61983761127947
TFEB,-0.02370185990594944,1.2084790616844414,1.4604216425297079,1.5758425172814592,0.914185559178147
PROP1,-0.03377283095662509,1.2072666184782217,1.4574926880918402,1.639284698082216,0.861139815771637
ATF3,-0.027995386612219245,1.2037628205339206,1.4490449280997797,1.5926346244121283,1.63592795224578
POU2F1,-0.013754050084570717,1.2024255671387851,1.4458272445090292,1.664151699911613,1.24796801759205
NFKB2,-0.03531613605433824,1.2024072105383707,1.4457830999546657,1.606411105432673,1.6997652739395
BACH2.1,-0.026390583673504733,1.2004661715584335,1.4411190290561624,1.6523459294887,1.21415316266203
ETV5::FIGLA,-0.014708618863942308,1.1999607839043167,1.4399058829082625,1.6808480146679867,1.45974519681713
MITF,-0.018612800228061766,1.1961595866798558,1.4307977568061234,1.5998490570459851,1.04706266202594
ZNF24,-0.007022574604957211,1.195697918694874,1.4296935127712536,1.6203483001862269,1.31621341852159
NFIL3,0.024094705339562678,1.195417341044972,1.429022619271031,1.5832917418006511,1.58896351342532
SREBF2,-0.02054443200045469,1.195200178482368,1.4285034666442844,1.590540973050367,1.01019841215177
HOXB13,-0.021660792689405836,1.1930775163826872,1.4234339600978811,1.6600387483322463,0.991177394847905
NRL,-0.016872725755065723,1.1911158344563517,1.418756931092651,1.624893771550283,1.31512483224686
RELA,-0.03345181104624653,1.1903808198177475,1.4170064961899727,1.56506346182772,1.29804528897093
POU3F2,-0.010023421122150575,1.1903618063012178,1.4169612299006982,1.6522317359712133,1.19099244728298
USF1,-0.015241093045998206,1.1889652630443728,1.4136383967261748,1.5855197530759937,1.02853744211682
TFEC,-0.024576008935097173,1.1884328703345262,1.4123726872915605,1.5568044695764118,1.11574291227985
FOSL1::JUN.1,-0.04030291525252447,1.1865920415846876,1.4080006731521169,1.612684544273434,2.18272401228328
ZBTB32,-0.00957995482064421,1.1865793031813585,1.4079704427383581,1.6189377383081318,1.21048155982654
ZFP42,-0.028346697412404708,1.1863666976173675,1.4074659412155381,1.632291328222828,1.20980847964987
RFX1,-0.022049540225764927,1.1859099576161776,1.4063824275732042,1.594001464017172,1.59858897879472
RFX2,-0.023333167509321084,1.1859015379176179,1.4063624576353713,1.608110572208453,1.6411222422011
POU1F1,-0.020177806778078275,1.185421738770452,1.4052246987495616,1.603998571384965,1.03356502415958
SOX8,-0.009144522835201119,1.1850003550316384,1.4042258414251088,1.628163819653338,1.23505800361696
XBP1,-0.0032180612224907046,1.1844960055889782,1.4030307872562444,1.6345033955355417,1.20319474360835
POU4F1,-0.009886004652188354,1.1823537900918566,1.397960484944578,1.5876528146207702,1.45225272325314
ZNF317,0.004265368600852988,1.181587000990658,1.396147840910097,1.6436086340879061,1.16728474393858
POU3F4,-0.01598970890442812,1.181464491613938,1.395858344944581,1.6185065667726897,1.1639982612776
GATA6,-0.020228426155566557,1.181274884688145,1.3954103531949902,1.5894074124991189,1.08712071653896
POU2F1::SOX2,-0.014409387178934642,1.180690307553109,1.3940296023498553,1.6000158422737998,1.19528483120337
NFATC3,-0.014111613070690168,1.1764668792730968,1.3840743180265795,1.6262047698767077,1.41061046600003
GATA4,-0.019801944042015567,1.1736181250997852,1.3773795035627352,1.570107576258897,1.04633464070667
GATA1::TAL1,-0.029918005215418424,1.1725641437122325,1.374906671119601,1.5442013247252306,1.10045668952615
HOXA10,-0.011562518931121734,1.1715806035037484,1.3726011105062075,1.5733395383306874,1.07538031977202
RFX5,-0.02310611459013964,1.1713944949742638,1.3721650628560105,1.5609955488070597,1.59831035762194
GATA1,-0.023088520976167256,1.1711309177133067,1.371547626424012,1.614556396973506,1.58504981019029
ZNF274,-0.011698219943225912,1.1708634465845615,1.3709212105478785,1.579404573110652,1.07781790266534
KLF6,-0.019645366269602515,1.1707664560871671,1.3706940946989046,1.6634069271572511,2.04078319693326
HSF1,-0.02802029326051871,1.1706135447451067,1.370336071140704,1.5741210782903992,1.3703093123704
HSF4,-0.02794116357450053,1.1693107432181975,1.3672876142054933,1.5492370390641605,1.30311222014279
MGA::EVX1,-0.0181609696075812,1.169203121085582,1.3670359383562662,1.572633588233531,1.06713933130707
NKX2-5,-0.008022030131095115,1.1672752994635403,1.3625316247376975,1.5686581764189516,0.670476313077573
ZNF418,-0.011611108836691603,1.1654283379436527,1.3582232108821046,1.6294893217288,1.02756372980278
TRPS1,-0.01855719578164798,1.1652767355594105,1.3578698704359964,1.5506728571761226,1.06097363739285
ERF::FIGLA,-0.003218827841230507,1.1650390804096769,1.3573160588818256,1.5726057752647051,1.5160862395013
ZNF257,-0.02779215939253015,1.1649270477961433,1.357055026687038,1.6594063361472389,1.60355071945021
MAFF,-0.010431399669569656,1.1641401095335542,1.3552221946247953,1.5837902304401847,1.13038026279425
HOXB5,-0.011058046073842566,1.163397339875612,1.35349337042965,1.5284310911079766,0.373231814279849
TFAP4::ETV1,-0.01612267582032161,1.1621579468747505,1.3506110934841355,1.6092577217831536,1.70755164715956
SNAI1,-0.008653231652245862,1.1614094608494903,1.3488719357507035,1.5668356824921392,1.54936526747301
ARNT2,-0.012479562863052645,1.1596258722210702,1.3447321635244776,1.5522390115660285,1.04840936641439
VEZF1,-0.03460404349668596,1.1589988609235702,1.3432783596221334,1.547521617172335,1.55773883920535
SNAI2,-0.018872465268234762,1.1583887832006514,1.3418645730450856,1.5656654813812572,1.58385421813317
CDX4,-0.016191679263062066,1.1578071897332771,1.3405174885980686,1.5321341849641867,1.00933417829023
BHLHE40,-0.010509573798187342,1.1573342194372083,1.339422495480332,1.5765837120143962,0.925008768312283
ETV2::FIGLA,-0.014734795897906341,1.1554437511711497,1.3350502621204576,1.5894188271128868,1.48202274196115
HOXD8,-0.015588318713952703,1.1554149761221513,1.3349837670473512,1.55994318892572,0.779155466306839
HOXB8,-0.015588318713952703,1.1554149761221513,1.3349837670473512,1.55994318892572,0.779155466306839
SREBF1.1,-0.012552957693049639,1.1548845138643682,1.3337582403637382,1.588164473230806,1.16559334945737
ZNF382,-0.006121590638689486,1.1542308865803788,1.3322489395361272,1.5408807989305386,1.28891293207243
MEIS3,-0.0009992420528681118,1.1534307928273335,1.3304025938422914,1.5615478976152444,1.21300339640951
RFX3,-0.024391368398853124,1.1526679831127498,1.3286434792932142,1.5560972902486738,1.57453145126574
ZBTB18,0.00540785859519982,1.1522088262434824,1.3275851792733833,1.528611063535787,0.979417254042928
NOTO,-0.004227727478672913,1.1510886102555271,1.3250049886600006,1.5485945745763925,1.18221650817577
HES2,-0.004300181689095275,1.1509462282090561,1.3246772202286525,1.5944671302761817,1.74120400009768
SOX15,-0.009732487200396477,1.149398826230028,1.3211176617389664,1.5358282432509829,1.30589279459659
ZNF680,-0.018900011404664893,1.1491669336203179,1.3205846413263238,1.514798851848953,1.04824723773584
BHLHE41,-0.018309928190128014,1.149014208055385,1.320233650313143,1.5425489756032524,1.11743343184391
ZNF282,0.005357065975064357,1.1487814928779558,1.3196989183789047,1.5553237976956145,1.13382791326846
CREB3,-0.02347533474951369,1.1480914568329617,1.318113993252832,1.5623586055168932,1.35608493903633
ETV2::HOXB13,-0.004056152025251087,1.1475731711586634,1.3169241831631509,1.6040864315197882,1.59442939358077
PHOX2A,-0.01962956556902142,1.1467998737358982,1.3151499504006718,1.5315657973386645,1.01174274319358
HSF2,-0.028753417623640056,1.1457356006908952,1.3127100666905263,1.589524938926389,1.46025032673101
TFAP4::FLI1,-0.003646660749181166,1.1454516461770163,1.3120594737296365,1.5501866490426042,1.34291858090735
GSX2,-0.00397492923328659,1.1451478721652173,1.3113636491245249,1.4961713115055835,0.722873355873839
HOXA1,-0.015307419876184001,1.1444249561750532,1.3097084803162724,1.4959703328178204,0.743862709993288
HOXA5,-0.01164782932251555,1.1440738617097312,1.3089050010474175,1.553741667701378,0.718816827501932
ZNF410,-0.013636037523024851,1.142573374734392,1.3054739166519376,1.5387879652815646,1.09429729604798
SATB1,-0.004814235574530542,1.1404198125257168,1.300557348801191,1.5450623354537547,0.910806721753607
SOX10,-0.021466339029514635,1.1378306663794049,1.2946586253534007,1.5034145185397376,1.64069983431
SOX18,-0.0031057025904126312,1.1376968214996088,1.294354057650313,1.555804905341505,0.941268224465578
SOX2,-0.005272496423516082,1.1376027288963952,1.2941399687925252,1.5176231152416522,1.20770643834659
SREBF2.1,-0.015225875976095446,1.1371607545138223,1.2931345816064457,1.5523938099591765,1.20297857495158
ISL2,-0.01840942699738563,1.1367462745000132,1.2921920925896595,1.5413696392522152,1.27851277864884
STAT1,-0.00142597246232988,1.1357607186784842,1.289952410093067,1.5422895011271316,1.27241953866016
ATF6,-0.0019372094939141523,1.135469864066942,1.2892918122041996,1.5663848912501606,1.17055279355676
POU6F2,-0.010214133790174875,1.1349199607050178,1.2880433172066792,1.531188924048484,1.0161941834174
HOXD9,-0.017445579149683674,1.1347952304100757,1.2877602149614569,1.5471531216060717,1.01415038060467
TFE3,-0.016834000163995434,1.1347924555975604,1.287753917281141,1.520322277644064,1.05939161258472
ERF::SREBF2,-0.0110328808331013,1.1337562823030658,1.2854033076616689,1.5109959629826193,1.3281449991592
TBX19,-0.018040332590712988,1.1325508779078153,1.282671491049763,1.4970170188873135,0.81828553444274
MYOG,0.0005564377883621506,1.128668072831574,1.2738916186293394,1.5170845165961064,1.19289836773974
POU4F2,-0.005941658881717239,1.1284351027327804,1.2733657810795407,1.5210492702103473,1.4100214845946
PDX1,-0.0011412404343491005,1.1283496829823882,1.273173007086456,1.5040641921575864,0.851764140425487
ZNF354C,-0.01489177524156264,1.126510941411576,1.269026901119995,1.612182460753087,1.18730329604821
PBX2,-0.0076934930701883855,1.1263753726059194,1.268721480013124,1.5105136565436934,1.10850381775643
TBXT,-0.011302408035359578,1.1261594615031034,1.26823513273296,1.486913393843167,0.878381769813783
KLF2,-0.022325077764712677,1.1256725217805916,1.2671386262918767,1.662157140811643,2.12528330072467
REL,-0.02679187728569986,1.1252946105007153,1.2662879604219568,1.5148854948319737,1.38897100710721
SOX13,0.0015515146652349714,1.1250254707879825,1.2656823099217216,1.5152434441267744,1.30163068927694
TGIF2LX,-0.005826437709942454,1.1246331596701964,1.2647997438297693,1.4399138980894042,1.05224391013837
MLX,-0.016729550689520888,1.1240955931040586,1.263590902435965,1.4512682749403338,1.12052423295268
TLX2,0.0012533126711585989,1.1240904294264118,1.2635792935280548,1.4796699925607304,0.793064649638908
RFX7,-0.02053745073967751,1.123881588535818,1.2631098250497939,1.5345952976768482,1.6915276720573
HOXD4,0.0015367152958816832,1.1232960751013152,1.2617940723380199,1.5117264186033408,0.86494065482836
EMX1,-0.0033347513411832535,1.123047496090489,1.261235678475117,1.5085512475302763,0.769790616952189
DMRT3,-0.020737932904322548,1.1229166173349734,1.260941729487019,1.5450229463513818,1.06478103624974
POU6F1.1,-0.00418043945998186,1.1223009348499913,1.2595593883651641,1.540493039159013,0.988783957360593
ZNF140,0.0038278101614361883,1.1208900058984492,1.2563944053230256,1.5315302174836944,1.23034278616552
DUX4,0.0014283545505376321,1.1196136925665812,1.2535348205825751,1.5376525105788086,1.13853524792598
HOXB2,-0.0007610209499658123,1.1193991344171756,1.2530544221339222,1.522826189033134,0.807067606323951
HEY1,-0.0031348293930038764,1.119167957383333,1.2525369168335823,1.5086225351337759,1.17442066619012
MEIS2,-0.008100497108688078,1.1191170038993437,1.2524228684166434,1.4695212671800095,1.254262015335
IRF5,-0.020008314992990717,1.1190286363409934,1.252225088951183,1.5144854203852223,1.37890261758808
HOXD3,-0.00971928851633598,1.1187032594227801,1.2514969826431521,1.464758529843132,0.904101910367336
HOXC13,0.0008753073774911078,1.1185822643733878,1.2512262821706959,1.5187334622203443,0.993263544744749
ZBTB26,-0.012045592918140212,1.1183985532796847,1.2508153239780917,1.5391470089133776,1.36288835356207
VAX2,-0.0016487550112530408,1.117746625573681,1.2493575189813504,1.509645414669566,0.725082976683144
HOXA2,-0.014482218274745006,1.117665248590972,1.2491756079079193,1.4478826434321546,0.474911607077133
ZNF692,0.001289765957365969,1.1163412171561504,1.2462177131216754,1.5124665962699981,1.494593470576
OSR2,-0.0011509828084781905,1.1153613160875306,1.2440308654245085,1.5095306114813152,1.25663661210769
PLAG1,-0.005561584453290854,1.115240229227846,1.2437607688881784,1.4922168694156874,1.63665953696856
GATA2,-0.01389543303182381,1.1151885053334798,1.2436454024279209,1.5184231458044035,0.996575404519016
SRY,-0.006033748965098162,1.115066022689051,1.243372234955579,1.5091875247727353,1.43342019177114
HOXC4,-0.002008600486318484,1.1150042890260803,1.2432345645465546,1.517813572853165,0.921407252133222
NHLH1,-0.006124347404798174,1.114035414753515,1.241074905325036,1.5417723488030242,1.32789210017462
ZNF768,-0.007960303456820254,1.113707211158774,1.240343752187054,1.4553546807913211,1.45538878149297
GLIS3,-0.00636881176626417,1.113107755345433,1.2390088750101482,1.4637040659238263,1.16325877762931
TFAP4.1,-0.01152246283114083,1.1129645592976865,1.2386901102526935,1.5490963917745835,1.14378617734405
HOXA7,-0.005763190991044567,1.1126103799028695,1.2379018574676075,1.499249553611302,0.820058634192345
ZNF708,-0.010379802569341037,1.1125827228707172,1.2378403152304192,1.4794466069072068,1.45758141482004
LMX1B,-0.026812339643439768,1.1120263697111719,1.2366026469330078,1.4891329356811864,1.19456869433642
ZNF136,-0.01437797957655672,1.111336999241671,1.2350699258834819,1.4867353191340267,1.0383927164168
RXRG.1,-0.007273039322707775,1.1109160231307362,1.2341344104486105,1.5202714909880135,1.30447578367974
MEIS1,-0.010181993287098273,1.1106092810832802,1.2334529752283205,1.4873749771126432,1.25341611848364
DMRTC2,-0.014291273060991053,1.1103962170745731,1.2329797588935227,1.5097403009148929,1.07697873808382
LHX5,-0.01598172841063522,1.1099459269012375,1.2319799606446473,1.4737980012295604,0.907570886522223
STAT3,-0.006062623590984225,1.1098019986285994,1.2316604761600338,1.4538407156950024,1.26444607271698
BARX1,0.004835109214008819,1.1096615603423787,1.2313487785014825,1.43417829771159,0.889991228902231
CDX2,-0.016593401472978664,1.1090074306029145,1.2298974811324783,1.4884159274827653,1.00992137981606
NR1H2::RXRA,0.02256341736482265,1.1086700116443262,1.2291491947194302,1.5137736606958514,1.37588982398438
PAX4,-0.007058070397054711,1.10859686654194,1.2289870125066076,1.4510444186603069,0.693144797948291
NKX2-2,0.0013790277461953866,1.1085932432130512,1.2289789788976313,1.4470082063077312,1.23200344960966
GSX1,-0.0071408282322396955,1.1084341087165053,1.2286261733661537,1.5232726921906838,0.754428941669329
NKX2-8,-0.006074937413106838,1.1083109219234777,1.228353099654869,1.4883312826967843,1.32712689733262
MLXIPL,-0.00901159305451376,1.1082843894747023,1.2282942879533134,1.5000378972439472,1.11030059167919
PROX1,-0.004944252887612566,1.1082716498960186,1.2282660499632432,1.5040132605412766,1.2873684287522
ATF4,0.021265984837373294,1.1080869330085084,1.2278566511042026,1.401691614042647,1.08553524288851
PKNOX2,-0.009056561713844167,1.1078928808816282,1.2274266355081938,1.478894056135196,1.05781976734576
EMX2,-0.004942530284949173,1.1061771406857892,1.2236278665757885,1.4605288720705205,1.22416111490474
ZNF740,-0.021782257705990942,1.1061111000430661,1.2234817656384818,1.5220056915130087,1.74036356194809
TGIF2,-0.007365290478275107,1.1060593628995687,1.2233673142577999,1.4173044041424407,0.999080013820607
PKNOX1,0.0032922319739035273,1.105907210904359,1.2230307591302587,1.485657772712456,1.08940279748333
USF2,-0.017457049486381788,1.105505403582414,1.222142197349916,1.4625152257121328,1.03356502415958
VAX1,-0.018303687833292736,1.105293752111002,1.221674278455617,1.437433134626513,1.00966756695358
SOX21,-0.010278174942021032,1.1052074669881995,1.221483545086472,1.4637100652474415,1.14221016238659
ATOH7,-0.017296662856160317,1.104288759672422,1.219453664738856,1.4403710928468287,0.920209473138249
MEIS1.1,-0.006392327178993179,1.1038541616645967,1.2184940102242496,1.4328631450575955,1.01393001578505
HOXD10,-0.007747822121675011,1.1036527895852348,1.2180494799592707,1.466429467367768,1.14428990921406
HOXB6,-0.006131211498813898,1.1017948878802584,1.2139519749590713,1.431909872502714,0.973105788763061
KLF13,-0.00795531150120931,1.1014441388754608,1.2131791910631056,1.4654824709194108,1.86764015002734
TGIF1,-0.014778999273225407,1.10141848017601,1.213122668473232,1.4775699772171718,1.08627169827717
HNF1B,0.017102624552029756,1.1013865594203849,1.213052353271873,1.515733286695165,1.85672722049687
ZNF816,0.0009465813492953014,1.1011904295906327,1.2126203622220022,1.4988044938407623,1.58951529581859
CDX1,-0.009920476619177837,1.100916846666811,1.212017903274795,1.467126319825082,0.951375212870204
KLF4,-0.016135121124116743,1.0996117236560339,1.2091459428017937,1.6485422293929108,1.88945112171626
SOX4,-0.016586623484437867,1.098249915872484,1.2061528777139183,1.4381038128675525,1.66675280893924
DMRTA1,-0.008963063151034397,1.0980603808337084,1.2057365999566687,1.4373118179157163,1.0992172371003
HOXA4,-0.003370330953885066,1.0976692438462101,1.2048777688859107,1.497690938455292,0.88307628454484
MZF1,-0.015217888913367974,1.0973534008714516,1.2041844864041409,1.4346489577111499,1.14475819624854
HOXC10,-0.010852869366495672,1.0969769381512053,1.2033584028355935,1.4327333253198347,0.800725228278183
TFAP4,0.005085420954420296,1.0968917734526906,1.2031715626681887,1.4491119197465565,1.23443455182311
HMBOX1,0.0024720385028279444,1.0960480686710317,1.2013213688374984,1.488176637098535,1.55187798790397
ESX1,-0.005518216043708873,1.095482559861335,1.2000820389603433,1.480761678791802,0.925172082007253
MEOX2,-0.015080320065354393,1.0945262357616323,1.1979876807705285,1.4715137892365555,1.13650768672603
ZNF189,-0.010450625356961151,1.0944717007299656,1.1978683036987434,1.4569068883604392,1.61625167124007
ZNF460,-0.01743321878410781,1.0943971733098268,1.1977051729485388,1.61537841156647,1.67472598727423
POU4F3,-0.001156795719292116,1.0943393289279602,1.1975785668384982,1.3998148683966796,1.4910772853014
SRF,-0.020970781614409954,1.094005612077445,1.1968482792569453,1.4567598850099182,1.27498167213846
MNX1,-0.010203265799766005,1.0930485997606059,1.1947552414386213,1.4883304911822455,1.28706044587451
MAF,-0.0072897927866634295,1.0928922138661785,1.194413391129317,1.454412756247454,1.19434180569552
PAX9,-0.012149745973218405,1.0906334244619083,1.189481266553509,1.4425103430669504,1.42913854704248
GMEB2,-0.005748702438112929,1.0904540623155918,1.1890900620205764,1.4441896898789714,2.39746553643291
MXI1,-0.0015940869321261326,1.0904187844813507,1.1890131255497864,1.4791499865156708,0.865873807083316
FOXH1,0.00021193490668851926,1.090380763558644,1.1889302095387317,1.434838070210715,0.82961890324381
NHLH2,-0.005741328922453,1.0901243974097448,1.1883712018279593,1.5029221371429173,1.55034753623937
ZNF675,-0.012902099153408963,1.0898533998741304,1.1877804332172013,1.4382027113048605,1.52924951275293
HES7,-0.0007494766552315752,1.0897779913596668,1.1876160704519099,1.4972315026714118,1.11969544283955
HES1,-0.00644634805920986,1.0889335870162429,1.1857763569320612,1.502257836214661,2.36043904166175
VSX2,-0.0041233897646219,1.0889170473804661,1.185740336075792,1.4830542439786978,0.892096471312408
BCL6,-0.004051213192130973,1.0886709997677755,1.1852045457353677,1.4726739158645719,1.26324614063949
KLF11,-0.018211874510349575,1.0883318145742376,1.1844661386144524,1.5195024219900248,2.11271550631814
NR2C2.1,-0.0002835675648243657,1.0882437568476722,1.1842744743179354,1.518169257585648,1.17082523055195
ASCL1,0.010996142643077345,1.0882377884967056,1.1842614843122008,1.4100286988522344,1.35163235599917
LMX1A,-0.019341593406350475,1.088141095751367,1.184051044262986,1.4795381731646802,1.22209637539309
ARGFX,-0.004451407042448107,1.086399572175032,1.1802640304220922,1.473140818888488,1.18245660088661
SIX2,0.004937384598010624,1.0854967984793085,1.1783032995088285,1.4588262249242543,1.29022943044051
HOXC11,-0.014708683159624442,1.0854893297637747,1.1782870850310088,1.4596206230619209,0.843828449676181
THRB.2,-0.0010608931849400583,1.0847652621567092,1.1767156739819142,1.4203959477476906,1.45021476406819
HOXB9,-0.012933336678574001,1.0846393256208806,1.1764424666833186,1.4467817789121096,0.806631981491463
E2F7,-0.01179134465489798,1.0844108063383135,1.1759467969033115,1.431015607042494,1.79271184690241
PAX5,-0.019984076088398847,1.084098715913565,1.175270025845441,1.4231050826586844,2.32896652110626
NKX2-4,-0.010173345992240547,1.0832400812090286,1.173409073537743,1.4207629575772027,1.08521535626912
FOXD3,-0.012716480202371946,1.0831154169151438,1.173139006359266,1.4291491155666822,1.25449662676203
BARX2,-0.014965095016297017,1.0822367595614588,1.1712364037460867,1.4637323404227462,1.22706349900224
OLIG3,-0.010481235398812896,1.081976470046974,1.1706730817353104,1.44514552398674,1.121235601633
DRGX,-0.002857873583295229,1.0818397606936792,1.170377267817757,1.4729606496462986,0.972428610065244
ZNF701,-0.016163259131050774,1.0816753923817495,1.1700216544842117,1.5085205955940693,1.69732073375782
ZNF75D,-0.00424274254477123,1.0803550014163734,1.1671669290853723,1.4762760928588896,1.11266486812338
HES6,0.012112040435652638,1.0799441413713782,1.1662793484823635,1.4559141478559918,1.07490762512597
LHX9,-0.0069458520669915935,1.0796469258270767,1.165637484447857,1.4660805051213965,1.00473102722444
PBX3,0.006398480941098475,1.0792801093891147,1.1648455545229792,1.4165928680552198,1.31696073252014
MYC,-0.0148688329183171,1.078487602236163,1.1631355081771078,1.4386951600945428,1.19211874044527
PRDM9,-0.01382050618291565,1.0780781193552347,1.1622524314325198,1.6160827160064009,1.51011458957532
DUXA,-0.019192375291818917,1.0780712297183146,1.1622375763463588,1.3920928323751753,1.0356076427844
MYOD1,-0.007613438357193107,1.0777116928261474,1.1614624928542006,1.4251964395998358,1.37028447622815
EN1,-0.0009489643594283085,1.0775101541179106,1.1610281322272034,1.4555228300745457,0.886983985187368
NKX2-3,-0.008931991686155393,1.0774430192997728,1.1608834598378108,1.4131216714309356,0.98453258290072
ZNF528,-0.010058788638747084,1.0774356814109174,1.160867647577408,1.4455101951665554,1.24148311199363
HOXC9,-0.013320553679603222,1.0773099833834063,1.160596800297555,1.4603302778098781,0.855189665032898
EN2,-0.00010024215077096553,1.0769281821952548,1.1597743096063757,1.4117341535809549,1.11843025024877
MYCN,-0.020666127594255092,1.0768594184104234,1.1596262070192356,1.421739415421733,0.986850220807737
SOX14,-0.005226346280708457,1.0766264798391583,1.1591245770908576,1.392025006657018,1.39138624882267
VSX1,-0.016989968437387582,1.0766154411929445,1.1591008082150787,1.4288414934553098,1.33111973052221
MAX,-0.015004826128212257,1.0765860020618825,1.1590374198355877,1.4416003336510497,1.00850166907026
OLIG1,-0.006118749072986633,1.0765581603840362,1.1589774726894604,1.4315036097001244,1.2584473276871
BARHL2,-0.009437851818786648,1.0762785858541244,1.158375594368154,1.4183758055824998,0.984995239189677
MEOX1,-0.020631707183550688,1.0759527700617837,1.1576743634036257,1.4327890664085121,1.0678667454854
CREB3L1,-0.004805568032800965,1.0757658605870335,1.1572721868045608,1.4334248759332355,1.39366347672582
HOXC8,-0.012657881962759908,1.0754270720532528,1.1565433873050321,1.439636073160592,1.16873319946026
HOXB3,-0.0010904496270945328,1.0746317767877467,1.1548334556819893,1.3907618353619173,1.14948991385073
PRRX2,-0.0063210492695062025,1.0740987991787379,1.1536882303972065,1.4328900097715456,0.928848948384108
THRA,-0.014977970781633225,1.0740900240058833,1.153669379668959,1.4542725943365835,1.3281449991592
EVX2,-0.009284307394060293,1.0737245943537228,1.1528845045200664,1.4157100938787437,1.16174973177249
SOHLH2,-0.006110271447809252,1.073044532778976,1.1514245693268506,1.446784906404495,1.07996431422266
LBX2,-0.005382722405527983,1.0727839979561777,1.1508655062708402,1.4372784345187228,1.13178718628274
ZNF707,-0.01515365289816211,1.072569287498411,1.1504048764848491,1.442507058119187,1.49837689120269
GATA5,-0.005313753841617801,1.0719830056327577,1.1491475643654412,1.3863196705721381,1.13627236056665
LHX6,0.004622227076132893,1.0718307205984845,1.1488210936186667,1.449564322199806,0.809691268399774
DLX6,-0.004699147610854043,1.0718136835091459,1.1487845721574437,1.4271027714233389,1.04561351372918
DMRTA2,-0.0037235395902974404,1.0718119335853784,1.1487808209760277,1.4199041317039822,1.12978278917144
MYBL2,-0.002843816495003484,1.0717101433393241,1.1485626313363948,1.3987641792466654,1.10452341786882
NKX6-2,-0.018515784606025376,1.0714900262924356,1.1480908764441642,1.4609867102980563,1.25045182341276
BSX,-0.009973758741546821,1.0712581379882975,1.147593998206154,1.4587754370822394,1.01519053484119
BCL6B,-0.005396297819165632,1.0709771815622096,1.146992123426934,1.4488501468657629,1.20234431559748
CUX1,0.0035049445021058186,1.0706953857985162,1.1463886091702336,1.4191094428687316,2.80745440175283
RXRB.1,-0.002051052088438541,1.069832825416723,1.144542274339129,1.4497691155905763,1.5433840431453
MSANTD3,-0.005793172756562723,1.069702494843048,1.1442634274734411,1.4275942254122063,1.31697511610175
MEIS2.1,0.00039641563462776777,1.0694723736375331,1.1437711579738994,1.452233764124813,1.18700593731239
KLF3,-0.014737546297407506,1.0687400211407374,1.1422052327879038,1.492902433411842,2.2290367573007
ISX,-0.0036708841762277426,1.0686170198334999,1.1419423350778308,1.4488376322042154,1.04964026667037
MAFA,-0.0034671961520932703,1.0678468799021232,1.1402969589166998,1.4397145166837788,1.27044366866289
ZSCAN29,-0.0006283055539847826,1.067182221226474,1.138877893301871,1.4192582731172965,1.27582827351438
CTCF,0.0015848225058475536,1.066970748331981,1.1384265777961078,1.4204789063935985,1.25220377927026
SOX9,-0.006012799332289389,1.066824147755396,1.138113762234027,1.398511623990585,1.34980829074141
SHOX,-0.008133587943899923,1.0663416745955854,1.1370845669793175,1.4144268425577504,1.10711459516719
HOXC12,-0.016219050396681232,1.06624539644802,1.1368792454465957,1.4262382869201131,1.14586298701415
PAX2,-0.006356630162710994,1.0661468299391275,1.1366690629892509,1.3855415966695919,1.95844912002117
NKX6-3,-0.0014344254505204589,1.0654825639088692,1.1352530939938177,1.4293238984261045,1.17829778632382
EGR4,-0.02886076980305419,1.0644998650781745,1.1331599627514517,1.4538515586040277,2.12078348883491
SP8,-0.021249457036936915,1.0641742097597477,1.1324667487177837,1.4923553510422236,2.12794374984437
ZNF684,-0.00214856848697542,1.0633668827363003,1.1307491273003165,1.4018602002611074,1.31434929512354
RAX,-0.005896421728814252,1.0633590836522742,1.1307325407858044,1.4320475643194377,1.00482735809954
ONECUT2,0.011783350878719163,1.0632151322686179,1.1304264174849745,1.396530204490182,3.25476687732241
MNT,-0.015238609202034233,1.0631084713473558,1.1301996218505115,1.3831420863302233,1.14505207384545
NEUROG1,-0.016545570591244053,1.063077086519807,1.130132891883441,1.3920237815348218,0.777618204042157
BHLHE23,-0.009059422704320225,1.062970658660151,1.1299066211723956,1.436033128463519,1.01984998933793
TGIF2LY,-0.001754171058835509,1.0629013446703748,1.1297592685020907,1.4801491925695158,1.22939533419883
GBX1,-0.0015949426175470608,1.0623681444947686,1.1286260744372576,1.3899456844783247,0.883299565527026
NEUROD1,-0.010471960732494094,1.0615721772595281,1.1269354875315352,1.4344676634640865,1.25614812362874
GBX2,-0.0033067040068801325,1.061564309401258,1.1269187829945695,1.4071198170131982,1.01149468886265
GLIS1,-0.005814496984189393,1.0614385131894783,1.1266517172818902,1.4174151575895977,1.71912835668294
DBP,0.010233183665101305,1.0614191465640281,1.12661060469271,1.4011580679524305,1.83436686318171
MYF6,0.002261302466874165,1.061239554290505,1.12622939159071,1.3720291385966417,1.18885478361728
PPARG,-0.005489490061659183,1.0605280309758334,1.1247197044854782,1.393744285376819,1.31749793274173
HOXD11,-0.018054780787247537,1.0600749815902728,1.1237589665936172,1.3991331973756915,0.814323958428762
TWIST1,-0.009740930978964269,1.0597513979122426,1.1230730253769525,1.4181336348639495,1.08700915360526
PBX1,-0.0005714614943531066,1.0595233616092232,1.122589753795709,1.395375366911856,1.26269269216604
ZBED2,-0.01002071227074857,1.0594012242310407,1.1223309539022277,1.3954808563907477,1.64785367059405
EGR2,-0.018130400495330448,1.0589075859884136,1.1212852756638094,1.4360612464948603,1.89817964571975
HOXD12,-0.0097079223742565,1.0588573286689897,1.1211788424760292,1.3844833841354953,0.829141562102703
ZNF263,-0.018881046481784333,1.058249576130767,1.1198921653809482,1.4457826046326572,1.65702314328507
RORC,-0.010358681636587659,1.058147405814928,1.119675932432862,1.415302878853005,1.1393589353129
RORA.1,-0.010771978680838627,1.0579589517092007,1.1192771435016309,1.3939583268482254,1.15567809412173
LHX2,-0.002531623620913201,1.0578981977653026,1.1191485968350754,1.4693260751826251,0.999166604218754
ZNF582,0.0024426297013304377,1.0578881290983262,1.119127293687157,1.4315332294829792,0.986219444060656
TFCP2,-0.020175345101013927,1.057324229359165,1.1179345259899518,1.3985367171199519,1.36998030653309
MIXL1,-0.01467591383086501,1.0572281273565813,1.1177313132739037,1.453338880201665,1.21761557662399
ZKSCAN1,-0.006976739850116714,1.0571626841173627,1.117592940690227,1.451033344471064,1.08465281348093
ZNF331,-0.017479928865885792,1.0566425982796608,1.1164935804991925,1.399866329676248,1.4629697218605
OVOL1,0.005977124816103723,1.056575506191485,1.1163518002837927,1.404280377604114,1.14165025544424
PAX3.1,-0.012538608643537234,1.0563044602930287,1.1157791128349466,1.4216922411192217,1.3270464507728
CUX2,0.008307042767552187,1.0560546852848038,1.1152514983119861,1.4198832950629185,2.827663546597
DLX1,-0.00417376194391727,1.0559116578118795,1.1149494291030315,1.4044382474946886,1.1658548544996
LBX1,-0.024637774388323562,1.055607847663784,1.1143079280493666,1.3441956215607875,1.10776565882147
TEF,0.0069269291576210005,1.0550118705637976,1.1130500470305231,1.448514160307931,1.70445442118432
ESR1,0.001206196774697064,1.0549509774528933,1.1129215648288149,1.4153302132393177,1.25524729578696
ALX3,-0.003670000789362174,1.0542773034584547,1.1115006325876304,1.4036704247432894,1.03730112287847
RORB,-0.005394629770915297,1.053916384373691,1.1107397452513135,1.4321754614460467,1.10956003864043
OSR1,-0.005270132441361915,1.0534158264063225,1.1096849033233152,1.3936943613498225,1.41371618862116
E2F2,-0.015267090777622158,1.0531709810214336,1.1091691152656489,1.432209270480512,2.05195288203195
GFI1,0.002658303935295945,1.0530101783686414,1.108830435747958,1.3844785799906603,1.13632223134162
SP3,-0.018226555290787864,1.0526508985309457,1.1080739141780076,1.5248605094041376,2.19228548210991
SIX1,-0.004259123406023926,1.0526254216041546,1.1080202782073243,1.379220720268509,1.26634113440766
GCM1,-0.000991525779370813,1.0525827791151434,1.107930506889759,1.3790622518577913,1.79151270854328
MSX2,-0.006195451800271492,1.0518318889396834,1.1063503225904223,1.4047851613291238,1.11754631531011
MSX1,-0.006195451800271492,1.0518318889396834,1.1063503225904223,1.4047851613291238,1.11754631531011
OVOL2,-0.002092241781344737,1.051566029453909,1.1057911143014596,1.3774842875385893,1.55957579538366
YY2,-0.020959246279285165,1.0510847094620421,1.1047790664649055,1.3943821788228823,1.75987766071504
NR3C2,0.013167120479460559,1.0507276719956804,1.1040286406974622,1.418086310346406,1.49176815210611
ZNF76,-0.009359336770331716,1.0502440186988198,1.103012498812647,1.472196821917621,1.77972393886277
MYB,0.003272282728331646,1.0500394627877818,1.1025828734116536,1.400091872396599,1.24497215822438
ONECUT3,0.002175159741941139,1.0493178041774749,1.1010678541638375,1.3904169863193847,1.4929272571194
HEY2,0.0010909175297186555,1.0491577087097046,1.1007318977449974,1.3772788925984223,1.23505800361696
HESX1,-0.0030251152619088736,1.04866529546453,1.0996989019117098,1.4098377691115818,1.01924136591084
TCFL5,-0.011944766192989509,1.047998015394775,1.098299840271387,1.385638575950809,2.30996257369149
HIC2,-0.004370230738304415,1.0479214532294574,1.0981393721385377,1.3425153465540474,1.38321578304537
TAL1::TCF3,-0.0001262998217683067,1.0477895345938462,1.0978629088043885,1.4446238770795976,1.27549890608254
FIGLA,0.0009768185498426783,1.0477884967301079,1.0978607338799393,1.3875337670277466,1.37076697337578
MTF1,-0.0021650437228354783,1.0476682601303724,1.0976087832846015,1.4111404681238908,1.71057685169944
E2F1,-0.006490356943586628,1.0474637413798353,1.0971802895054428,1.3854969226168907,2.029023863085
CREB3L4,-0.004447193315637116,1.0469289721819626,1.0960602727939806,1.4044309233232966,1.16134449165676
MYF5,0.0024941564547512076,1.0466958152165082,1.0955721295917509,1.366687118982306,1.02824128967164
ZNF324,-0.0033407828980790166,1.0466156511879774,1.095404321311634,1.3780849413453122,1.08025102846051
OLIG2,-0.008315485857336092,1.046259891269421,1.0946597600791008,1.385250969737693,1.06389666661831
TCF12,-0.010665979285030245,1.0460028423653818,1.0941219462364578,1.381577123822552,1.32486119464128
NR3C1,0.009047768758111554,1.0459298871364098,1.0939693288051828,1.3888024063818212,1.46559678101652
MYBL1,0.005766075683473477,1.0449912754559116,1.092006765778973,1.3939345584057197,1.54032177321843
HOXA9,-0.0046045398516877745,1.0443097168240243,1.090582784653074,1.403479255629493,2.78277249764535
GLI3,-0.011362300264087645,1.044168498938434,1.0902878541753427,1.4114804857364196,1.32279153818787
TP53,-0.009910442863793592,1.0441038268119935,1.0901528011634494,1.3707053478554212,0.967855728368743
ZNF667,-0.006831505653991622,1.0439338367087456,1.0897978554254422,1.398082800816505,1.3808101903792
ZNF784,0.0023340484072958737,1.043770443848847,1.0894567394524193,1.3699499928940209,1.57951424490368
PAX1,-0.009046763031967163,1.0432417111878225,1.088353267962096,1.3414113810833448,1.57789059695546
PITX2,-0.006980573572866183,1.0430014292402392,1.0878519813971816,1.3766446658674028,1.21474872503744
NR2C1,0.0032954010891992833,1.0424318066396907,1.0866640714940896,1.4104688399521756,1.85667485489288
POU6F1,-0.010757028433080825,1.0423491075736147,1.0864916620595109,1.3778674495765573,0.92910898448388
HES5,0.0019731179310848138,1.0422347892886412,1.0862533560035386,1.3886390862006226,1.18673453304778
KLF1,-0.012201592091774818,1.0421945654174731,1.0861695121857156,1.5520560531419352,1.99026973669534
NKX6-1,-0.008267806699951984,1.0414039749728072,1.0845222390891633,1.4099027006072977,1.20732378184438
E2F4,-0.01781547283634651,1.041379821209946,1.0844719320232592,1.3783576442193908,2.49277762197918
TEAD3,0.011108955430882732,1.041359624666256,1.0844298678850457,1.3703671316211972,1.39444424057833
RAX2,-0.008327540224317975,1.0410960261391582,1.0838809356427466,1.3851970466580799,1.13230204455013
UNCX,-0.008327540224317975,1.0410960261391582,1.0838809356427466,1.3851970466580799,1.13230204455013
PRRX1,-0.008327540224317975,1.0410960261391582,1.0838809356427466,1.3851970466580799,1.13230204455013
ZNF669,0.006207088775009218,1.0408863951765615,1.0834444876636566,1.4155828442219445,1.62982695733787
PAX3,-0.004067921741421665,1.0408456275393374,1.083359620367757,1.3559585242883312,1.3646288209607
GCM2,-0.005572499609842522,1.0407105372085557,1.0830784222569205,1.3683401468612044,1.99471669631786
RXRG,0.011759867557417814,1.0398647185797625,1.0813186329469686,1.417347652970014,1.69926272506076
BHLHE22,0.002006886544395332,1.0397023437435808,1.0809809635858951,1.388173472392582,1.33239349448131
RORA,0.007097796758051637,1.039573700333224,1.0807134784245118,1.4177484722688276,1.15222554202099
EVX1,-0.0013498386952561414,1.03902153984622,1.0795657602644098,1.3901017694915883,1.38135618096457
HNF1A,0.010156402004574658,1.0386642275746525,1.0788233776432496,1.3890469427041219,1.59518254870292
ZFP57,-0.006162713126245804,1.0383578523901862,1.0781870296203595,1.381566580095124,2.02267563867789
BARHL1,0.0008732940144727636,1.0382037068448937,1.0778669369064782,1.3820236254977327,0.808668930939673
NFIC,0.008737666095473195,1.0380505115288714,1.0775488644853517,1.4562640784352436,1.20782278397823
MAZ,-0.016287752655168262,1.037618724328257,1.0766526170765998,1.4638307628194251,1.86317321688501
TCF3,-0.007704257389277144,1.0372115023479898,1.075807700602974,1.4210898821124935,1.37674922281736
NFYC,0.005033143486578486,1.0362670151407816,1.0738493266687847,1.385191778593221,1.67655784046931
TCF7L2,0.005926924834946609,1.0355661075059415,1.072397163015007,1.355264818811291,1.59795021558552
SMAD2,-0.0039061151911441556,1.035415290520061,1.0720848238427425,1.3685664082877698,1.57205240174672
HOXB4,-0.003139010133530143,1.0345334053028312,1.0702593666874722,1.3770502783202376,0.954494475863221
ARNT::HIF1A,0.0006958483654974535,1.0343898888577954,1.0699624421712424,1.359268507925956,1.41215320776032
CLOCK,0.0003417838303686551,1.034376490879373,1.0699347248839255,1.3726430760106232,1.03589001705646
GRHL1,-0.015466355864683685,1.034348774161774,1.069877386609965,1.3929683412434226,1.58139702050425
IRF6,0.0068431579395131295,1.0341338264647462,1.0694327710386178,1.3406722341220902,1.03509623160278
RFX4,0.008571764841713115,1.033993020239359,1.0691415659037113,1.4181721556316285,1.27837483693457
ZBED1,-0.006278738431589347,1.03357743506794,1.0682823142816218,1.3855837669759161,1.08627169827717
NR2F1.1,0.0072748278661694385,1.0335576043501877,1.068241321510099,1.3379773029536037,1.63755458515284
ZNF143,0.0023846048308055444,1.0332052616853826,1.0675131127743598,1.3637092621589895,1.42187999879687
TP63,-0.0028657689215073313,1.0331285783414972,1.067354659385923,1.3850144301754557,0.947835212078129
EGR3,-0.021267116465171827,1.0327901192851379,1.0666554304930091,1.3882804504881223,2.27838421134248
NFIC.1,0.00434700548632219,1.0324229469534134,1.0658971413959706,1.375123411825741,1.32988809199501
FOXE1,-0.01625764167374209,1.032266958838292,1.065575074309256,1.3779219324291745,1.11835127063926
ZBTB7B,-0.007369277784754919,1.0320691192646159,1.0651666669396398,1.3696414828827668,1.92425272266242
ZNF85,-0.0026095661243915077,1.0318622746925863,1.0647397539337582,1.3569601316596132,0.941993392589203
GLIS2,-0.013918815972988273,1.0316140654543353,1.0642275800432217,1.3591995070758816,1.74547812074345
NEUROG2.1,-0.004683286365108591,1.03153100881287,1.0640562221424974,1.3466806717095585,1.12317924944452
ZNF16,-0.00014683472472299736,1.0303263554095063,1.0615723986514363,1.3768421498026093,1.44815036060009
ZNF341,-0.0005326055645787752,1.0301490762668262,1.0612071193333954,1.3628117138178562,1.40299188018449
SCRT1,-0.011121755784892563,1.0298486675447553,1.0605882780437081,1.3389307268131823,1.36874162632827
ZBTB7C,-0.012439181120430524,1.0298208158104216,1.0605309126764424,1.3403581093895973,1.94882529142156
HIF1A,0.002379872607168653,1.0297484021908894,1.0603817718146897,1.3625343035373816,1.38409262347836
RARB,-0.007143584302526016,1.0295300673126286,1.0599321595007458,1.3529703130332331,1.84030643059842
TCF7,0.008678484702817775,1.0291154543110792,1.0590786183018988,1.3897609033886549,2.0131289560081
HOXB7,-0.012306481656174694,1.0289831091984631,1.0588062390157362,1.351405974359034,1.18155009526248
SOX12,-0.002612586409152582,1.0278536150005175,1.0564830538696321,1.3536858671540792,1.89346871634655
SCRT2,-0.008614849761840354,1.0277054865318018,1.0561785670475676,1.3657434014970393,1.58774900903861
VENTX,0.007679674851731044,1.0276106538891978,1.0559836559865845,1.3783925675247573,0.604926369118509
SMAD3,-0.0010586499948357418,1.0269058728395464,1.0545356716723504,1.3218969342800801,1.09668800223326
OTX1,0.0030730839025243538,1.0263659363516338,1.053427035302966,1.361699747975187,1.64011726838469
HOXA6,-0.014484237931672231,1.0258391194913226,1.052345899078732,1.3759581208622336,1.17137369404753
ASCL1.1,-0.005350275027504701,1.0245822084147551,1.0497687018000565,1.373329890535714,1.36693216867139
E2F3,-0.010405510563470628,1.023076123789746,1.0466847550686518,1.342637275750685,2.14202606456261
DPRX,-0.0014933912820956027,1.023018689414208,1.0465672388907636,1.332547109629998,1.43692406287405
NFYA,0.00866744605691198,1.0225371769163083,1.0455822781759734,1.365921159992873,1.78107417855905
SP9,-0.019527743612944324,1.0222550799726695,1.0450054485299287,1.503656357402095,2.24125471496389
SMAD5,0.0025739763651774525,1.0221674280740314,1.04482625101548,1.3218113422828566,1.13719068413392
FERD3L,0.00076960967158065,1.0217213164562067,1.0439144485010041,1.3522604001349894,1.60786391624491
TCF4,-0.00010036707036733881,1.0216906647112094,1.0438518143580329,1.3352908537374735,1.52284665527498
RARG,-0.003754620457971391,1.0214461112699413,1.0433521582284855,1.3217717941258638,1.43280938099378
EBF1,0.008595663242044879,1.0213847083538048,1.0432267224589868,1.372606826905535,1.46838690815076
ZNF652,-0.005912922570279763,1.021199907436245,1.0428492509477956,1.3683236636487517,1.29502141965428
KLF16,-0.009656224175298649,1.0202806911793518,1.040972688793416,1.4573665911144043,2.01701657176804
GSC2,-0.0024427088413763514,1.0198131468000151,1.0400188543861493,1.3614488149436799,1.76264556040757
BHLHA15,-0.0048977737963826215,1.0187733120783016,1.0378990614029924,1.3697983519646966,1.117903930131
NR1I2,0.00025734115845170875,1.018742231031278,1.0378357332865857,1.345853978492108,1.3551370207079
ERF::NHLH1,-0.000562658400582381,1.0183579630151636,1.0370529408363933,1.3582884407388347,1.7162995800917
NR2F2,0.021888089825633315,1.0174253457542217,1.0351543341830975,1.3400171450538507,1.68738816417731
BHLHE22.1,-0.014729185242851958,1.0163703764005156,1.033008742024526,1.32924298067248,0.929727154134235
E2F8,-0.0005389953867315577,1.0161448909117439,1.03255043932604,1.3345984384322447,2.06560223601442
OTX2,-0.000548502937418517,1.015923599549329,1.0321007601212655,1.3662102699962708,1.2589008222196
RXRB,0.008660848432070885,1.015317633069755,1.03086989602237,1.317961423073039,1.50268176386307
ZNF214,-0.0024408075688243653,1.0149923125790874,1.0302093945946438,1.3502758407353859,1.34120700741214
TEAD4,0.01939302006856829,1.014089839708851,1.028378203000723,1.3476514878148849,1.37177347447358
FOXA2,0.021819008090126265,1.013948654104455,1.0280918731602353,1.3330488885809906,1.64066745867935
TCF21,-0.013674410354670805,1.013228839444568,1.0266326810821864,1.3440561128075919,0.913832155142591
HAND2,-0.002323948576439928,1.0131241964075426,1.026420637346429,1.370386819394605,1.04287956757884
MAX::MYC,-0.018689776771082415,1.0129567270493902,1.0260813308746126,1.3147663305603436,1.29608582082112
KLF5,-0.01135148362893728,1.0128048410881945,1.0257736461316826,1.4849402285001367,2.00892412587988
ZBTB33,-0.010590445384185744,1.0127264812844163,1.0256149258947154,1.3367103022341897,1.930082752298
EBF3,-5.314154443643829e-06,1.0126796996456422,1.025520174074388,1.3398339675652873,1.55865569166956
FOXN3,0.010036204158659256,1.0125409099481877,1.0252390943187037,1.310218604605124,1.54701882440633
RXRA::VDR,0.0007560698046790014,1.0117712530260385,1.0236810684498803,1.361724378966669,1.29462738153947
NR1H4::RXRA,0.00501299118396817,1.0115832801332103,1.0233007326450652,1.3447858261070311,1.38628959589658
ZNF416,0.017564210054185545,1.0107906842876566,1.0216978074427092,1.3444657354220082,1.27287442273669
TEAD1,0.02143409060079335,1.0099742306799881,1.020047946637634,1.3518948229271968,1.43472560605112
TEAD2,0.0048980346441201,1.0092651164981485,1.0186160753800213,1.3468923713425176,1.69778863030902
NFIX,-0.0015027471937375256,1.0087461565611258,1.0175688083768433,1.300014445450318,1.16106835363069
TFAP2B.1,-0.0006758762608201792,1.0087226421141249,1.0175213687137008,1.3185682292557392,2.1564504825058
GSC,-0.005280750000274306,1.007713910630193,1.015487325677597,1.3432490403110338,1.50148271418025
MSC,-0.002287994307994433,1.0070490418991873,1.014147772790071,1.3682465957103989,1.27066185381732
ZBTB14,-0.004868308223137725,1.006125566900798,1.0122886563714524,1.324962291300623,2.17732241854413
RHOXF1,0.012496213832313516,1.0056142049638779,1.011259929225132,1.3613166381025865,1.33988659687076
PITX1,-0.004859894465374055,1.0050499172435785,1.0101253361513238,1.3632228108652162,1.63343805778946
TFAP2B,0.006056058723769498,1.0043302147291526,1.008679180217906,1.3821494122504459,1.60964541069324
FOXP2,0.00040387050188363894,1.0015724608929275,1.003147394419115,1.311025593926598,1.17556328229429
ZSCAN31,0.0008990692595856765,1.0005059392222668,1.0010121344190304,1.3527103493244872,1.42881381662961
RELB,0.00047618465594604633,1.0004417567889614,1.0008837087269835,1.309490023421882,1.01652272987179
NFIA,-0.0023906677571313172,1.0001327244308855,1.0002654664775454,1.3220503685336729,1.07178807563348
TFAP2A.1,-0.00406546590285728,0.9994891678056201,0.998978596560771,1.3193544262695023,1.77276233766414
THRB.1,-0.0029991006421211225,0.9990534747217337,0.9981078453535697,1.3128832271059563,1.841718808311
NR1D2,-0.003666486474884607,0.9988090480518733,0.9976195144702893,1.345307145148845,1.33823434238397
ONECUT1,0.013118735680272884,0.9986926347238073,0.99738697865158,1.3334491189320306,1.46510009482453
FOXA1,0.023818796514662365,0.9985159144184758,0.9970340313469649,1.3233397588635945,1.66957883434612
ZEB1,-0.005550246554015203,0.9984229772715768,0.9968484415438397,1.3472579957411361,1.61821924491034
NFIC::TLX1,0.007544009382384627,0.9971123982242284,0.9942331346924721,1.3392784887955596,1.4005812412151
GRHL2,-0.007799747790419359,0.9970786914407431,0.9941659169251847,1.3084313621409707,1.45322174496197
RARA,-0.007415924114790454,0.9970166750683648,0.9940422503643772,1.314360472946751,1.19761734030147
SP5,-0.015598451632246694,0.9966396077296173,0.9932905076954455,1.3979816413798167,1.77973272449919
TFAP2C.1,-0.0022099766027321344,0.9963639837790247,0.9927411881720085,1.3252116435880252,1.81830883879927
FOXA3,0.015590107205318077,0.9961178205366611,0.9922507123907077,1.308706422512806,1.59256463423568
TP73,0.007445206705485486,0.9955797070874491,0.991178953164331,1.349272237479932,0.808008793036865
ZFP14,-0.003060573022573166,0.9949924079614691,0.9900098919009626,1.3142927665253288,1.66953427766788
TFAP2B.2,-0.0031986354934872914,0.9949676086484969,0.9899605422597085,1.332271033978441,1.68935376782341
FOXP1,0.013656112632569785,0.9949510609639496,0.989927613713289,1.2962495920296946,1.54822085923493
RARA.1,0.003907195300260094,0.9946958448247181,0.9894198237115597,1.3724713342614074,1.52501165754104
PITX3,0.0019372645518755563,0.9944559109054845,0.9889425587348569,1.2987151377695634,1.41027384496054
TFAP2E,0.0033099384152889353,0.9938983779417122,0.9878339856751666,1.357953199271288,2.39857214411186
NEUROG2,-0.005495730241147537,0.9932447810253481,0.9865351950340916,1.2994624324290998,1.02695993070253
PPARA::RXRA,0.005807377007703676,0.9929810885794901,0.9860114422765092,1.3177558435594445,1.4869698458779
PPARD,0.004400266486731919,0.9927249777504965,0.9855028814497238,1.3518601731930162,1.53266800043225
ZBTB6,0.0007638274304736979,0.9925919436276086,0.9852387665544338,1.34813075467731,1.35966030422399
TFAP2C,0.006338309940034723,0.9913461003864109,0.9827670907513439,1.3629976558676864,1.62598672745089
FOXK1,0.016546896061920113,0.9908715578908655,0.9818264442370707,1.301050184821149,1.43789860776004
NFIB,0.00724633045034718,0.9906970914785486,0.9814807270640555,1.2981356471536296,1.4058428079831
FOXP3,0.01881806827808599,0.9877379999758733,0.9756263565963383,1.2823187892731178,1.69256287871094
FOXI1,0.01881806827808599,0.9877379999758733,0.9756263565963383,1.2823187892731178,1.69256287871094
FOXL1,0.01881806827808599,0.9877379999758733,0.9756263565963383,1.2823187892731178,1.69256287871094
FOXO4,0.01881806827808599,0.9877379999758733,0.9756263565963383,1.2823187892731178,1.69256287871094
ESRRB,0.012932257019051267,0.9873059034624526,0.9747729470118098,1.3154164571867724,1.456210830204
NR2F1.2,-0.0015930662002118104,0.9861143467252993,0.9724215048174638,1.2949788166525225,1.6528551903941
FOXC1,-0.0020147255063415414,0.9860168798697327,0.9722292873880429,1.27290476130816,1.4713687407711
HINFP,0.013198020855423124,0.9848338668865104,0.9698977453666369,1.2495949188121953,2.29737757938965
TCF7L1,0.007760743631467339,0.9841878658487142,0.9686257552838468,1.3187276989274062,1.48069360624162
NR2F6,0.0055219901602317455,0.983869928147759,0.9680000355134765,1.3254453718339807,1.67118722811873
NR4A2,0.004486001481187439,0.9838617832807284,0.9679840086003348,1.2763058207642226,1.487950832929
FOXF2,-0.00974755513087719,0.983804662635293,0.9678716142229425,1.3221689280948161,1.36061756634294
ZNF320,-0.006847736663932226,0.9827258611791819,0.9657501182303647,1.406619512247355,1.78071005111115
FOXD1,0.01698905443016974,0.9825842998212486,0.9654719062552134,1.289473324581973,1.60882555734314
FOXK2,0.011528300821057182,0.9807153321198894,0.9618025626550248,1.2524163253778267,1.54140918710704
RARA::RXRG,-0.006355735686790662,0.9801820521455236,0.96075685534821,1.3328637197231474,1.98404749504465
INSM1,-0.005711661295557004,0.9794965668748764,0.9594135245196692,1.2582425005902693,1.70597113591614
ZIC1,0.002834506186550214,0.9793846169024006,0.959194227825062,1.3551196922581914,1.88545269459731
FOXO6,0.010849485885436045,0.9788709124587515,0.9581882632578286,1.2618225864976387,1.45519066925128
ESR2,0.0002886303727400984,0.9780887192171884,0.9566575426599201,1.309931822303176,1.31380885202747
NR4A2::RXRA,0.0037481790225062385,0.9760619237877739,0.9526968790682901,1.2617887321410586,1.57858701777379
ZIC5,0.002994885055058469,0.9760160992269834,0.9526074259502566,1.2610544554533107,1.90203124361405
ZNF343,0.012005515282431172,0.9759612863559207,0.9525004324655034,1.2853235676284127,1.65935193496222
FOXG1,0.012461732191490644,0.9742938301491726,0.9492484674667448,1.269894352538399,1.49337774814448
RARA::RXRA,-0.0015560052960139907,0.9717811219016701,0.9443585488844687,1.2519852010146013,1.59405696124264
FOXB1,0.00537507658496757,0.9716247744068591,0.9440547022411798,1.2807868596452954,1.67665822601618
NFIX.1,0.0033061653360415325,0.9711032833610859,0.9430415869546814,1.2945046057669911,1.37111627693652
ESRRA,0.010516387374523676,0.970521734745728,0.9419124376138571,1.3073554254464825,1.45246603179556
FOXC2,0.0036077096695246074,0.9683921475638493,0.937783351463324,1.2845717451896563,1.43847932185975
ZNF417,5.930734512831241e-06,0.9672948015491527,0.9356592331040147,1.266460925632595,1.62114336273083
ZBTB12,-0.004194963251963733,0.9671123517837434,0.9353063009726832,1.3210220970722288,1.43142460599554
NR1I3,0.004121444840587256,0.9669793663217141,0.9350490948919438,1.2986319060947713,1.23403813738771
RBPJ,-0.005061152406375275,0.965896072889827,0.9329552236239901,1.2861748381705915,1.46962723634354
NR1D1,-0.002411321436051144,0.9658645167604922,0.9328942647369792,1.2999305642854448,1.21463597164021
ZKSCAN3,0.005285389771565497,0.9647477230294909,0.9307381690905872,1.2952305431781919,1.57853417037552
NR2F1,-0.011891933200292732,0.9645635516095991,0.9303828450937237,1.2988823944069283,1.20955148008507
NR4A1,0.006248987667351355,0.9634442228326794,0.9282247705096657,1.2723221591783735,1.38702347074883
TFDP1,-0.006790872333851169,0.9596760417740031,0.9209781051550182,1.2914579306752358,1.91077890854944
NR6A1,0.015816794612938074,0.959210878643486,0.9200855097080083,1.2940285519708405,1.54727480925334
THAP1,0.005982243978192957,0.959117184069627,0.9199057727776507,1.3078212943906404,1.44676728686539
EGR1,-0.014204145297634217,0.9576964761529804,0.917182540435836,1.3253357619638209,2.13493264287512
TFAP2C.2,-0.00013978564486298204,0.9561453280258321,0.914213888305626,1.3017700438496433,1.84472595731189
ZNF574,-0.0013083703685139944,0.9547730868279112,0.9115916473308979,1.2882951108030025,1.7541801564948
ZNF682,-0.0008843758158992265,0.9543566246760191,0.910796567063004,1.2725839613585033,1.71628032032345
KLF10,-0.009366527277123763,0.9529817755697857,0.9081742645681414,1.3897345640624266,2.13392670613345
ZNF530,-0.011068241949020166,0.950425466489586,0.9033085673519472,1.3159390756695308,1.77285928196907
ZNF148,-0.01087223441758394,0.949027072970367,0.9006523852307025,1.391826840361219,1.89401587127614
FOXD2,-0.0027663854414000347,0.9489232441046652,0.9004553232021221,1.2820015215867904,1.53413729432972
NFYB,0.005076501839397355,0.9484417282358506,0.899541711859007,1.2902373600284756,1.85299988418751
TFAP2A.2,0.0037031054314960125,0.9480722195839689,0.8988409335468733,1.265555988805212,1.76160743641319
ZNF281,-0.012712251490242018,0.946636356923821,0.8961203922500038,1.3403044622003182,1.84073742254115
ZIC4,0.0026523216701985425,0.944089038461187,0.8913041125425685,1.2570399930676386,1.85044733346887
ZNF449,0.004827202202240776,0.9440202205346812,0.891174176778348,1.2371334850601352,1.66051921256059
REST,-0.006572812116910181,0.9438023012548599,0.8907627838539692,1.22287269417608,1.53452236895179
ZNF549,0.0026593336069898,0.940687177226963,0.8848923653992318,1.2431130280749345,1.34110811110396
THRB,-0.00601423215392442,0.9363166050968519,0.8766887849800942,1.2674768902682587,1.74922378194676
SP4,-0.014421185729872289,0.9339979965533676,0.8723522575657044,1.3440406432700684,1.99581837668961
TFAP2A,0.004620867976483507,0.9331192898178217,0.8707116090301159,1.25782355050878,1.68277927825597
KLF7,-0.007805493633654549,0.9060166408782993,0.8208661535483971,1.2726538301871706,2.32420534573494
KLF14,-0.01271232860261731,0.8977782690999729,0.8060058204681435,1.3077647914308188,2.19218341039514
CTCF.2,0.0002252324958393152,0.8977106361953856,0.8058843863383239,1.1782284623805266,1.47972209513416
KLF12,-0.009092646862565201,0.8938162684363653,0.7989075217215086,1.2821855725067746,2.28761812925134
ZNF93,-0.0005965361468672144,0.8884454179897615,0.789335260747002,1.2004476884307997,1.98348236815191
SP1,-0.0132433434574518,0.8729945180004298,0.7621194284588028,1.252611103618239,2.18621616001529
ZNF454,-0.01020403169256937,0.8690681163600775,0.7552793908736533,1.1734173396323473,1.84641766553212
E2F6,-0.004487371837233412,0.8686988328499152,0.7546376621948049,1.1865288909249085,1.96014744271522
NR2C2,-0.005133602458644694,0.8633844929911109,0.7454327827375176,1.1236620665381212,1.85283350212195
CTCFL,-0.01114407757923637,0.8623754141328852,0.7436913549008654,1.149622928371031,1.84550477770176
PATZ1,-0.010105377759950754,0.85486080684081,0.7307869990725208,1.2069405782026614,2.03392488690888
CTCF.1,-0.0032950675928522088,0.8500071521876658,0.7225121587701855,1.0968872991966645,1.59043864201551
KLF15,-0.01110365702277391,0.8468148360354659,0.7170953665297731,1.2046809619952323,2.31342594984016
SP2,-0.00890117832218157,0.8101193033797566,0.656293285708502,1.1485613260460554,2.28012327133452
ZNF610,-0.004758040106171676,0.7937398609688333,0.6300229668908228,1.0976678108753868,2.10271164452224
