"gene","log2FC","pvalue","padj"
"APOA2",3.39415213822663,0,0
"APOC1",3.45941399524309,0,0
"ALB",2.84535257122523,0,0
"APOC3",4.60520013266822,0,0
"TTR",4.2983997565447,0,0
"APOA1",4.88597326194265,0,0
"RBP4",4.85365547438666,0,0
"AC105402-3",-1.12845701434438,0,0
"MTRNR2L12",-1.09288489987875,0,0
"APOC2",4.49977310902073,1.07363833938028e-304,1.43974901310896e-301
"AMBP",4.71813608896999,3.29394572939068e-291,4.4171812231129e-288
"FTL",1.61189085395107,5.54667839660851e-284,7.43809572985202e-281
"MT-CO1",-0.626025500606157,1.72167565805796e-266,2.30876705745573e-263
"MT-ND4",-0.622150658038355,8.42074953344173e-240,1.12922251243454e-236
"MT-ND5",-0.682722998333471,5.68830551041441e-236,7.62801768946572e-233
"MT-CO2",-0.605722202114364,7.38927556472959e-233,9.90901853230237e-230
"MT-ND2",-0.648910462467544,2.9673318933435e-232,3.97919206897363e-229
"MT-ATP8",-1.11470638278319,4.19912616910547e-228,5.63102819277044e-225
"MT-ND1",-0.602981311934291,2.30615054740606e-225,3.09254788407153e-222
"MT-ATP6",-0.587193340843173,6.43130772428034e-217,8.62438365825994e-214
"SELENOP",4.01126318787978,7.98077323722311e-210,1.07022169111162e-206
"MT-ND4L",-0.89088101770139,4.00901232453779e-197,5.37608552720518e-194
"CYP2E1",4.19675172356595,4.64058015940657e-193,6.22301799376421e-190
"APOH",3.76116850508163,2.97117290881309e-188,3.98434287071835e-185
"MT-ND3",-0.567982209769961,1.5299281205541e-178,2.05163360966305e-175
"CES1",4.12456100551574,3.07485722197369e-177,4.12338353466671e-174
"MT-CYB",-0.561046754090991,6.94320497273421e-175,9.31083786843657e-172
"APOE",4.23957690434466,3.06809865905707e-166,4.11432030179553e-163
"HLA-B",-0.706557198149686,4.95314887676229e-166,6.64217264373823e-163
"APOB",4.57020123366148,1.49917532007326e-165,2.01039410421824e-162
"SERPINA1",3.20879466684767,8.75530572496853e-165,1.17408649771828e-161
"CCND3",-0.60750165363154,1.59078725918614e-158,2.13324571456861e-155
"MT-CO3",-0.535529417327199,1.94207547369825e-158,2.60432321022936e-155
"PRAP1",4.45937729184187,5.66547545170053e-157,7.59740258073041e-154
"TXN",2.7831392293373,1.00001937207509e-149,1.34102597795269e-146
"FN1",3.36385508985493,2.54497398788547e-148,3.41281011775441e-145
"GATM",4.34075287144424,3.08706080505173e-146,4.13974853957437e-143
"TXNIP",-1.04589576033956,3.69428995885499e-142,4.95404283482454e-139
"HLA-A",-0.684835269498771,4.82886506719043e-138,6.47550805510237e-135
"RNF213",-0.559427640724224,4.07540727197905e-120,5.46512115172391e-117
"FTH1",1.55078472351592,9.34263802031132e-119,1.25284775852375e-115
"ALDH1A1",3.10503459442332,1.89339137523724e-114,2.53903783419314e-111
"CLU",4.31237128916876,5.20227072214861e-114,6.97624503840128e-111
"B2M",-0.522020179912743,2.73505877024822e-113,3.66771381090286e-110
"CYP3A4",5.41146173111254,2.74814249131699e-113,3.68525908085608e-110
"ACTB",-0.762892909460126,5.2295459154191e-109,7.01282107257702e-106
"VTN",3.73370239954128,1.2283091377441e-106,1.64716255371483e-103
"MGST1",3.3069922547493,1.4885296459249e-106,1.99611825518529e-103
"UQCRQ",2.59295439248877,3.89739820951718e-106,5.22641099896254e-103
"APOC4",7.1989650426285,1.00143641998635e-105,1.34292623920169e-102
"GLUL",2.36621231809749,2.23174717785761e-101,2.99277296550706e-98
"PTGR1",3.73156906438822,3.67516396070306e-98,4.92839487130281e-95
"AHSG",4.85742679025344,6.51309643785515e-98,8.73406232316376e-95
"HLA-C",-0.615813406479321,3.42167636620518e-96,4.58846800708114e-93
"DCXR",3.18338650669299,4.40812554374256e-93,5.91129635415878e-90
"LEAP2",5.5024990876432,4.6656971023027e-91,6.25669981418793e-88
"FGB",5.02839652788775,9.98249200032087e-91,1.33865217724303e-87
"BTG1",-0.789427475658553,2.90142929454134e-89,3.89081668397994e-86
"HP",4.45409144898849,1.68792201935801e-87,2.2635034279591e-84
"CYB5A",3.1470182372129,1.3999468208608e-84,1.87732868677433e-81
"MALAT1",-0.401264678920404,1.75940057782891e-83,2.35935617486857e-80
"MYH9",-0.690337388957101,8.74859372867601e-83,1.17318641901545e-79
"AKR1C1",3.48066879654389,6.15909044590171e-81,8.25934028795419e-78
"TMSB4X",-0.670940803469747,4.12507904731148e-80,5.5317310024447e-77
"MT-ND6",-1.35572918311095,1.5860486777153e-78,2.12689127681622e-75
"TF",4.13013720916581,5.66477491633263e-78,7.59646316280206e-75
"PITPNC1",-0.449713651769438,1.11710253763293e-77,1.49803450296576e-74
"GC",4.36715196597703,1.70208532595396e-77,2.28249642210426e-74
"HLA-E",-0.585982330212331,2.98975696715557e-76,4.00926409295561e-73
"ZFP36L2",-0.877952422696722,5.03084156850445e-74,6.74635854336447e-71
"UGT2B4",3.22450501451313,8.24567222981703e-73,1.10574464601846e-69
"KNG1",4.33675500759314,2.99222026284608e-70,4.01256737247659e-67
"PLCG2",-0.555363494310906,1.49091238255359e-69,1.99931350500437e-66
"HPD",3.16384065033774,1.56550482819159e-69,2.09934197460492e-66
"RPS29",-0.599011268077634,5.12241387285382e-69,6.86915700349697e-66
"ADH1B",4.35512694903258,1.62040067271663e-68,2.172957302113e-65
"SERPINC1",4.05520049614813,1.94324577664765e-65,2.60589258648449e-62
"FGG",3.18684415404387,3.78189507784542e-65,5.0715212993907e-62
"RPLP1",-0.533253425465192,1.8212897375456e-64,2.44234953804865e-61
"RARRES2",4.38773139000781,3.42202122547193e-63,4.58893046335785e-60
"FGA",4.40927932193848,1.34383978727837e-61,1.80208915474029e-58
"ORM1",5.25430412394583,3.23034714176167e-60,4.3318955171024e-57
"BAAT",4.16718643323559,4.71380948802227e-60,6.32121852343786e-57
"SSH2",-0.547131414078313,1.21314309233851e-59,1.62682488682595e-56
"CFHR2",6.05940334632535,3.31514182938005e-57,4.44560519319865e-54
"RPS19",-0.337756138959805,5.92447160056054e-56,7.94471641635169e-53
"TPT1",0.780258434998097,6.02452360707957e-56,8.07888615709371e-53
"ALDH1L1",3.45748843456564,4.54307731365455e-55,6.09226667761075e-52
"RPS2",-0.370130630895065,1.21591150092894e-54,1.63053732274571e-51
"RPL29",0.976610935475627,3.1351340307571e-54,4.20421473524527e-51
"TMSB10",-0.54831607809071,1.21692852075158e-53,1.63190114632787e-50
"EPHX1",3.47287213043444,1.5140251490071e-53,2.03030772481852e-50
"FKBP5",-0.350053394425885,4.33889202605812e-52,5.81845420694393e-49
"C3",3.32404029532371,5.24212114637861e-52,7.02968445729371e-49
"MT1E",3.56505445787013,1.76722287974123e-51,2.36984588173299e-48
"HSPE1",1.49428597652767,2.38593060262136e-51,3.19953293811524e-48
"TAPBP",-0.948127029949589,3.05387663813842e-50,4.09524857174363e-47
"RPL28",-0.357413482663837,6.67192346251237e-50,8.94704936322909e-47
"ALDOB",4.05625169416575,8.85055114487071e-50,1.18685890852716e-46
"TNRC6B",-0.328214710415056,9.28109143749386e-50,1.24459436176793e-46
"HULC",2.08129083441625,2.06039150156823e-48,2.76298500360299e-45
"ANKRD11",-0.37333852998543,2.9385939873373e-48,3.94065453701932e-45
"CYP2C9",4.50501885786851,6.08483303187461e-48,8.15976109574386e-45
"RPS28",-0.392243511302865,6.2423586794761e-47,8.37100298917745e-44
"HSPD1",1.13695247273769,1.24397579786271e-46,1.66817154493389e-43
"HRG",4.08151627097062,3.37682599006859e-46,4.52832365268198e-43
"PTMA",-0.38221328212132,8.94391465512076e-46,1.19937895525169e-42
"TAT",3.99851450763173,1.65989173341909e-45,2.225914814515e-42
"PAH",3.62714938275297,2.00754676676368e-44,2.69212021423009e-41
"RPL3",-0.624355207121457,2.0463073147318e-44,2.74409810905534e-41
"CFHR1",5.52430732381345,2.33118587199038e-44,3.1261202543391e-41
"ANG",6.5071238598396,2.20290188542429e-43,2.95409142835398e-40
"MT1X",2.37747871302568,3.65989025042342e-42,4.90791282581781e-39
"PEBP1",2.05329436963851,9.36475673929623e-42,1.25581387873962e-38
"SAMHD1",-0.753992445467065,9.97295517801187e-42,1.33737328937139e-38
"RPL7",0.821476479164595,1.36773541192904e-41,1.83413318739685e-38
"RPS27",-0.401002410245765,1.98858846643808e-41,2.66669713349347e-38
"RPL13A",-0.320835755375001,2.50596606921247e-41,3.36050049881392e-38
"ADI1",3.455672121928,7.33814442585443e-41,9.84045167507079e-38
"AOX1",4.52880606218443,3.23972466167998e-39,4.34447077131285e-36
"ZBTB16",-1.06164434556612,6.7461876920672e-39,9.04663769506211e-36
"IGFBP2",4.67536379529831,1.08130594999971e-37,1.45003127894961e-34
"RPS11",-0.32828476767687,1.14816035754733e-37,1.53968303947096e-34
"SEPTIN9",-0.834992877217404,5.61556212687582e-37,7.53046881214047e-34
"SOD1",1.47021392249967,1.55376717513689e-36,2.08360178185857e-33
"TMEM176B",5.05217082621111,1.7032779326881e-36,2.28409570773474e-33
"AZGP1",5.53537424861096,3.86564688563583e-36,5.18383247363765e-33
"COX5B",1.58224471573605,2.15344171799703e-35,2.88776534383402e-32
"AHNAK",-0.458330685170534,4.02020379847005e-35,5.39109329374833e-32
"FAU",-0.281568043541553,3.30260346603474e-34,4.42879124795258e-31
"PCK1",3.81644812586338,7.87475434170569e-34,1.05600455722273e-30
"ANGPTL3",3.8178001815443,8.20178087087873e-34,1.09985881478484e-30
"EEF1A1",-0.256645294144347,8.69481061314627e-34,1.16597410322292e-30
"SMCHD1",-0.279104350493003,1.79232886552225e-33,2.40351300866534e-30
"RPLP2",-0.28022038628841,2.51485626207098e-33,3.37242224743718e-30
"CDC42SE2",-0.315886893168519,3.4863192600135e-33,4.6751541276781e-30
"IFITM3",1.64416501216039,3.97703929773725e-33,5.33320969826566e-30
"RPS27A",-0.304380263689434,8.6315290817002e-33,1.157488049856e-29
"PARP8",-0.267863583151938,2.16910136009394e-32,2.90876492388597e-29
"AUTS2",-0.959560027023952,2.45099571223419e-32,3.28678525010605e-29
"CMIP",-0.418190446955223,3.30751349236873e-32,4.43537559326647e-29
"TMEM176A",3.84128303067306,7.90254731502844e-32,1.05973159494531e-28
"RPS3",-0.377679915283078,7.87754856768849e-31,1.05637926292703e-27
"RPL32",0.527794385440314,1.18275306440328e-30,1.5860718593648e-27
"PACS1",-0.308293526337805,1.67641886586335e-30,2.24807769912275e-27
"JUND",-0.545221453391959,2.24754635315682e-30,3.01395965958329e-27
"HSD11B1",3.39858370290973,4.07702890583388e-30,5.46729576272323e-27
"GNB1",-0.678950861958337,6.16872699969499e-30,8.27226290659098e-27
"CD74",-0.285734838530801,7.47206800671509e-30,1.00200431970049e-26
"RPL11",-0.406419634972287,1.457391141672e-29,1.95436152098215e-26
"CYP27A1",4.72540362239512,2.33547799683201e-29,3.13187599375172e-26
"ADH4",3.19375296321567,6.25062399386148e-29,8.38208677576824e-26
"RPL23",0.335247791717282,1.20276106434511e-28,1.6129025872868e-25
"ACTG1",-0.577100258614219,1.40757104074174e-27,1.88755276563467e-24
"HPX",4.18073574552611,1.65903437126746e-27,2.22476509186967e-24
"RPS3A",0.797227268759231,1.8465948226898e-27,2.47628365722702e-24
"NDUFA4",1.52675656831999,2.93622967509689e-27,3.93748399430493e-24
"ZNF609",-0.647194037070374,7.29335196130952e-27,9.78038498011607e-24
"FP671120-4",-2.43092224991707,9.4027367181235e-27,1.26090699390036e-23
"ETFB",1.6645929146321,1.6093511005583e-26,2.15813982584868e-23
"CPS1",3.30882259433576,2.37770155671679e-26,3.18849778755721e-23
"MYL6",-0.282348888088797,6.06549485689184e-26,8.13382860309195e-23
"TFPI",2.75128357554416,7.88537302260201e-26,1.05742852233093e-22
"RPL24",0.473571684108663,1.55983887076534e-25,2.09174392569632e-22
"RERE",-0.590741512554971,2.5173621018821e-25,3.37578257862389e-22
"CNOT6L",-0.356980285053202,2.56494630737586e-25,3.43959299819103e-22
"CFB",4.06722486461259,2.60296457716602e-25,3.49057549797963e-22
"EIF1",0.317141576723846,3.06991581170811e-25,4.11675710350058e-22
"R3HDM2",-0.779870557225706,3.64193036578373e-25,4.88382862051598e-22
"ST3GAL1",-0.666004594342958,6.16381961936243e-25,8.26568210956501e-22
"TTC39C",-1.1327235649873,1.02777734260066e-24,1.37824941642748e-21
"UBE2D2",-0.766418098121441,2.26998826299372e-24,3.04405426067457e-21
"RPS24",0.271927416826422,3.06558501326817e-24,4.11094950279261e-21
"AGXT",11.5093706420883,3.43011613907049e-24,4.59978574249352e-21
"SERPINA3",6.78517083384636,9.52552679600632e-24,1.27737314334445e-20
"COX6A1",1.37646154635511,1.04167079603651e-23,1.39688053748496e-20
"PRRC2B",-0.463813841676437,1.2422644566463e-23,1.66587663636269e-20
"KDM2A",-0.271745173828623,2.93573082860518e-23,3.93681504115954e-20
"AGT",4.10736447754134,2.98167781029763e-23,3.99842994360913e-20
"FMO5",3.49937129942306,3.69725526545079e-23,4.95801931096951e-20
"CFL1",-0.805328732019269,5.35531545630218e-23,7.18147802690123e-20
"C4BPA",4.39238074694466,8.3631704594051e-23,1.12150115860622e-19
"RPS26",0.859705028023572,8.97617734401302e-23,1.20370538183215e-19
"HSP90AB1",0.837973257287274,1.69387864184632e-22,2.27149125871592e-19
"GATAD2B",-0.520823595925187,1.84508704659409e-22,2.47426172948267e-19
"COX6C",1.09362707462257,1.88640591902423e-22,2.52967033741149e-19
"JUN",-0.382060423934343,2.24828047393327e-22,3.01494411554451e-19
"SCP2",1.29669181645296,2.79643841601037e-22,3.75002391586991e-19
"EEF1D",-0.583862367807201,3.46370477078236e-22,4.64482809761915e-19
"RPS13",0.411296650735554,7.57608261860532e-22,1.01595267915497e-18
"RPL31",0.405173666801108,1.10495616648019e-21,1.48174621924993e-18
"RPL9",0.306891379580995,1.22399023750623e-21,1.64137090849586e-18
"A2M",1.74728237639216,2.68389123231745e-21,3.5990981425377e-18
"IFITM2",-0.84285063928351,4.85472108931246e-21,6.51018098076801e-18
"HSPB1",1.02255287688411,6.6880323419402e-21,8.9686513705418e-18
"RPL19",0.259589486044781,7.25346440415698e-21,9.72689576597451e-18
"COX7C",0.642196769145012,1.41697942578113e-20,1.9001694099725e-17
"RBM6",-0.39065463860156,1.45627513877309e-20,1.95286496109471e-17
"SERF2",0.342916097625753,4.01530146947362e-20,5.38451927056413e-17
"ARHGAP35",-0.801062118658805,5.67483390428539e-20,7.60995226564671e-17
"RPL26",0.302024616152322,6.01009107930392e-20,8.05953213734655e-17
"CAT",1.65829178359342,6.66407627372573e-20,8.9365262830662e-17
"TSC22D3",-0.262390060775802,1.01253572861923e-19,1.35781041207839e-16
"TM4SF4",4.20968486970919,1.27799112955215e-19,1.71378610472943e-16
"BPTF",-0.259544960149843,1.37513648896755e-19,1.84405803170548e-16
"TTPA",3.9233128166489,2.81885211075402e-19,3.78008068052114e-16
"RPSA",-0.430428206927438,2.96577759283984e-19,3.97710775199823e-16
"ITIH2",3.42370542843953,3.12784580119506e-19,4.19444121940257e-16
"SLC2A2",4.38569461601457,3.49182954879976e-19,4.68254342494047e-16
"FTX",-0.447052470741319,4.63359492487195e-19,6.21365079425329e-16
"SORD",2.73508920682991,6.59753074928761e-19,8.84728873479469e-16
"HPR",5.46924735260646,7.83473060633042e-19,1.05063737430891e-15
"CAMK1D",-0.485182775079263,8.86090761500015e-19,1.18824771117152e-15
"EPB41",-0.354080002209566,8.89166331860272e-19,1.19237205102462e-15
"PFN1",-0.341434950114889,1.29071779604573e-18,1.73085256449732e-15
"RPL5",0.628439403986516,1.47312247528535e-18,1.97545723935766e-15
"STAG1",-0.294859167939803,2.33816768905675e-18,3.1354828710251e-15
"AQP9",3.86686374273447,2.44792788732052e-18,3.28267129689682e-15
"BHMT2",2.96273225485637,2.50408388207999e-18,3.35797648586927e-15
"MT2A",0.580324604455396,2.70115134500504e-18,3.62224395365176e-15
"ROBO1",-1.98660895587289,3.35121297012683e-18,4.49397659294009e-15
"GPX4",1.33008092306747,5.49120761031937e-18,7.36370940543827e-15
"PRDX6",1.49065676518296,5.51998743678273e-18,7.40230315272564e-15
"NFKBIA",-0.721130232348206,6.21361385609057e-18,8.33245618101746e-15
"METTL7A",1.91135336293283,6.89633966403717e-18,9.24799148947384e-15
"HMGB1",-0.387065771050987,8.06462749380979e-18,1.08146654691989e-14
"CPB2",4.20309223365762,1.02158435227789e-17,1.36994461640465e-14
"UBB",0.651832688506683,1.02808427933353e-17,1.37866101858626e-14
"CP",2.5182295176028,1.03002374212716e-17,1.38126183819252e-14
"F2",2.47059760123341,1.18730198657428e-17,1.5921719639961e-14
"DYNC1H1",-0.375006904349489,1.89885499188465e-17,2.54636454411731e-14
"MAT1A",3.41341254649418,2.47929418263115e-17,3.32473349890837e-14
"SERPING1",2.91669445271386,2.52609734396187e-17,3.38749653825287e-14
"PRRC2C",-0.259382000854422,2.90675978274876e-17,3.89796486866609e-14
"PRDX1",1.1093345108038,3.07050776026951e-17,4.11755090652142e-14
"RHOB",1.22771677426895,5.78003891890287e-17,7.75103219024875e-14
"HINT1",1.08544443766092,5.85802962683599e-17,7.85561772958706e-14
"RPL36A",-0.256253023153351,6.14467450649488e-17,8.24000851320964e-14
"FP236383-3",-1.67522964908318,1.20066642538732e-16,1.61009367644439e-13
"RPS7",0.35234079343982,1.37169567120446e-16,1.83944389508518e-13
"ASGR1",3.39962497330264,1.92502811987447e-16,2.58146270875167e-13
"ACSM2A",5.76680739489462,2.72330341422991e-16,3.65194987848231e-13
"SMAD3",-0.634154113542355,3.27443193868993e-16,4.39101322978319e-13
"SON",-0.402905790454423,3.59188167727506e-16,4.81671332922585e-13
"AKR1C2",3.70780119613285,3.74476971242476e-16,5.0217361843616e-13
"CFLAR",-0.276951781078462,5.50068727886194e-16,7.37642164095386e-13
"APCS",4.46073186311169,7.48529024325069e-16,1.00377742161992e-12
"ITIH1",4.37264377604239,8.00180891974217e-16,1.07304257613743e-12
"GPBP1",-0.356028272722611,8.08696209577806e-16,1.08446161704384e-12
"EHMT1",-0.503734504981486,8.34364861364636e-16,1.11888327908998e-12
"PPP6R2",-0.466060301957409,9.18784174181066e-16,1.23208957757681e-12
"A1CF",2.62292508407925,1.24183028858388e-15,1.66529441699098e-12
"STARD10",2.33703735091573,1.3381355430493e-15,1.79443976322911e-12
"CDO1",4.68393752328004,1.42553260704059e-15,1.91163922604144e-12
"C4BPB",5.01680142557281,2.00533521735565e-15,2.68915452647393e-12
"TBC1D22A",-0.310004927099512,2.08061263427358e-15,2.79010154256087e-12
"MASP2",3.50241679803927,2.46712856105784e-15,3.30841940037857e-12
"BRD4",-0.516084763880293,2.62476426865754e-15,3.51980888426976e-12
"CD99",-0.44367300695525,3.37483192903528e-15,4.52564961683631e-12
"RNF115",-0.395169054387409,3.39659433857542e-15,4.55483300802963e-12
"CYP8B1",5.45723931365428,1.12930881951638e-14,1.51440312697146e-11
"ZFHX3",-1.1921939306116,1.24925758434668e-14,1.67525442060889e-11
"PARD3B",-2.8461040150108,4.1276344148336e-14,5.53515775029185e-11
"C1S",1.49235189056161,4.8023941569038e-14,6.440010564408e-11
"TLN1",-0.655469500580468,5.61166561114773e-14,7.52524358454911e-11
"SEC61B",1.40399484160213,7.18413587247894e-14,9.63392620499426e-11
"C8G",3.05731510838978,9.30487175002074e-14,1.24778330167778e-10
"RESF1",-0.507310910293876,9.56444240331734e-14,1.28259172628485e-10
"CYP3A5",3.44788855468013,9.69431188963601e-14,1.30000722440019e-10
"SPAG9",-0.474106882220585,1.0571327926626e-13,1.41761507496055e-10
"FGD4",-1.04281899825901,1.94608911078842e-13,2.60970549756727e-10
"HMGCS2",4.70612378380909,2.02439581014603e-13,2.71471478140583e-10
"HIBCH",1.02135065686114,2.35920267751221e-13,3.16369079054388e-10
"RPL14",0.384154460511545,2.79264227221214e-13,3.74493328703648e-10
"GAPDH",0.641470480778539,3.27512303739813e-13,4.39193999315089e-10
"VMP1",-0.396824519162607,3.49526388390412e-13,4.68714886831542e-10
"HELZ",-0.429269763259054,5.7711878288676e-13,7.73916287851145e-10
"CYP4F3",4.60052788441465,6.51383788638424e-13,8.73505660564127e-10
"PROX1",4.20585993663855,7.38372781957283e-13,9.90157900604716e-10
"SLCO1B1",2.88532832439363,7.42447333681168e-13,9.95621874466446e-10
"NCOA3",-0.361825105290747,9.01305997195187e-13,1.20865134223875e-09
"PON1",3.64012534722463,9.11613534436833e-13,1.22247374967979e-09
"RPL12",0.406825473247952,1.32908114385615e-12,1.7822978139111e-09
"TNFAIP3",-0.286292242057895,1.99382199942064e-12,2.67371530122308e-09
"MORF4L2",0.902319261908275,2.47302641654489e-12,3.3163284245867e-09
"PNRC1",-0.54924497010863,3.55793521378213e-12,4.77119112168184e-09
"NUFIP2",-0.302078797631561,3.65522593276661e-12,4.90165797584002e-09
"EEF2",-0.511154666671282,3.79280624175811e-12,5.08615317019762e-09
"ASS1",3.63973377664402,3.94105746763685e-12,5.28495806410101e-09
"PRKN",-0.979945055599471,4.07341998457192e-12,5.46245619931094e-09
"AL391117-1",-2.21282595653283,4.30624653000354e-12,5.77467659673475e-09
"IGF2R",0.586112982207746,4.51131112563148e-12,6.04966821947182e-09
"SPTAN1",-0.468163217785535,4.91996260540918e-12,6.59766985385372e-09
"AGPAT3",-0.747485670356391,5.05471616562781e-12,6.77837437810689e-09
"GRHPR",2.09640104534155,5.6691287718026e-12,7.60230168298729e-09
"CCNH",-0.357839579546026,6.9800514790714e-12,9.36024903343475e-09
"ERN1",-0.490105304029751,1.01409088836773e-11,1.35989588130113e-08
"MAP4",-0.50095122467171,1.29113153948285e-11,1.73140739444651e-08
"OAZ1",-0.374610171659042,1.40292175005042e-11,1.88131806681761e-08
"USP24",0.564025254932766,1.41745430434798e-11,1.90080622213064e-08
"RPS4X",0.297230700864622,1.71627699521985e-11,2.30152745058981e-08
"EIF3H",0.867903101959336,1.75864127019473e-11,2.35833794333113e-08
"HGD",2.98689250428171,2.42544224666349e-11,3.25251805277574e-08
"EEF1G",-0.316049647477237,4.81116343843313e-11,6.45177017093883e-08
"ETFA",1.1467579278999,5.88316669371995e-11,7.88932653627846e-08
"PATJ",-0.857381163697917,5.99009377714095e-11,8.03271575514602e-08
"MRTFA",-0.283168109575311,1.07238887014606e-10,1.43807347486587e-07
"INSR",-1.04996963142909,1.13616774930328e-10,1.5236009518157e-07
"UBE2K",-0.299765562766899,1.3033664918491e-10,1.74781446556964e-07
"EIF4A2",0.66440500771867,1.71559474662485e-10,2.30061255522393e-07
"MBNL2",0.669460390779232,1.84753452936143e-10,2.47754380387368e-07
"ACSM2B",2.26197840071605,2.73435557502367e-10,3.66677082610675e-07
"BTBD9",-0.335455188690681,3.16977272214969e-10,4.25066522040274e-07
"CELF1",-0.326371689757877,5.13619158370168e-10,6.88763291374396e-07
"MAML3",-1.15316998119531,6.08212569200436e-10,8.15613055297785e-07
"PLG",2.96109335030599,9.74755703998662e-10,1.30714739906221e-06
"CPT1A",-0.831509055934872,1.29221344702797e-09,1.7328582324645e-06
"FOXO1",-0.312884289405134,1.29644114434574e-09,1.73852757456764e-06
"ASXL1",-0.439182217771446,1.44957617663221e-09,1.94388165286379e-06
"COX8A",0.812663495944345,1.55672688860018e-09,2.08757075761284e-06
"WWOX",-0.300990619852866,1.7085698400026e-09,2.29119215544349e-06
"ZFP36L1",-0.366097092725739,2.02433583939146e-09,2.71463436062395e-06
"ATXN2",-0.533117029285153,2.21653110122255e-09,2.97236820673945e-06
"TSHZ2",-2.749694174255,2.91672428123575e-09,3.91132726113714e-06
"ZFP36",-0.590439498632083,4.03259045237951e-09,5.40770379664092e-06
"EXT1",-0.567490735086751,4.23804376219337e-09,5.68321668510131e-06
"RNF19A",0.506723834641464,5.19421609825542e-09,6.96544378776052e-06
"UBE2E2",-1.56079568808061,5.58846815771262e-09,7.49413579949263e-06
"SERPINF2",2.17891935887357,5.94247652141992e-09,7.96886101522411e-06
"NACA",0.533754781232506,6.26950515898411e-09,8.4074064181977e-06
"SMARCC1",-0.293800462496219,6.33854164669813e-09,8.49998434822219e-06
"ATOX1",0.913445852800217,6.87735339382079e-09,9.22253090111368e-06
"ADK",-0.506534541381278,7.90240461324295e-09,1.05971245863588e-05
"CUX1",-0.343767153180084,8.17626679145015e-09,1.09643737673346e-05
"JAZF1",0.595449785981202,8.30835967940339e-09,1.11415103300799e-05
"HSPA8",0.501994871147587,9.35745091862788e-09,1.254834168188e-05
"CALR",-0.37623385105757,1.00844494969668e-08,1.35232467754325e-05
"HTT",-0.338101083118361,1.11135819644563e-08,1.49033134143358e-05
"NUCKS1",-0.454844500788975,1.13645128539595e-08,1.52398117371597e-05
"ATG7",-0.407058786203373,1.16506926969339e-08,1.56235789065884e-05
"COX4I1",0.258716972696688,1.18476435059897e-08,1.58876899415322e-05
"MPC2",1.54701319751651,1.22989480976483e-08,1.64928893989464e-05
"TLCD4",2.25311963809987,1.59330715390508e-08,2.13662489338671e-05
"NME2",0.857339688059175,1.59731253938876e-08,2.14199611532033e-05
"FCHSD2",-0.28021793896021,1.65146003296374e-08,2.21460790420437e-05
"TBC1D8",-1.03710439215745,1.65737094527473e-08,2.22253443761342e-05
"PAPOLA",0.748049076143559,1.84646127614116e-08,2.47610457130529e-05
"TLE1",-0.772950577453502,2.19285500598675e-08,2.94061856302823e-05
"ELOVL5",-0.271972648282264,2.62658117276225e-08,3.52224535267418e-05
"LYST",0.448806203750762,2.78472990757652e-08,3.73432280606011e-05
"NSD1",-0.463126759950344,2.86992715423255e-08,3.84857231382586e-05
"USP15",0.421355848379911,3.12746668912624e-08,4.19393283011829e-05
"NDUFC2",1.12115355598447,3.47813548778371e-08,4.66417968911796e-05
"BCLAF1",0.698915015038807,3.70904405502721e-08,4.97382807779149e-05
"RASA1",-0.367346106465738,3.85986468949044e-08,5.17607854860668e-05
"SEM1",0.936363369414249,5.14116434423926e-08,6.89430138562485e-05
"CASK",-0.545736935607068,5.37636948477345e-08,7.20971147908119e-05
"CNN3",3.36859225451542,6.61665855054956e-08,8.87293911628696e-05
"PROC",2.52740410810003,7.70898222356917e-08,0.000103377451618063
"GPX3",4.03632844682312,7.80031043951043e-08,0.000104602162993835
"MED13",-0.279066213470261,9.52222661905244e-08,0.000127693058961493
"CTNND1",-0.815006208555845,1.0029980342362e-07,0.000134502036391074
"INTS6",-0.369680771205636,1.14430873807291e-07,0.000153451801775577
"HSPA9",0.899141817602035,1.35157464730846e-07,0.000181246160204064
"PAGE4",9.52430064554388,1.47085088404125e-07,0.000197241103549931
"ACACA",-0.755866821238412,1.50014331253413e-07,0.000201169218210826
"USP47",0.447747411424067,1.52173474043745e-07,0.000204064628692661
"TTC28",-1.46507617153534,2.39908785405767e-07,0.000321717681229134
"PTPRM",0.476618389232843,2.72945080919009e-07,0.000366019353512391
"CFH",1.37365253281282,2.86321764846619e-07,0.000383957486659316
"F5",2.47974712704244,3.27297842032425e-07,0.000438906406165483
"ONECUT2",9.6693344245576,3.30134588369016e-07,0.00044271048300285
"PGRMC1",1.65294903107117,3.62690584575668e-07,0.000486368073915971
"RALGPS2",-1.42312399281527,4.14700971841507e-07,0.00055611400323946
"CADPS2",-1.88830921686982,4.23752176194403e-07,0.000568251668276695
"RACK1",0.370580896816032,5.03965933758008e-07,0.000675818317169489
"IGFBP4",1.93675602561738,5.2948362505395e-07,0.000710037541197347
"PLCB1",-0.308082341464989,5.84203382030362e-07,0.000783416735302716
"ETNK1",0.588422374803627,5.8935310684471e-07,0.000790322516278756
"CST3",0.338262191973967,6.43213008148551e-07,0.000862548643927207
"LINC01578",0.479883583005292,6.49411094613317e-07,0.000870860277876458
"SETX",-0.294308440774517,7.63022085602208e-07,0.00102321261679256
"SDC2",2.06804644734599,7.63045582830848e-07,0.00102324412657617
"GPC6",-1.4390890388035,7.97544425774695e-07,0.00106950707496387
"ZBTB38",-0.438664541377587,8.34938832355772e-07,0.00111965297418909
"NF1",-0.288414602119928,8.59929479632421e-07,0.00115316543218708
"ABCC2",2.3447646209748,9.72682287256129e-07,0.00130436694721047
"EIF5",0.604114143045033,1.43684575137082e-06,0.00192681015258827
"RTN4",0.422674063065287,1.57394609094992e-06,0.00211066170796385
"SOX5",-1.54676702461311,1.72178811496138e-06,0.00230891786216322
"URI1",0.349666922003029,2.03268428300293e-06,0.00272582962350692
"WDR33",-0.497515077907863,2.11964936000041e-06,0.00284244979176055
"PTMS",0.952803364314223,2.1671009644586e-06,0.00290608239333898
"QKI",0.653727713178532,2.17745655226967e-06,0.00291996923659363
"ITIH3",3.52809457359283,2.18080852174806e-06,0.00292446422766414
"HUWE1",-0.322272036221023,2.29736410233459e-06,0.00308076526123068
"COPA",0.781390042909659,2.49484411200604e-06,0.0033455859542001
"C1R",2.65641783181731,3.192820087407e-06,0.00428157173721278
"MYO1B",2.16824651019599,3.52967793199756e-06,0.00473329810680873
"NADK2",2.10983033498833,3.56305769632869e-06,0.00477806037077677
"FHIT",-0.69872408630942,3.70795965338524e-06,0.00497237389518961
"NIPBL",0.386881494217715,3.7501194172508e-06,0.00502891013853332
"PARP4",-0.286348600902425,3.76350997423332e-06,0.00504686687544688
"BDP1",-0.42867443621549,3.96632352351853e-06,0.00531883984503835
"PBRM1",-0.350032594347605,4.08726751231398e-06,0.00548102573401305
"SEPHS2",1.40109778076895,4.16880707925541e-06,0.0055903702932815
"KRTCAP2",0.740121658971716,4.82778447198043e-06,0.00647405897692575
"ATP5MC2",-0.288066146468482,4.90051190724529e-06,0.00657158646761593
"EIF4B",-0.395087648597899,5.38339748071207e-06,0.00721913602163489
"PCBP2",0.49181698634052,6.36727598599947e-06,0.00853851709722529
"HNRNPA2B1",0.423915034470797,6.44033641850821e-06,0.00863649113721951
"PPP4R3A",-0.276628127805528,6.64107166237054e-06,0.0089056770992389
"TUT7",0.475974373463473,6.90299711765889e-06,0.00925691913478057
"MIF",-0.81787853804367,6.96099770488983e-06,0.00933469792225727
"TMCC1",-0.492466580133521,7.16583382329449e-06,0.00960938315703791
"SHANK2",-2.16243752817584,7.19853183987663e-06,0.00965323119727456
"DHCR24",1.60511847617829,7.41713844903112e-06,0.00994638266015073
"ATP2B1",0.693440581698726,8.11946139069447e-06,0.0108881977249213
"ERC1",-0.379180958695826,8.67266141160979e-06,0.0116300389529687
"PRKDC",-0.406090751131691,1.09061471026828e-05,0.0146251432646976
"ITGB1",0.408673371356401,1.1319779890774e-05,0.0151798248335279
"ACADSB",1.38759161088443,1.19879596242447e-05,0.0160758538561121
"TENT2",0.445138697678087,1.24671548865854e-05,0.016718454702911
"DUSP16",-0.556491249874516,1.31201164943212e-05,0.0175940762188848
"ARGLU1",0.514758062715656,1.41282757533532e-05,0.0189460177852467
"ZC3H13",-0.421611123306986,1.45512977261133e-05,0.019513290250718
"H6PD",-0.760115278233961,1.49228072227577e-05,0.0200114844857181
"ZMYM4",-0.50024406586185,1.57593519712338e-05,0.0211332909934245
"ANKRD28",0.716633412844089,1.62757924733782e-05,0.0218258377068002
"ZFAND5",0.667002868816146,1.73543667890743e-05,0.0232722058641486
"CLDN1",3.19806674948351,1.78268902344809e-05,0.0239058598044389
"UBE2D3",0.527139187319592,1.79993782673997e-05,0.024137166256583
"ATP11B",0.255835338055534,1.84664663765373e-05,0.0247635314109365
"CHCHD2",0.411919565014508,1.96578583014579e-05,0.026361187982255
"GTF2I",-0.289378853867046,2.0921875781969e-05,0.0280562354236204
"VPS13D",-0.287462787020803,2.21646401645477e-05,0.0297227824606584
"DLEU1",-0.568134254410823,3.29043614263751e-05,0.0441247486727691
"ATP1B1",-1.00264190540965,3.73052977512942e-05,0.0500264042844856
"RAD23B",0.797262703092829,3.78448828366021e-05,0.0507499878838834
"DENND5B",-1.16266096393861,4.09015760827585e-05,0.0548490135269792
"EIF3E",0.656860529021809,4.33001843151382e-05,0.0580655471666003
"SLC23A2",-0.730378967888245,4.65420110615482e-05,0.0624128368335362
"CTNNB1",0.625486512934704,5.92763314378067e-05,0.0794895604580988
"FRYL",0.323133476330941,6.47545406351939e-05,0.086835838991795
"SLC39A11",-0.339570539314586,6.60196816232906e-05,0.0885323930568327
"LARP1",-0.428046814229881,6.74392757245458e-05,0.0904360687466159
"ATP2A2",-0.358689886486561,6.76455469766219e-05,0.09071267849565
"CTSB",0.83329385528921,8.52559588385829e-05,0.11432824080254
"TOR1AIP2",1.02074506217202,8.72098861879457e-05,0.116948457378035
"SERINC5",-0.308924595322462,8.75851576728734e-05,0.117451696439323
"PON2",1.73905178759144,8.94593191138268e-05,0.119964946931642
"ITGA1",-0.870937301535412,9.03395078899289e-05,0.121145280080395
"BAZ2B",-0.536174906742783,9.39698466388559e-05,0.126013564342706
"OTULIN",0.678014618324734,0.000100571732871919,0.134866693781243
"CCNL1",0.364971075496921,0.000104880305012548,0.140644489021827
"HERC2",-0.475557523141589,0.000108160612164897,0.145043380913127
"NUMB",-0.309673955050019,0.000109499497804267,0.146838826555522
"PRKAG2",-0.32425635395369,0.0001128770820083,0.15136816697313
"THRB",-1.19950908603571,0.000118015439447518,0.158258704299122
"MCL1",0.386500721534393,0.000122887361654135,0.164791951978195
"MAN1A2",0.610801445187925,0.000123449679709831,0.165546020490884
"ZBTB20",0.378792215523305,0.000129169448251098,0.173216230104722
"SIL1",-0.550152561940965,0.000131652219434852,0.176545626262136
"TBCA",0.542494063543152,0.000140076154372836,0.187842123013973
"EFR3A",0.477450223408728,0.000140326416393278,0.188177724383386
"SQSTM1",0.300053329970242,0.000144720948796067,0.194070792335525
"F12",3.91598043387152,0.000146463826342169,0.196407991124849
"TFG",0.748272261717587,0.000186115350556885,0.249580685096783
"DENND4A",0.428892797279757,0.00019757614380759,0.264949608845979
"DENND1B",0.366713165442426,0.000210579044677316,0.282386498912281
"HECTD4",-0.273354149699957,0.000213091570048668,0.285755795435264
"CCDC91",0.328946435016623,0.000216863448901534,0.290813884976957
"CDK13",-0.270561654041831,0.000218748210369587,0.293341350105616
"EIF3A",0.315906858428867,0.000220388913253504,0.295541532672949
"VAPA",0.637619534735097,0.000237832767377952,0.318933741053834
"ATP13A3",0.610433232487345,0.000254621382836762,0.341447274384098
"PDE4D",-0.45015838169292,0.000260791585400196,0.349721516021663
"LEPR",0.747177170445238,0.000274273551785282,0.367800832944064
"FGL1",2.07020884653562,0.000287323407747969,0.385300689790026
"ZKSCAN1",-0.617860178382674,0.000310058056694708,0.415787854027604
"VPS13C",0.269063350908639,0.000327055743206335,0.438581751639695
"RICTOR",0.398510180023742,0.000332196980243465,0.445476150506486
"DSP",2.63650839752524,0.000338145484177521,0.453453094282056
"ALDH3A2",1.01886885941881,0.000339857794168964,0.455749301980581
"PTPRK",-1.14844513446319,0.000403938208349569,0.541681137396772
"NAV2",-0.789931044480302,0.000424133951474292,0.568763628927026
"IL6R",-0.525539738695411,0.000428179189242265,0.574188292773877
"NR3C1",0.403052147109873,0.000457387624833782,0.613356804902102
"SP100",0.262198146721705,0.00050603624104176,0.678594599237
"UQCR11",0.518031934053796,0.000507337439166591,0.680339505922399
"EIF4G1",-0.57562226753895,0.000512838381099194,0.687716269054019
"CCSER2",0.34871424357689,0.000561613666798996,0.753123927177454
"INSIG1",0.900298228662262,0.000568978036206699,0.762999546553184
"ZNF292",0.335242561458687,0.000593039299854489,0.79526570110487
"TMED10",-0.290586149230738,0.000652872193287754,0.875501611198878
"PSD3",-0.969052889962024,0.000657200401208868,0.881305738021093
"PARD3",-1.66665244290201,0.00067281979060291,0.902251339198502
"ZFAND6",0.444747054774142,0.000733883454614647,0.984137712638242
"SLC38A4",2.111471266535,0.000735736884394009,0.986623161972366
"NPM1",0.638340601678591,0.000755671375448591,1
"DMXL1",-0.380500573725921,0.000784239937207757,1
"TGOLN2",-0.273848651276164,0.000823982375577293,1
"DST",-0.68215933210918,0.000831414133946222,1
"MEF2A",0.544003706938431,0.000843996877136988,1
"GLUD1",0.807910291817717,0.000866708823072311,1
"CANX",-0.321510540772743,0.000871325686499368,1
"RBM47",-0.287302943814095,0.00087905314549674,1
"GPAM",1.64435840663748,0.00090535070990624,1
"EIF4G2",0.271786207211338,0.000932680751305372,1
"DLC1",-1.42024238694629,0.000961329426263931,1
"COG5",0.294118878277475,0.00101114195227873,1
"DECR1",0.728334639751516,0.00101515468461266,1
"EXOC4",0.302809455516311,0.00104167171197553,1
"ERRFI1",0.992389567111807,0.00109901328258128,1
"CYP4A11",2.81950144571774,0.00111286099571358,1
"SNX13",0.579427813646966,0.00116935379951516,1
"G6PC",1.76062270877604,0.00119786076269726,1
"RAPGEF6",-0.273633881185508,0.00120146878468431,1
"MAPKAP1",-0.540477731838113,0.00129603920144148,1
"NEK7",0.36557742046762,0.00130168512970915,1
"NNT",0.767529073141592,0.00133256093634353,1
"TMEM131",0.460073953647798,0.00139938144137393,1
"CRADD",0.497421940490174,0.00144447588207031,1
"C5",1.56479378771164,0.00151991761391311,1
"PTPRG",-0.582441732657412,0.00158285577852017,1
"LRMDA",-0.510568168151323,0.00162318009860183,1
"SNHG14",-0.296082952479862,0.00168841998215182,1
"NORAD",-0.507568858203224,0.00171901567383385,1
"L3MBTL4",-0.601314398242653,0.00178136878551892,1
"PTBP2",0.436756600416148,0.00180864406767798,1
"CNOT2",0.394840297073344,0.00187457669693287,1
"NFIC",-0.50933765337499,0.00192122633904063,1
"NSUN6",-0.358898491901957,0.00205547092316408,1
"HNRNPA3",0.252048611327191,0.00205574792412472,1
"PCGF5",0.433176037067482,0.00210305596650712,1
"KIAA0232",0.525538005972572,0.00211013200219755,1
"HSD17B4",0.905083013052833,0.00212646575217484,1
"EGLN1",0.809751078029287,0.00214595647311709,1
"GALNT2",-0.451032934988245,0.00230176711146263,1
"HNRNPC",0.341280990208398,0.00246603559666409,1
"ASL",-0.272998614352693,0.00265036004864741,1
"ITSN1",-0.759856859912202,0.0028062525949952,1
"ITIH4",1.31570722320807,0.00282963437592937,1
"WWP1",0.372293163771978,0.00284530802743897,1
"MGMT",0.308773000566046,0.00291862007248709,1
"C1ORF43",1.0732870629108,0.00293272855780527,1
"PDXDC1",-0.35787779039496,0.00303914125202552,1
"CUL3",0.387242273008251,0.00311437198581388,1
"MDM2",0.255612828217388,0.00317302113189,1
"PTK2",-0.752985208650888,0.00320585275143379,1
"CDK14",-1.00897867088733,0.003302500122446,1
"ERGIC1",-0.297522052429201,0.00374914691001042,1
"ARID2",0.266073639373048,0.00376443920127904,1
"ALAS1",1.06321093747199,0.00397359602505941,1
"NFAT5",0.372433289668104,0.00401469173092652,1
"SCAF8",-0.305791805954078,0.00415998720860228,1
"ASAP1",-0.312972152882783,0.00429810397227519,1
"SOD2",0.646219138222873,0.00434030256747775,1
"NEDD4L",-0.707927741175152,0.00449625067952766,1
"AHCTF1",0.341082010696298,0.00453654033797198,1
"SDC1",2.08778647915452,0.00454506283113586,1
"BTAF1",0.295829059115134,0.00502166543372913,1
"MAP4K3",0.440836175744167,0.00504490865903341,1
"CTNNA1",-0.393011786979088,0.00510707765402283,1
"VPS13A",0.344714512359756,0.00521123018674631,1
"MLXIPL",1.45176215441568,0.00566541958644069,1
"DOCK5",-0.479861449760559,0.00575903025955412,1
"NCOA1",0.282401850825249,0.00579481914424888,1
"NBEAL1",-0.360918420989887,0.00617353254191809,1
"ABCB11",1.38764159689979,0.0063164272471345,1
"RALGAPA2",-0.384070620190575,0.00638288166754741,1
"LAMP2",0.310305331659715,0.00698922551250919,1
"MARCH6",0.385889085771945,0.00703281543345537,1
"ACOX1",-0.583101463334535,0.00716131466425756,1
"FBXW7",0.35525929072032,0.00733533440972792,1
"ASPH",0.877862584783525,0.00760629342326816,1
"CALD1",1.22079193546413,0.00765429706536375,1
"NAMPT",0.42605253583188,0.00772543254388786,1
"RAB2A",0.45488946148183,0.00773542357379332,1
"DDX39B",0.338008912607054,0.00778719750114343,1
"FH",0.952972731829903,0.0079177773276055,1
"BRI3",0.690698560653541,0.00794877021779194,1
"TNKS",0.301456993431172,0.0080940776187105,1
"N4BP2L2",0.274418288949489,0.00819117559317717,1
"SNX9",-0.327987937408449,0.00827386929906336,1
"ZNF148",-0.26249795373137,0.00893037923967045,1
"SETD5",0.373517628429795,0.00909979182866908,1
"TMEM245",-0.43222246098452,0.00979292943181011,1
"UBQLN1",0.689202581153693,0.0101656686554942,1
"SMIM14",-0.31175972274519,0.0102445265170178,1
"STOM",-0.287480889247714,0.0113660953765462,1
"PUM2",0.271501304995911,0.0114078408693927,1
"GNAS",0.317229994734297,0.0117695752963754,1
"ZNF207",0.294757505123949,0.0117719111103322,1
"USP25",0.352424636758834,0.0119093481359401,1
"MARCH7",0.410894076897969,0.0123194816617683,1
"DAAM1",0.373563817920969,0.0132373473259776,1
"AP3B1",0.473178617836228,0.0132410671501746,1
"ESYT2",0.382069856424702,0.0144914525563052,1
"DNAJA1",0.298982028880002,0.0144929157923607,1
"EIF4EBP2",-0.299824437722466,0.0145651861964074,1
"CPEB4",0.40055402930549,0.0149489832725064,1
"MBNL3",0.744405571205159,0.0159546035088957,1
"ARF1",0.472260729517536,0.0163997964072387,1
"PPP2R2A",0.314246305354505,0.0178777655117473,1
"SETBP1",0.250372952304845,0.0197931793097783,1
"HLF",1.11057594736155,0.020095023328043,1
"CAMK2D",0.317418798383962,0.0201326488068925,1
"SLC39A14",0.864171810625397,0.0218009964947109,1
"APP",-0.7834922459418,0.0219700860558847,1
"RBM26",0.321589211110392,0.0224103337586421,1
"AUH",0.289022050424584,0.0226043617638115,1
"DDX3X",0.371246258348791,0.0227461549558758,1
"SLC20A2",-0.362060248646142,0.0230814966292175,1
"PPP1R12B",0.493147292692467,0.0232499709078241,1
"AASS",0.518531648930032,0.0235890714684695,1
"DCAF8",-0.320143915919906,0.0237442616569707,1
"RBM33",0.327741863940098,0.0263434072505245,1
"AR",1.33771545638167,0.0263534633282983,1
"PDK4",1.14161374818558,0.0291816085867101,1
"AC016831-7",-0.297705906138233,0.0329661522252177,1
"AOPEP",-0.417647297037068,0.0344883741638558,1
"TNKS2",0.313652311342207,0.0346332534851757,1
"PDIA4",-0.403595075313817,0.0376176118552424,1
"NBPF12",-0.291161349413481,0.0378022542248774,1
"DNAJC3",0.325208067074298,0.0381885666174927,1
"RAB4A",1.08360001340614,0.0411596500912154,1
"TASOR2",0.40361937879178,0.0431416531336526,1
"DNAJB6",0.265351173455103,0.0431475888639428,1
"HPN",1.81050963207625,0.0447306522785776,1
"XRN2",0.298156045612244,0.0458863505353232,1
"ATG10",-0.535931452623626,0.0470436391345747,1
"KIF13A",-0.44980740972273,0.0485456240964922,1
"CD46",0.365115598642049,0.0492859844921691,1
"SAR1B",0.603789266829298,0.0499842580605785,1
"FAT1",1.91241997430354,0.0507353099045466,1
"ASPSCR1",-0.583030745528769,0.0516058415714982,1
"FNDC3A",0.276409385617185,0.0517861713415038,1
"CLTC",0.361260863398231,0.0529984652409818,1
"PTGES3",0.300036940123816,0.0553834118825418,1
"TTC37",0.3813781463863,0.0559420011924285,1
"NDFIP1",0.346432120944847,0.056399816501441,1
"BABAM2",0.382974414906327,0.0595536925630677,1
"MAGI1",-0.469105852355072,0.0607775410111343,1
"VPS41",0.266218841799813,0.0623990577842802,1
"GPT2",1.07879087302997,0.0624118145121768,1
"METTL15",0.397872559047112,0.0632867932820125,1
"CDC73",0.364966790948368,0.0641032144874398,1
"A1BG",0.975780564766207,0.06743834307107,1
"COBLL1",0.744064277950843,0.0686603073301369,1
"RHOBTB3",0.388299205576555,0.0751035157402372,1
"DCAF6",0.348952443976717,0.0780011708024651,1
"PPP2R5A",0.404740665714449,0.0789801124581606,1
"SLC25A13",0.572803239687746,0.0792533182637143,1
"MLEC",-0.542165397919913,0.0814710304162183,1
"COL18A1",1.13289673817435,0.0825947915775906,1
"ITFG1",0.25133833659833,0.0843584734000991,1
"LRRFIP2",0.498555257365896,0.0852405304781947,1
"TNS3",-0.373943050539273,0.0953830318076195,1
"PCM1",0.343394011965545,0.110108398990091,1
"RB1CC1",0.401577904002856,0.115207378872015,1
"LMAN1",0.252749116597888,0.11805815730918,1
"EPS8",-0.596820871906939,0.120213874069832,1
"PSMA1",0.29075407066612,0.127692629608705,1
"ABCA1",-0.25589319627284,0.149696449041413,1
"NID1",0.976683894887795,0.162790136902929,1
"KCTD3",1.13960048945424,0.168805328746341,1
"ALDH2",0.899741063787469,0.169466864277608,1
"ALCAM",0.523019728002145,0.175530073462642,1
"SDHC",-0.323701077427269,0.176452859220412,1
"SLC66A2",0.797625041446524,0.180487521435943,1
"HIBADH",0.533626659367866,0.184088699628449,1
"ARHGAP5",0.416509541193368,0.19241483522517,1
"APLP2",0.314038614239277,0.206487375630617,1
"NFIA",0.367014796015248,0.217767526855574,1
"EVI5",-0.310638676390805,0.225894957722365,1
"WWC2",-1.03962336240936,0.240963456755194,1
"STK3",-0.482619553200379,0.244564822832396,1
"MBD5",0.295928083209638,0.247771183191242,1
"FGGY",-0.466763495778357,0.270904293825508,1
"MTR",0.290815337457211,0.271705314122902,1
"CHPT1",0.321813412073041,0.274100185733508,1
"GRB10",-0.834844491231845,0.286733898588176,1
"TBCK",0.261733051238826,0.302604417600891,1
"FNDC3B",0.260808934969289,0.309080044261242,1
"SCD",0.80638868920486,0.31473300228591,1
"LRPPRC",0.462551429607038,0.320158190685068,1
"KAT6A",0.305691977237156,0.336842731436388,1
"ACO1",0.801445744283785,0.339859032578968,1
"CERS2",0.630604712757181,0.339961111950264,1
"RSRC1",0.350122074846485,0.34742097661211,1
"MAP2K5",0.312290834555792,0.360139564095345,1
"AFDN",-0.275561301579201,0.362974689162961,1
"EPB41L5",-0.416590624584005,0.366635887243257,1
"IMPAD1",-0.51265635013553,0.373786805519232,1
"MAPK8",0.277765520248181,0.399183402769522,1
"PROS1",0.903101075899397,0.400454442446554,1
"RBPMS",-0.686846418698743,0.410481384198597,1
"TTC17",0.259562995251464,0.416625006423102,1
"CCDC50",0.397877277141769,0.444816072664108,1
"TJP1",0.261273892105487,0.492023643997505,1
"RBFOX2",0.4262569340085,0.4946388620737,1
"TEAD1",0.411632061369691,0.528892014195145,1
"CTH",-0.277447009063174,0.532764739359905,1
"RNF130",0.306005230666769,0.560498254862364,1
"TRMT11",0.330741439308117,0.565639560784939,1
"SH3D19",0.45515609921413,0.592386738954686,1
"ACSL1",0.424419311030763,0.593060738781648,1
"NFIB",0.416494621713669,0.639055938614398,1
"PCSK6",-0.351906184939716,0.645338069501621,1
"SCFD2",0.269486203325839,0.682005502423293,1
"LINC01473",0.393501028611997,0.696410740014365,1
"CDC42BPA",-0.68085206680299,0.708189539372078,1
"AIG1",0.272825674380803,0.712342799431445,1
"PDE4DIP",0.408181847215053,0.90333677047007,1
"PDLIM5",0.258168341905111,0.94308221085972,1
"LRP1",0.436609501943535,0.974175061592969,1
