"peak","motif_id","tf_name","avg_log2FC","p_val_adj","gene","score","zscore","pvalue"
"chr8-143552981-143553934","MA1723.1","PRDM9",-12.5218399028562,2.0076294218486e-21,"GRINA",0.0973236172334497,4.53736114533598,2.84812558180529e-06
"chr8-143552981-143553934","MA1953.1","FOXO1::ELF1",-12.5218399028562,2.0076294218486e-21,"GRINA",0.0973236172334497,4.53736114533598,2.84812558180529e-06
"chr8-143552981-143553934","MA1637.1","EBF3",-12.5218399028562,2.0076294218486e-21,"GRINA",0.0973236172334497,4.53736114533598,2.84812558180529e-06
"chr8-143552981-143553934","MA0737.1","GLIS3",-12.5218399028562,2.0076294218486e-21,"GRINA",0.0973236172334497,4.53736114533598,2.84812558180529e-06
"chr8-143552981-143553934","MA0499.2","MYOD1",-12.5218399028562,2.0076294218486e-21,"GRINA",0.0973236172334497,4.53736114533598,2.84812558180529e-06
"chr8-143552981-143553934","MA1550.1","PPARD",-12.5218399028562,2.0076294218486e-21,"GRINA",0.0973236172334497,4.53736114533598,2.84812558180529e-06
"chr8-143552981-143553934","MA0073.1","RREB1",-12.5218399028562,2.0076294218486e-21,"GRINA",0.0973236172334497,4.53736114533598,2.84812558180529e-06
"chr8-143552981-143553934","MA1930.1","CTCF",-12.5218399028562,2.0076294218486e-21,"GRINA",0.0973236172334497,4.53736114533598,2.84812558180529e-06
"chr8-143552981-143553934","MA0778.1","NFKB2",-12.5218399028562,2.0076294218486e-21,"GRINA",0.0973236172334497,4.53736114533598,2.84812558180529e-06
"chr8-143552981-143553934","MA1537.1","NR2F1",-12.5218399028562,2.0076294218486e-21,"GRINA",0.0973236172334497,4.53736114533598,2.84812558180529e-06
"chr8-143552981-143553934","MA1533.1","NR1I2",-12.5218399028562,2.0076294218486e-21,"GRINA",0.0973236172334497,4.53736114533598,2.84812558180529e-06
"chr8-143552981-143553934","MA0079.5","SP1",-12.5218399028562,2.0076294218486e-21,"GRINA",0.0973236172334497,4.53736114533598,2.84812558180529e-06
"chr8-143552981-143553934","MA0830.2","TCF4",-12.5218399028562,2.0076294218486e-21,"GRINA",0.0973236172334497,4.53736114533598,2.84812558180529e-06
"chr8-143552981-143553934","MA1710.1","ZNF257",-12.5218399028562,2.0076294218486e-21,"GRINA",0.0973236172334497,4.53736114533598,2.84812558180529e-06
"chr8-143552981-143553934","MA1155.1","ZSCAN4",-12.5218399028562,2.0076294218486e-21,"GRINA",0.0973236172334497,4.53736114533598,2.84812558180529e-06
"chr8-143552981-143553934","MA0746.2","SP3",-12.5218399028562,2.0076294218486e-21,"GRINA",0.0973236172334497,4.53736114533598,2.84812558180529e-06
"chr8-143552981-143553934","MA0855.1","RXRB",-12.5218399028562,2.0076294218486e-21,"GRINA",0.0973236172334497,4.53736114533598,2.84812558180529e-06
"chr8-143552981-143553934","MA1650.1","ZBTB14",-12.5218399028562,2.0076294218486e-21,"GRINA",0.0973236172334497,4.53736114533598,2.84812558180529e-06
"chr8-143552981-143553934","MA0113.3","NR3C1",-12.5218399028562,2.0076294218486e-21,"GRINA",0.0973236172334497,4.53736114533598,2.84812558180529e-06
"chr8-143552981-143553934","MA1929.1","CTCF",-12.5218399028562,2.0076294218486e-21,"GRINA",0.0973236172334497,4.53736114533598,2.84812558180529e-06
"chr8-143552981-143553934","MA0727.1","NR3C2",-12.5218399028562,2.0076294218486e-21,"GRINA",0.0973236172334497,4.53736114533598,2.84812558180529e-06
"chr8-143552981-143553934","MA1959.1","KLF7",-12.5218399028562,2.0076294218486e-21,"GRINA",0.0973236172334497,4.53736114533598,2.84812558180529e-06
"chr8-143552981-143553934","MA0115.1","NR1H2::RXRA",-12.5218399028562,2.0076294218486e-21,"GRINA",0.0973236172334497,4.53736114533598,2.84812558180529e-06
"chr8-143552981-143553934","MA0159.1","RARA::RXRA",-12.5218399028562,2.0076294218486e-21,"GRINA",0.0973236172334497,4.53736114533598,2.84812558180529e-06
"chr8-143552981-143553934","MA1719.1","ZNF816",-12.5218399028562,2.0076294218486e-21,"GRINA",0.0973236172334497,4.53736114533598,2.84812558180529e-06
"chr8-143552981-143553934","MA1520.1","MAF",-12.5218399028562,2.0076294218486e-21,"GRINA",0.0973236172334497,4.53736114533598,2.84812558180529e-06
"chr8-143552981-143553934","MA1976.1","ZNF320",-12.5218399028562,2.0076294218486e-21,"GRINA",0.0973236172334497,4.53736114533598,2.84812558180529e-06
"chr8-143552981-143553934","MA1148.1","PPARA::RXRA",-12.5218399028562,2.0076294218486e-21,"GRINA",0.0973236172334497,4.53736114533598,2.84812558180529e-06
"chr8-143552981-143553934","MA1961.1","PATZ1",-12.5218399028562,2.0076294218486e-21,"GRINA",0.0973236172334497,4.53736114533598,2.84812558180529e-06
"chr8-143552981-143553934","MA0488.1","JUN",-12.5218399028562,2.0076294218486e-21,"GRINA",0.0973236172334497,4.53736114533598,2.84812558180529e-06
"chr8-143552981-143553934","MA0101.1","REL",-12.5218399028562,2.0076294218486e-21,"GRINA",0.0973236172334497,4.53736114533598,2.84812558180529e-06
"chr8-143552981-143553934","MA0130.1","ZNF354C",-12.5218399028562,2.0076294218486e-21,"GRINA",0.0973236172334497,4.53736114533598,2.84812558180529e-06
"chr8-143552981-143553934","MA0039.4","KLF4",-12.5218399028562,2.0076294218486e-21,"GRINA",0.0973236172334497,4.53736114533598,2.84812558180529e-06
"chr8-143552981-143553934","MA1515.1","KLF2",-12.5218399028562,2.0076294218486e-21,"GRINA",0.0973236172334497,4.53736114533598,2.84812558180529e-06
"chr8-143552981-143553934","MA1730.1","ZNF708",-12.5218399028562,2.0076294218486e-21,"GRINA",0.0973236172334497,4.53736114533598,2.84812558180529e-06
"chr8-143552981-143553934","MA0103.3","ZEB1",-12.5218399028562,2.0076294218486e-21,"GRINA",0.0973236172334497,4.53736114533598,2.84812558180529e-06
"chr8-143552981-143553934","MA0149.1","EWSR1-FLI1",-12.5218399028562,2.0076294218486e-21,"GRINA",0.0973236172334497,4.53736114533598,2.84812558180529e-06
"chr8-143552981-143553934","MA1713.1","ZNF610",-12.5218399028562,2.0076294218486e-21,"GRINA",0.0973236172334497,4.53736114533598,2.84812558180529e-06
"chr8-143552981-143553934","MA1494.1","HNF4A",-12.5218399028562,2.0076294218486e-21,"GRINA",0.0973236172334497,4.53736114533598,2.84812558180529e-06
"chr8-143552981-143553934","MA1987.1","ZNF701",-12.5218399028562,2.0076294218486e-21,"GRINA",0.0973236172334497,4.53736114533598,2.84812558180529e-06
"chr8-143552981-143553934","MA0740.2","KLF14",-12.5218399028562,2.0076294218486e-21,"GRINA",0.0973236172334497,4.53736114533598,2.84812558180529e-06
"chr8-143552981-143553934","MA0493.2","KLF1",-12.5218399028562,2.0076294218486e-21,"GRINA",0.0973236172334497,4.53736114533598,2.84812558180529e-06
"chr8-143552981-143553934","MA0107.1","RELA",-12.5218399028562,2.0076294218486e-21,"GRINA",0.0973236172334497,4.53736114533598,2.84812558180529e-06
"chr8-143552981-143553934","MA0528.2","ZNF263",-12.5218399028562,2.0076294218486e-21,"GRINA",0.0973236172334497,4.53736114533598,2.84812558180529e-06
"chr8-143552981-143553934","MA1936.1","ERF::FOXO1",-12.5218399028562,2.0076294218486e-21,"GRINA",0.0973236172334497,4.53736114533598,2.84812558180529e-06
"chr8-143552981-143553934","MA0516.3","SP2",-12.5218399028562,2.0076294218486e-21,"GRINA",0.0973236172334497,4.53736114533598,2.84812558180529e-06
"chr8-143552981-143553934","MA0522.3","TCF3",-12.5218399028562,2.0076294218486e-21,"GRINA",0.0973236172334497,4.53736114533598,2.84812558180529e-06
"chr8-143552981-143553934","MA1513.1","KLF15",-12.5218399028562,2.0076294218486e-21,"GRINA",0.0973236172334497,4.53736114533598,2.84812558180529e-06
"chr8-143552981-143553934","MA0504.1","NR2C2",-12.5218399028562,2.0076294218486e-21,"GRINA",0.0973236172334497,4.53736114533598,2.84812558180529e-06
"chr8-143552981-143553934","MA1652.1","ZKSCAN5",-12.5218399028562,2.0076294218486e-21,"GRINA",0.0973236172334497,4.53736114533598,2.84812558180529e-06
"chr8-143552981-143553934","MA1969.1","THRA",-12.5218399028562,2.0076294218486e-21,"GRINA",0.0973236172334497,4.53736114533598,2.84812558180529e-06
"chr8-143552981-143553934","MA1517.1","KLF6",-12.5218399028562,2.0076294218486e-21,"GRINA",0.0973236172334497,4.53736114533598,2.84812558180529e-06
"chr8-143552981-143553934","MA1511.2","KLF10",-12.5218399028562,2.0076294218486e-21,"GRINA",0.0973236172334497,4.53736114533598,2.84812558180529e-06
"chr8-143552981-143553934","MA0599.1","KLF5",-12.5218399028562,2.0076294218486e-21,"GRINA",0.0973236172334497,4.53736114533598,2.84812558180529e-06
"chr8-143552981-143553934","MA0648.1","GSC",-12.5218399028562,2.0076294218486e-21,"GRINA",0.0973236172334497,4.53736114533598,2.84812558180529e-06
"chr8-143552981-143553934","MA0473.3","ELF1",-12.5218399028562,2.0076294218486e-21,"GRINA",0.0973236172334497,4.53736114533598,2.84812558180529e-06
"chr8-143552981-143553934","MA1981.1","ZNF530",-12.5218399028562,2.0076294218486e-21,"GRINA",0.0973236172334497,4.53736114533598,2.84812558180529e-06
"chr8-143552981-143553934","MA0760.1","ERF",-12.5218399028562,2.0076294218486e-21,"GRINA",0.0973236172334497,4.53736114533598,2.84812558180529e-06
"chr8-143552981-143553934","MA0062.3","GABPA",-12.5218399028562,2.0076294218486e-21,"GRINA",0.0973236172334497,4.53736114533598,2.84812558180529e-06
"chr8-143552981-143553934","MA1653.1","ZNF148",-12.5218399028562,2.0076294218486e-21,"GRINA",0.0973236172334497,4.53736114533598,2.84812558180529e-06
"chr8-143552981-143553934","MA1522.1","MAZ",-12.5218399028562,2.0076294218486e-21,"GRINA",0.0973236172334497,4.53736114533598,2.84812558180529e-06
"chr8-143552981-143553934","MA1712.1","ZNF454",-12.5218399028562,2.0076294218486e-21,"GRINA",0.0973236172334497,4.53736114533598,2.84812558180529e-06
"chr8-143552981-143553934","MA1965.1","SP5",-12.5218399028562,2.0076294218486e-21,"GRINA",0.0973236172334497,4.53736114533598,2.84812558180529e-06
"chr8-143552981-143553934","MA1584.1","ZIC5",-12.5218399028562,2.0076294218486e-21,"GRINA",0.0973236172334497,4.53736114533598,2.84812558180529e-06
"chr8-143552981-143553934","MA1648.1","TCF12",-12.5218399028562,2.0076294218486e-21,"GRINA",0.0973236172334497,4.53736114533598,2.84812558180529e-06
"chr8-143552981-143553934","MA0081.2","SPIB",-12.5218399028562,2.0076294218486e-21,"GRINA",0.0973236172334497,4.53736114533598,2.84812558180529e-06
"chr8-143552981-143553934","MA0685.2","SP4",-12.5218399028562,2.0076294218486e-21,"GRINA",0.0973236172334497,4.53736114533598,2.84812558180529e-06
"chr8-143552981-143553934","MA0742.2","KLF12",-12.5218399028562,2.0076294218486e-21,"GRINA",0.0973236172334497,4.53736114533598,2.84812558180529e-06
"chr8-143552981-143553934","MA0066.1","PPARG",-12.5218399028562,2.0076294218486e-21,"GRINA",0.0973236172334497,4.53736114533598,2.84812558180529e-06
"chr8-143552981-143553934","MA1574.1","THRB",-12.5218399028562,2.0076294218486e-21,"GRINA",0.0973236172334497,4.53736114533598,2.84812558180529e-06
"chr8-143552981-143553934","MA0856.1","RXRG",-12.5218399028562,2.0076294218486e-21,"GRINA",0.0973236172334497,4.53736114533598,2.84812558180529e-06
"chr8-143552981-143553934","MA1964.1","SMAD2",-12.5218399028562,2.0076294218486e-21,"GRINA",0.0973236172334497,4.53736114533598,2.84812558180529e-06
"chr8-143552981-143553934","MA1599.1","ZNF682",-12.5218399028562,2.0076294218486e-21,"GRINA",0.0973236172334497,4.53736114533598,2.84812558180529e-06
"chr8-143552981-143553934","MA1592.1","ZNF274",-12.5218399028562,2.0076294218486e-21,"GRINA",0.0973236172334497,4.53736114533598,2.84812558180529e-06
"chr8-143552981-143553934","MA1154.1","ZNF282",-12.5218399028562,2.0076294218486e-21,"GRINA",0.0973236172334497,4.53736114533598,2.84812558180529e-06
"chr8-143552981-143553934","MA0597.2","THAP1",-12.5218399028562,2.0076294218486e-21,"GRINA",0.0973236172334497,4.53736114533598,2.84812558180529e-06
"chr8-143552981-143553934","MA1521.1","MAFA",-12.5218399028562,2.0076294218486e-21,"GRINA",0.0973236172334497,4.53736114533598,2.84812558180529e-06
"chr8-143552981-143553934","MA1102.2","CTCFL",-12.5218399028562,2.0076294218486e-21,"GRINA",0.0973236172334497,4.53736114533598,2.84812558180529e-06
"chr8-143552981-143553934","MA1630.2","ZNF281",-12.5218399028562,2.0076294218486e-21,"GRINA",0.0973236172334497,4.53736114533598,2.84812558180529e-06
"chr8-143552981-143553934","MA0598.3","EHF",-12.5218399028562,2.0076294218486e-21,"GRINA",0.0973236172334497,4.53736114533598,2.84812558180529e-06
"chr8-143552981-143553934","MA0163.1","PLAG1",-12.5218399028562,2.0076294218486e-21,"GRINA",0.0973236172334497,4.53736114533598,2.84812558180529e-06
"chr8-143552981-143553934","MA0646.1","GCM1",-12.5218399028562,2.0076294218486e-21,"GRINA",0.0973236172334497,4.53736114533598,2.84812558180529e-06
"chr8-143552981-143553934","MA0745.2","SNAI2",-12.5218399028562,2.0076294218486e-21,"GRINA",0.0973236172334497,4.53736114533598,2.84812558180529e-06
"chr8-143552981-143553934","MA1631.1","ASCL1",-12.5218399028562,2.0076294218486e-21,"GRINA",0.0973236172334497,4.53736114533598,2.84812558180529e-06
"chr19-44747174-44748883","MA0863.1","MTF1",0.635207015589901,0.0081634442462901,"APOC1",-0.0977264886643443,-3.90232815538085,4.76359369961292e-05
"chr19-44747174-44748883","MA1564.1","SP9",0.635207015589901,0.0081634442462901,"APOC1",-0.0977264886643443,-3.90232815538085,4.76359369961292e-05
"chr19-44747174-44748883","MA1130.1","FOSL2::JUN",0.635207015589901,0.0081634442462901,"APOC1",-0.0977264886643443,-3.90232815538085,4.76359369961292e-05
"chr19-44747174-44748883","MA1976.1","ZNF320",0.635207015589901,0.0081634442462901,"APOC1",-0.0977264886643443,-3.90232815538085,4.76359369961292e-05
"chr19-44747174-44748883","MA1959.1","KLF7",0.635207015589901,0.0081634442462901,"APOC1",-0.0977264886643443,-3.90232815538085,4.76359369961292e-05
"chr19-44747174-44748883","MA1512.1","KLF11",0.635207015589901,0.0081634442462901,"APOC1",-0.0977264886643443,-3.90232815538085,4.76359369961292e-05
"chr19-44747174-44748883","MA1966.1","TFAP4::ETV1",0.635207015589901,0.0081634442462901,"APOC1",-0.0977264886643443,-3.90232815538085,4.76359369961292e-05
"chr19-44747174-44748883","MA1652.1","ZKSCAN5",0.635207015589901,0.0081634442462901,"APOC1",-0.0977264886643443,-3.90232815538085,4.76359369961292e-05
"chr19-44747174-44748883","MA1513.1","KLF15",0.635207015589901,0.0081634442462901,"APOC1",-0.0977264886643443,-3.90232815538085,4.76359369961292e-05
"chr19-44747174-44748883","MA1634.1","BATF",0.635207015589901,0.0081634442462901,"APOC1",-0.0977264886643443,-3.90232815538085,4.76359369961292e-05
"chr19-44747174-44748883","MA0141.3","ESRRB",0.635207015589901,0.0081634442462901,"APOC1",-0.0977264886643443,-3.90232815538085,4.76359369961292e-05
"chr19-44747174-44748883","MA1653.1","ZNF148",0.635207015589901,0.0081634442462901,"APOC1",-0.0977264886643443,-3.90232815538085,4.76359369961292e-05
"chr19-44747174-44748883","MA1533.1","NR1I2",0.635207015589901,0.0081634442462901,"APOC1",-0.0977264886643443,-3.90232815538085,4.76359369961292e-05
"chr19-44747174-44748883","MA0685.2","SP4",0.635207015589901,0.0081634442462901,"APOC1",-0.0977264886643443,-3.90232815538085,4.76359369961292e-05
"chr19-44747174-44748883","MA1715.1","ZNF707",0.635207015589901,0.0081634442462901,"APOC1",-0.0977264886643443,-3.90232815538085,4.76359369961292e-05
"chr19-44747174-44748883","MA0825.1","MNT",0.635207015589901,0.0081634442462901,"APOC1",-0.0977264886643443,-3.90232815538085,4.76359369961292e-05
"chr19-44747174-44748883","MA0516.3","SP2",0.635207015589901,0.0081634442462901,"APOC1",-0.0977264886643443,-3.90232815538085,4.76359369961292e-05
"chr19-44747174-44748883","MA1134.1","FOS::JUNB",0.635207015589901,0.0081634442462901,"APOC1",-0.0977264886643443,-3.90232815538085,4.76359369961292e-05
"chr19-44747174-44748883","MA0731.1","BCL6B",0.635207015589901,0.0081634442462901,"APOC1",-0.0977264886643443,-3.90232815538085,4.76359369961292e-05
"chr19-44747174-44748883","MA0497.1","MEF2C",0.635207015589901,0.0081634442462901,"APOC1",-0.0977264886643443,-3.90232815538085,4.76359369961292e-05
"chr19-44747174-44748883","MA0130.1","ZNF354C",0.635207015589901,0.0081634442462901,"APOC1",-0.0977264886643443,-3.90232815538085,4.76359369961292e-05
"chr19-44747174-44748883","MA0105.4","NFKB1",0.635207015589901,0.0081634442462901,"APOC1",-0.0977264886643443,-3.90232815538085,4.76359369961292e-05
"chr19-44747174-44748883","MA0493.2","KLF1",0.635207015589901,0.0081634442462901,"APOC1",-0.0977264886643443,-3.90232815538085,4.76359369961292e-05
"chr19-44747174-44748883","MA0258.2","ESR2",0.635207015589901,0.0081634442462901,"APOC1",-0.0977264886643443,-3.90232815538085,4.76359369961292e-05
"chr19-44747174-44748883","MA1656.1","ZNF449",0.635207015589901,0.0081634442462901,"APOC1",-0.0977264886643443,-3.90232815538085,4.76359369961292e-05
"chr19-44747174-44748883","MA0747.1","SP8",0.635207015589901,0.0081634442462901,"APOC1",-0.0977264886643443,-3.90232815538085,4.76359369961292e-05
"chr19-44747174-44748883","MA0815.1","TFAP2C",0.635207015589901,0.0081634442462901,"APOC1",-0.0977264886643443,-3.90232815538085,4.76359369961292e-05
"chr19-44747174-44748883","MA0504.1","NR2C2",0.635207015589901,0.0081634442462901,"APOC1",-0.0977264886643443,-3.90232815538085,4.76359369961292e-05
"chr19-44747174-44748883","MA1713.1","ZNF610",0.635207015589901,0.0081634442462901,"APOC1",-0.0977264886643443,-3.90232815538085,4.76359369961292e-05
"chr19-44747174-44748883","MA1107.2","KLF9",0.635207015589901,0.0081634442462901,"APOC1",-0.0977264886643443,-3.90232815538085,4.76359369961292e-05
"chr19-44747174-44748883","MA0691.1","TFAP4",0.635207015589901,0.0081634442462901,"APOC1",-0.0977264886643443,-3.90232815538085,4.76359369961292e-05
"chr19-44747174-44748883","MA1934.1","ERF::FIGLA",0.635207015589901,0.0081634442462901,"APOC1",-0.0977264886643443,-3.90232815538085,4.76359369961292e-05
"chr19-44747174-44748883","MA0462.2","BATF::JUN",0.635207015589901,0.0081634442462901,"APOC1",-0.0977264886643443,-3.90232815538085,4.76359369961292e-05
"chr19-44747174-44748883","MA1114.1","PBX3",0.635207015589901,0.0081634442462901,"APOC1",-0.0977264886643443,-3.90232815538085,4.76359369961292e-05
"chr19-44747174-44748883","MA1138.1","FOSL2::JUNB",0.635207015589901,0.0081634442462901,"APOC1",-0.0977264886643443,-3.90232815538085,4.76359369961292e-05
"chr19-44747174-44748883","MA0463.2","BCL6",0.635207015589901,0.0081634442462901,"APOC1",-0.0977264886643443,-3.90232815538085,4.76359369961292e-05
"chr19-44747174-44748883","MA1149.1","RARA::RXRG",0.635207015589901,0.0081634442462901,"APOC1",-0.0977264886643443,-3.90232815538085,4.76359369961292e-05
"chr19-44747174-44748883","MA1730.1","ZNF708",0.635207015589901,0.0081634442462901,"APOC1",-0.0977264886643443,-3.90232815538085,4.76359369961292e-05
"chr19-44747174-44748883","MA0079.5","SP1",0.635207015589901,0.0081634442462901,"APOC1",-0.0977264886643443,-3.90232815538085,4.76359369961292e-05
"chr19-44747174-44748883","MA1723.1","PRDM9",0.635207015589901,0.0081634442462901,"APOC1",-0.0977264886643443,-3.90232815538085,4.76359369961292e-05
"chr19-44747174-44748883","MA0099.3","FOS::JUN",0.635207015589901,0.0081634442462901,"APOC1",-0.0977264886643443,-3.90232815538085,4.76359369961292e-05
"chr19-44747174-44748883","MA1630.2","ZNF281",0.635207015589901,0.0081634442462901,"APOC1",-0.0977264886643443,-3.90232815538085,4.76359369961292e-05
"chr19-44747174-44748883","MA0059.1","MAX::MYC",0.635207015589901,0.0081634442462901,"APOC1",-0.0977264886643443,-3.90232815538085,4.76359369961292e-05
"chr19-44747174-44748883","MA0841.1","NFE2",0.635207015589901,0.0081634442462901,"APOC1",-0.0977264886643443,-3.90232815538085,4.76359369961292e-05
"chr19-44747174-44748883","MA0101.1","REL",0.635207015589901,0.0081634442462901,"APOC1",-0.0977264886643443,-3.90232815538085,4.76359369961292e-05
"chr19-44747174-44748883","MA1532.2","NR1D2",0.635207015589901,0.0081634442462901,"APOC1",-0.0977264886643443,-3.90232815538085,4.76359369961292e-05
"chr19-44747174-44748883","MA1725.1","ZNF189",0.635207015589901,0.0081634442462901,"APOC1",-0.0977264886643443,-3.90232815538085,4.76359369961292e-05
"chr19-44747174-44748883","MA0073.1","RREB1",0.635207015589901,0.0081634442462901,"APOC1",-0.0977264886643443,-3.90232815538085,4.76359369961292e-05
"chr19-44747174-44748883","MA0597.2","THAP1",0.635207015589901,0.0081634442462901,"APOC1",-0.0977264886643443,-3.90232815538085,4.76359369961292e-05
"chr19-44747174-44748883","MA0496.3","MAFK",0.635207015589901,0.0081634442462901,"APOC1",-0.0977264886643443,-3.90232815538085,4.76359369961292e-05
"chr19-44747174-44748883","MA1981.1","ZNF530",0.635207015589901,0.0081634442462901,"APOC1",-0.0977264886643443,-3.90232815538085,4.76359369961292e-05
"chr19-44747174-44748883","MA0081.2","SPIB",0.635207015589901,0.0081634442462901,"APOC1",-0.0977264886643443,-3.90232815538085,4.76359369961292e-05
"chr19-44747174-44748883","MA0742.2","KLF12",0.635207015589901,0.0081634442462901,"APOC1",-0.0977264886643443,-3.90232815538085,4.76359369961292e-05
"chr19-44747174-44748883","MA0813.1","TFAP2B",0.635207015589901,0.0081634442462901,"APOC1",-0.0977264886643443,-3.90232815538085,4.76359369961292e-05
"chr19-44747174-44748883","MA0782.2","PKNOX1",0.635207015589901,0.0081634442462901,"APOC1",-0.0977264886643443,-3.90232815538085,4.76359369961292e-05
"chr19-44747174-44748883","MA0114.4","HNF4A",0.635207015589901,0.0081634442462901,"APOC1",-0.0977264886643443,-3.90232815538085,4.76359369961292e-05
"chr19-44747174-44748883","MA0471.2","E2F6",0.635207015589901,0.0081634442462901,"APOC1",-0.0977264886643443,-3.90232815538085,4.76359369961292e-05
"chr19-44747174-44748883","MA0528.2","ZNF263",0.635207015589901,0.0081634442462901,"APOC1",-0.0977264886643443,-3.90232815538085,4.76359369961292e-05
"chr19-44747174-44748883","MA0162.4","EGR1",0.635207015589901,0.0081634442462901,"APOC1",-0.0977264886643443,-3.90232815538085,4.76359369961292e-05
"chr19-44747174-44748883","MA0484.2","HNF4G",0.635207015589901,0.0081634442462901,"APOC1",-0.0977264886643443,-3.90232815538085,4.76359369961292e-05
"chr19-44747174-44748883","MA0655.1","JDP2",0.635207015589901,0.0081634442462901,"APOC1",-0.0977264886643443,-3.90232815538085,4.76359369961292e-05
"chr19-44747174-44748883","MA1141.1","FOS::JUND",0.635207015589901,0.0081634442462901,"APOC1",-0.0977264886643443,-3.90232815538085,4.76359369961292e-05
"chr19-44747174-44748883","MA0592.3","ESRRA",0.635207015589901,0.0081634442462901,"APOC1",-0.0977264886643443,-3.90232815538085,4.76359369961292e-05
"chr19-44747174-44748883","MA1111.1","NR2F2",0.635207015589901,0.0081634442462901,"APOC1",-0.0977264886643443,-3.90232815538085,4.76359369961292e-05
"chr19-44747174-44748883","MA0906.1","HOXC12",0.635207015589901,0.0081634442462901,"APOC1",-0.0977264886643443,-3.90232815538085,4.76359369961292e-05
"chr19-44747174-44748883","MA0657.1","KLF13",0.635207015589901,0.0081634442462901,"APOC1",-0.0977264886643443,-3.90232815538085,4.76359369961292e-05
"chr19-44747174-44748883","MA0476.1","FOS",0.635207015589901,0.0081634442462901,"APOC1",-0.0977264886643443,-3.90232815538085,4.76359369961292e-05
"chr19-44747174-44748883","MA0154.4","EBF1",0.635207015589901,0.0081634442462901,"APOC1",-0.0977264886643443,-3.90232815538085,4.76359369961292e-05
"chr19-44747174-44748883","MA0039.4","KLF4",0.635207015589901,0.0081634442462901,"APOC1",-0.0977264886643443,-3.90232815538085,4.76359369961292e-05
"chr19-44747174-44748883","MA1961.1","PATZ1",0.635207015589901,0.0081634442462901,"APOC1",-0.0977264886643443,-3.90232815538085,4.76359369961292e-05
"chr19-44747174-44748883","MA1565.1","TBX18",0.635207015589901,0.0081634442462901,"APOC1",-0.0977264886643443,-3.90232815538085,4.76359369961292e-05
"chr19-44747174-44748883","MA0873.1","HOXD12",0.635207015589901,0.0081634442462901,"APOC1",-0.0977264886643443,-3.90232815538085,4.76359369961292e-05
"chr19-44747174-44748883","MA1101.2","BACH2",0.635207015589901,0.0081634442462901,"APOC1",-0.0977264886643443,-3.90232815538085,4.76359369961292e-05
"chr19-44747174-44748883","MA1511.2","KLF10",0.635207015589901,0.0081634442462901,"APOC1",-0.0977264886643443,-3.90232815538085,4.76359369961292e-05
"chr19-44747174-44748883","MA0478.1","FOSL2",0.635207015589901,0.0081634442462901,"APOC1",-0.0977264886643443,-3.90232815538085,4.76359369961292e-05
"chr19-44747174-44748883","MA1971.1","ZBED2",0.635207015589901,0.0081634442462901,"APOC1",-0.0977264886643443,-3.90232815538085,4.76359369961292e-05
"chr19-44747174-44748883","MA1516.1","KLF3",0.635207015589901,0.0081634442462901,"APOC1",-0.0977264886643443,-3.90232815538085,4.76359369961292e-05
"chr19-44747174-44748883","MA0596.1","SREBF2",0.635207015589901,0.0081634442462901,"APOC1",-0.0977264886643443,-3.90232815538085,4.76359369961292e-05
"chr19-44747174-44748883","MA1643.1","NFIB",0.635207015589901,0.0081634442462901,"APOC1",-0.0977264886643443,-3.90232815538085,4.76359369961292e-05
"chr19-44747174-44748883","MA1719.1","ZNF816",0.635207015589901,0.0081634442462901,"APOC1",-0.0977264886643443,-3.90232815538085,4.76359369961292e-05
"chr19-44747174-44748883","MA0155.1","INSM1",0.635207015589901,0.0081634442462901,"APOC1",-0.0977264886643443,-3.90232815538085,4.76359369961292e-05
"chr19-44747174-44748883","MA1531.1","NR1D1",0.635207015589901,0.0081634442462901,"APOC1",-0.0977264886643443,-3.90232815538085,4.76359369961292e-05
"chr19-44747174-44748883","MA1645.1","NKX2-2",0.635207015589901,0.0081634442462901,"APOC1",-0.0977264886643443,-3.90232815538085,4.76359369961292e-05
"chr19-44747174-44748883","MA1548.1","PLAGL2",0.635207015589901,0.0081634442462901,"APOC1",-0.0977264886643443,-3.90232815538085,4.76359369961292e-05
"chr19-44747174-44748883","MA1514.1","KLF17",0.635207015589901,0.0081634442462901,"APOC1",-0.0977264886643443,-3.90232815538085,4.76359369961292e-05
"chr19-44747174-44748883","MA1142.1","FOSL1::JUND",0.635207015589901,0.0081634442462901,"APOC1",-0.0977264886643443,-3.90232815538085,4.76359369961292e-05
"chr19-44747174-44748883","MA1137.1","FOSL1::JUNB",0.635207015589901,0.0081634442462901,"APOC1",-0.0977264886643443,-3.90232815538085,4.76359369961292e-05
"chr19-44747174-44748883","MA1965.1","SP5",0.635207015589901,0.0081634442462901,"APOC1",-0.0977264886643443,-3.90232815538085,4.76359369961292e-05
"chr19-44747174-44748883","MA1102.2","CTCFL",0.635207015589901,0.0081634442462901,"APOC1",-0.0977264886643443,-3.90232815538085,4.76359369961292e-05
"chr19-44747174-44748883","MA0491.2","JUND",0.635207015589901,0.0081634442462901,"APOC1",-0.0977264886643443,-3.90232815538085,4.76359369961292e-05
"chr19-44747174-44748883","MA1721.1","ZNF93",0.635207015589901,0.0081634442462901,"APOC1",-0.0977264886643443,-3.90232815538085,4.76359369961292e-05
"chr19-44747174-44748883","MA0812.1","TFAP2B",0.635207015589901,0.0081634442462901,"APOC1",-0.0977264886643443,-3.90232815538085,4.76359369961292e-05
"chr19-44747174-44748883","MA0594.2","HOXA9",0.635207015589901,0.0081634442462901,"APOC1",-0.0977264886643443,-3.90232815538085,4.76359369961292e-05
"chr19-44747174-44748883","MA1599.1","ZNF682",0.635207015589901,0.0081634442462901,"APOC1",-0.0977264886643443,-3.90232815538085,4.76359369961292e-05
"chr19-44747174-44748883","MA1515.1","KLF2",0.635207015589901,0.0081634442462901,"APOC1",-0.0977264886643443,-3.90232815538085,4.76359369961292e-05
"chr19-44747174-44748883","MA1928.1","BNC2",0.635207015589901,0.0081634442462901,"APOC1",-0.0977264886643443,-3.90232815538085,4.76359369961292e-05
"chr19-44747174-44748883","MA1135.1","FOSB::JUNB",0.635207015589901,0.0081634442462901,"APOC1",-0.0977264886643443,-3.90232815538085,4.76359369961292e-05
"chr19-44747174-44748883","MA0149.1","EWSR1-FLI1",0.635207015589901,0.0081634442462901,"APOC1",-0.0977264886643443,-3.90232815538085,4.76359369961292e-05
"chr19-44747174-44748883","MA0651.2","HOXC11",0.635207015589901,0.0081634442462901,"APOC1",-0.0977264886643443,-3.90232815538085,4.76359369961292e-05
"chr19-44747174-44748883","MA0753.2","ZNF740",0.635207015589901,0.0081634442462901,"APOC1",-0.0977264886643443,-3.90232815538085,4.76359369961292e-05
"chr19-44747174-44748883","MA1930.1","CTCF",0.635207015589901,0.0081634442462901,"APOC1",-0.0977264886643443,-3.90232815538085,4.76359369961292e-05
"chr19-44747174-44748883","MA1929.1","CTCF",0.635207015589901,0.0081634442462901,"APOC1",-0.0977264886643443,-3.90232815538085,4.76359369961292e-05
"chr19-44747174-44748883","MA1637.1","EBF3",0.635207015589901,0.0081634442462901,"APOC1",-0.0977264886643443,-3.90232815538085,4.76359369961292e-05
"chr19-44747174-44748883","MA1589.1","ZNF140",0.635207015589901,0.0081634442462901,"APOC1",-0.0977264886643443,-3.90232815538085,4.76359369961292e-05
"chr19-44747174-44748883","MA0508.3","PRDM1",0.635207015589901,0.0081634442462901,"APOC1",-0.0977264886643443,-3.90232815538085,4.76359369961292e-05
"chr19-44747174-44748883","MA1728.1","ZNF549",0.635207015589901,0.0081634442462901,"APOC1",-0.0977264886643443,-3.90232815538085,4.76359369961292e-05
"chr19-44747174-44748883","MA1154.1","ZNF282",0.635207015589901,0.0081634442462901,"APOC1",-0.0977264886643443,-3.90232815538085,4.76359369961292e-05
"chr19-44747174-44748883","MA0107.1","RELA",0.635207015589901,0.0081634442462901,"APOC1",-0.0977264886643443,-3.90232815538085,4.76359369961292e-05
"chr19-44747174-44748883","MA0907.1","HOXC13",0.635207015589901,0.0081634442462901,"APOC1",-0.0977264886643443,-3.90232815538085,4.76359369961292e-05
"chr19-44747174-44748883","MA0741.1","KLF16",0.635207015589901,0.0081634442462901,"APOC1",-0.0977264886643443,-3.90232815538085,4.76359369961292e-05
"chr19-44747174-44748883","MA0746.2","SP3",0.635207015589901,0.0081634442462901,"APOC1",-0.0977264886643443,-3.90232815538085,4.76359369961292e-05
"chr19-44747174-44748883","MA1972.1","ZFP14",0.635207015589901,0.0081634442462901,"APOC1",-0.0977264886643443,-3.90232815538085,4.76359369961292e-05
"chr19-44747174-44748883","MA0442.2","SOX10",0.635207015589901,0.0081634442462901,"APOC1",-0.0977264886643443,-3.90232815538085,4.76359369961292e-05
"chr19-44747174-44748883","MA0490.2","JUNB",0.635207015589901,0.0081634442462901,"APOC1",-0.0977264886643443,-3.90232815538085,4.76359369961292e-05
"chr19-44747174-44748883","MA0740.2","KLF14",0.635207015589901,0.0081634442462901,"APOC1",-0.0977264886643443,-3.90232815538085,4.76359369961292e-05
"chr19-44747174-44748883","MA0147.3","MYC",0.635207015589901,0.0081634442462901,"APOC1",-0.0977264886643443,-3.90232815538085,4.76359369961292e-05
"chr19-44747174-44748883","MA0872.1","TFAP2A",0.635207015589901,0.0081634442462901,"APOC1",-0.0977264886643443,-3.90232815538085,4.76359369961292e-05
"chr19-44747174-44748883","MA1099.2","HES1",0.635207015589901,0.0081634442462901,"APOC1",-0.0977264886643443,-3.90232815538085,4.76359369961292e-05
"chr19-44747174-44748883","MA1522.1","MAZ",0.635207015589901,0.0081634442462901,"APOC1",-0.0977264886643443,-3.90232815538085,4.76359369961292e-05
"chr19-44747174-44748883","MA1633.2","BACH1",0.635207015589901,0.0081634442462901,"APOC1",-0.0977264886643443,-3.90232815538085,4.76359369961292e-05
"chr19-44747174-44748883","MA1128.1","FOSL1::JUN",0.635207015589901,0.0081634442462901,"APOC1",-0.0977264886643443,-3.90232815538085,4.76359369961292e-05
"chr19-44747174-44748883","MA0599.1","KLF5",0.635207015589901,0.0081634442462901,"APOC1",-0.0977264886643443,-3.90232815538085,4.76359369961292e-05
"chr19-44747174-44748883","MA1574.1","THRB",0.635207015589901,0.0081634442462901,"APOC1",-0.0977264886643443,-3.90232815538085,4.76359369961292e-05
"chr19-44747174-44748883","MA1987.1","ZNF701",0.635207015589901,0.0081634442462901,"APOC1",-0.0977264886643443,-3.90232815538085,4.76359369961292e-05
"chr19-44747174-44748883","MA0163.1","PLAG1",0.635207015589901,0.0081634442462901,"APOC1",-0.0977264886643443,-3.90232815538085,4.76359369961292e-05
"chr19-44747174-44748883","MA1731.1","ZNF768",0.635207015589901,0.0081634442462901,"APOC1",-0.0977264886643443,-3.90232815538085,4.76359369961292e-05
"chr19-44747174-44748883","MA1569.1","TFAP2E",0.635207015589901,0.0081634442462901,"APOC1",-0.0977264886643443,-3.90232815538085,4.76359369961292e-05
"chr19-44747174-44748883","MA0778.1","NFKB2",0.635207015589901,0.0081634442462901,"APOC1",-0.0977264886643443,-3.90232815538085,4.76359369961292e-05
"chr19-44747174-44748883","MA1712.1","ZNF454",0.635207015589901,0.0081634442462901,"APOC1",-0.0977264886643443,-3.90232815538085,4.76359369961292e-05
"chr19-44747174-44748883","MA0595.1","SREBF1",0.635207015589901,0.0081634442462901,"APOC1",-0.0977264886643443,-3.90232815538085,4.76359369961292e-05
"chr19-44747174-44748883","MA1710.1","ZNF257",0.635207015589901,0.0081634442462901,"APOC1",-0.0977264886643443,-3.90232815538085,4.76359369961292e-05
"chr19-44747174-44748883","MA0810.1","TFAP2A",0.635207015589901,0.0081634442462901,"APOC1",-0.0977264886643443,-3.90232815538085,4.76359369961292e-05
"chr19-44747174-44748883","MA1596.1","ZNF460",0.635207015589901,0.0081634442462901,"APOC1",-0.0977264886643443,-3.90232815538085,4.76359369961292e-05
"chr19-44747174-44748883","MA0003.4","TFAP2A",0.635207015589901,0.0081634442462901,"APOC1",-0.0977264886643443,-3.90232815538085,4.76359369961292e-05
"chr19-44747174-44748883","MA0835.2","BATF3",0.635207015589901,0.0081634442462901,"APOC1",-0.0977264886643443,-3.90232815538085,4.76359369961292e-05
"chr19-44747174-44748883","MA0477.2","FOSL1",0.635207015589901,0.0081634442462901,"APOC1",-0.0977264886643443,-3.90232815538085,4.76359369961292e-05
"chr19-44747174-44748883","MA1144.1","FOSL2::JUND",0.635207015589901,0.0081634442462901,"APOC1",-0.0977264886643443,-3.90232815538085,4.76359369961292e-05
"chr19-44747174-44748883","MA0161.2","NFIC",0.635207015589901,0.0081634442462901,"APOC1",-0.0977264886643443,-3.90232815538085,4.76359369961292e-05
"chr19-13172204-13172815","MA1528.1","NFIX",1.38819283501945,0.0136836937665865,"CACNA1A",0.078713490631706,3.4968337061434,0.000235407611714773
"chr19-13172204-13172815","MA1715.1","ZNF707",1.38819283501945,0.0136836937665865,"CACNA1A",0.078713490631706,3.4968337061434,0.000235407611714773
"chr19-13172204-13172815","MA1134.1","FOS::JUNB",1.38819283501945,0.0136836937665865,"CACNA1A",0.078713490631706,3.4968337061434,0.000235407611714773
"chr19-13172204-13172815","MA1576.1","THRB",1.38819283501945,0.0136836937665865,"CACNA1A",0.078713490631706,3.4968337061434,0.000235407611714773
"chr19-13172204-13172815","MA1155.1","ZSCAN4",1.38819283501945,0.0136836937665865,"CACNA1A",0.078713490631706,3.4968337061434,0.000235407611714773
"chr19-13172204-13172815","MA1107.2","KLF9",1.38819283501945,0.0136836937665865,"CACNA1A",0.078713490631706,3.4968337061434,0.000235407611714773
"chr19-13172204-13172815","MA1928.1","BNC2",1.38819283501945,0.0136836937665865,"CACNA1A",0.078713490631706,3.4968337061434,0.000235407611714773
"chr19-13172204-13172815","MA1966.1","TFAP4::ETV1",1.38819283501945,0.0136836937665865,"CACNA1A",0.078713490631706,3.4968337061434,0.000235407611714773
"chr19-13172204-13172815","MA0640.2","ELF3",1.38819283501945,0.0136836937665865,"CACNA1A",0.078713490631706,3.4968337061434,0.000235407611714773
"chr19-13172204-13172815","MA0748.2","YY2",1.38819283501945,0.0136836937665865,"CACNA1A",0.078713490631706,3.4968337061434,0.000235407611714773
"chr19-13172204-13172815","MA0036.3","GATA2",1.38819283501945,0.0136836937665865,"CACNA1A",0.078713490631706,3.4968337061434,0.000235407611714773
"chr19-13172204-13172815","MA1541.1","NR6A1",1.38819283501945,0.0136836937665865,"CACNA1A",0.078713490631706,3.4968337061434,0.000235407611714773
"chr19-13172204-13172815","MA1512.1","KLF11",1.38819283501945,0.0136836937665865,"CACNA1A",0.078713490631706,3.4968337061434,0.000235407611714773
"chr19-13172204-13172815","MA0761.2","ETV1",1.38819283501945,0.0136836937665865,"CACNA1A",0.078713490631706,3.4968337061434,0.000235407611714773
"chr19-13172204-13172815","MA1581.1","ZBTB6",1.38819283501945,0.0136836937665865,"CACNA1A",0.078713490631706,3.4968337061434,0.000235407611714773
"chr19-13172204-13172815","MA1108.2","MXI1",1.38819283501945,0.0136836937665865,"CACNA1A",0.078713490631706,3.4968337061434,0.000235407611714773
"chr19-13172204-13172815","MA1491.2","GLI3",1.38819283501945,0.0136836937665865,"CACNA1A",0.078713490631706,3.4968337061434,0.000235407611714773
"chr19-13172204-13172815","MA1138.1","FOSL2::JUNB",1.38819283501945,0.0136836937665865,"CACNA1A",0.078713490631706,3.4968337061434,0.000235407611714773
"chr19-13172204-13172815","MA1588.1","ZNF136",1.38819283501945,0.0136836937665865,"CACNA1A",0.078713490631706,3.4968337061434,0.000235407611714773
"chr19-13172204-13172815","MA1483.2","ELF2",1.38819283501945,0.0136836937665865,"CACNA1A",0.078713490631706,3.4968337061434,0.000235407611714773
"chr19-13172204-13172815","MA0072.1","RORA",1.38819283501945,0.0136836937665865,"CACNA1A",0.078713490631706,3.4968337061434,0.000235407611714773
"chr19-13172204-13172815","MA0504.1","NR2C2",1.38819283501945,0.0136836937665865,"CACNA1A",0.078713490631706,3.4968337061434,0.000235407611714773
"chr19-13172204-13172815","MA1719.1","ZNF816",1.38819283501945,0.0136836937665865,"CACNA1A",0.078713490631706,3.4968337061434,0.000235407611714773
"chr19-13172204-13172815","MA1555.1","RXRB",1.38819283501945,0.0136836937665865,"CACNA1A",0.078713490631706,3.4968337061434,0.000235407611714773
"chr19-13172204-13172815","MA1142.1","FOSL1::JUND",1.38819283501945,0.0136836937665865,"CACNA1A",0.078713490631706,3.4968337061434,0.000235407611714773
"chr19-13172204-13172815","MA1952.1","FOXJ2::ELF1",1.38819283501945,0.0136836937665865,"CACNA1A",0.078713490631706,3.4968337061434,0.000235407611714773
"chr19-13172204-13172815","MA0482.2","GATA4",1.38819283501945,0.0136836937665865,"CACNA1A",0.078713490631706,3.4968337061434,0.000235407611714773
"chr19-13172204-13172815","MA1634.1","BATF",1.38819283501945,0.0136836937665865,"CACNA1A",0.078713490631706,3.4968337061434,0.000235407611714773
"chr19-13172204-13172815","MA1974.1","ZNF211",1.38819283501945,0.0136836937665865,"CACNA1A",0.078713490631706,3.4968337061434,0.000235407611714773
"chr19-13172204-13172815","MA0672.1","NKX2-3",1.38819283501945,0.0136836937665865,"CACNA1A",0.078713490631706,3.4968337061434,0.000235407611714773
"chr19-13172204-13172815","MA1125.1","ZNF384",1.38819283501945,0.0136836937665865,"CACNA1A",0.078713490631706,3.4968337061434,0.000235407611714773
"chr19-13172204-13172815","MA1111.1","NR2F2",1.38819283501945,0.0136836937665865,"CACNA1A",0.078713490631706,3.4968337061434,0.000235407611714773
"chr19-13172204-13172815","MA0740.2","KLF14",1.38819283501945,0.0136836937665865,"CACNA1A",0.078713490631706,3.4968337061434,0.000235407611714773
"chr19-13172204-13172815","MA2003.1","NKX2-4",1.38819283501945,0.0136836937665865,"CACNA1A",0.078713490631706,3.4968337061434,0.000235407611714773
"chr19-13172204-13172815","MA0747.1","SP8",1.38819283501945,0.0136836937665865,"CACNA1A",0.078713490631706,3.4968337061434,0.000235407611714773
"chr19-13172204-13172815","MA0062.3","GABPA",1.38819283501945,0.0136836937665865,"CACNA1A",0.078713490631706,3.4968337061434,0.000235407611714773
"chr19-13172204-13172815","MA0814.2","TFAP2C",1.38819283501945,0.0136836937665865,"CACNA1A",0.078713490631706,3.4968337061434,0.000235407611714773
"chr19-13172204-13172815","MA1150.1","RORB",1.38819283501945,0.0136836937665865,"CACNA1A",0.078713490631706,3.4968337061434,0.000235407611714773
"chr19-13172204-13172815","MA0462.2","BATF::JUN",1.38819283501945,0.0136836937665865,"CACNA1A",0.078713490631706,3.4968337061434,0.000235407611714773
"chr19-13172204-13172815","MA1564.1","SP9",1.38819283501945,0.0136836937665865,"CACNA1A",0.078713490631706,3.4968337061434,0.000235407611714773
"chr19-13172204-13172815","MA0119.1","NFIC::TLX1",1.38819283501945,0.0136836937665865,"CACNA1A",0.078713490631706,3.4968337061434,0.000235407611714773
"chr19-13172204-13172815","MA1731.1","ZNF768",1.38819283501945,0.0136836937665865,"CACNA1A",0.078713490631706,3.4968337061434,0.000235407611714773
"chr19-13172204-13172815","MA1128.1","FOSL1::JUN",1.38819283501945,0.0136836937665865,"CACNA1A",0.078713490631706,3.4968337061434,0.000235407611714773
"chr19-13172204-13172815","MA1959.1","KLF7",1.38819283501945,0.0136836937665865,"CACNA1A",0.078713490631706,3.4968337061434,0.000235407611714773
"chr19-13172204-13172815","MA0493.2","KLF1",1.38819283501945,0.0136836937665865,"CACNA1A",0.078713490631706,3.4968337061434,0.000235407611714773
"chr19-13172204-13172815","MA1553.1","RARG",1.38819283501945,0.0136836937665865,"CACNA1A",0.078713490631706,3.4968337061434,0.000235407611714773
"chr19-13172204-13172815","MA0742.2","KLF12",1.38819283501945,0.0136836937665865,"CACNA1A",0.078713490631706,3.4968337061434,0.000235407611714773
"chr19-13172204-13172815","MA0115.1","NR1H2::RXRA",1.38819283501945,0.0136836937665865,"CACNA1A",0.078713490631706,3.4968337061434,0.000235407611714773
"chr19-13172204-13172815","MA0752.1","ZNF410",1.38819283501945,0.0136836937665865,"CACNA1A",0.078713490631706,3.4968337061434,0.000235407611714773
"chr19-13172204-13172815","MA1942.1","ETV2::FOXI1",1.38819283501945,0.0136836937665865,"CACNA1A",0.078713490631706,3.4968337061434,0.000235407611714773
"chr19-13172204-13172815","MA1969.1","THRA",1.38819283501945,0.0136836937665865,"CACNA1A",0.078713490631706,3.4968337061434,0.000235407611714773
"chr19-13172204-13172815","MA1527.1","NFIC",1.38819283501945,0.0136836937665865,"CACNA1A",0.078713490631706,3.4968337061434,0.000235407611714773
"chr19-13172204-13172815","MA1130.1","FOSL2::JUN",1.38819283501945,0.0136836937665865,"CACNA1A",0.078713490631706,3.4968337061434,0.000235407611714773
"chr19-13172204-13172815","MA1508.1","IKZF1",1.38819283501945,0.0136836937665865,"CACNA1A",0.078713490631706,3.4968337061434,0.000235407611714773
"chr19-13172204-13172815","MA0835.2","BATF3",1.38819283501945,0.0136836937665865,"CACNA1A",0.078713490631706,3.4968337061434,0.000235407611714773
"chr19-13172204-13172815","MA1976.1","ZNF320",1.38819283501945,0.0136836937665865,"CACNA1A",0.078713490631706,3.4968337061434,0.000235407611714773
"chr19-13172204-13172815","MA1941.1","ETV2::FIGLA",1.38819283501945,0.0136836937665865,"CACNA1A",0.078713490631706,3.4968337061434,0.000235407611714773
"chr19-13172204-13172815","MA1116.1","RBPJ",1.38819283501945,0.0136836937665865,"CACNA1A",0.078713490631706,3.4968337061434,0.000235407611714773
"chr19-13172204-13172815","MA1953.1","FOXO1::ELF1",1.38819283501945,0.0136836937665865,"CACNA1A",0.078713490631706,3.4968337061434,0.000235407611714773
"chr19-13172204-13172815","MA0099.3","FOS::JUN",1.38819283501945,0.0136836937665865,"CACNA1A",0.078713490631706,3.4968337061434,0.000235407611714773
"chr19-13172204-13172815","MA0490.2","JUNB",1.38819283501945,0.0136836937665865,"CACNA1A",0.078713490631706,3.4968337061434,0.000235407611714773
"chr19-13172204-13172815","MA0598.3","EHF",1.38819283501945,0.0136836937665865,"CACNA1A",0.078713490631706,3.4968337061434,0.000235407611714773
"chr19-13172204-13172815","MA1633.2","BACH1",1.38819283501945,0.0136836937665865,"CACNA1A",0.078713490631706,3.4968337061434,0.000235407611714773
"chr19-13172204-13172815","MA1118.1","SIX1",1.38819283501945,0.0136836937665865,"CACNA1A",0.078713490631706,3.4968337061434,0.000235407611714773
"chr19-13172204-13172815","MA1119.1","SIX2",1.38819283501945,0.0136836937665865,"CACNA1A",0.078713490631706,3.4968337061434,0.000235407611714773
"chr19-13172204-13172815","MA1151.1","RORC",1.38819283501945,0.0136836937665865,"CACNA1A",0.078713490631706,3.4968337061434,0.000235407611714773
"chr19-13172204-13172815","MA1656.1","ZNF449",1.38819283501945,0.0136836937665865,"CACNA1A",0.078713490631706,3.4968337061434,0.000235407611714773
"chr19-13172204-13172815","MA1556.1","RXRG",1.38819283501945,0.0136836937665865,"CACNA1A",0.078713490631706,3.4968337061434,0.000235407611714773
"chr19-13172204-13172815","MA1137.1","FOSL1::JUNB",1.38819283501945,0.0136836937665865,"CACNA1A",0.078713490631706,3.4968337061434,0.000235407611714773
"chr19-13172204-13172815","MA1538.1","NR2F1",1.38819283501945,0.0136836937665865,"CACNA1A",0.078713490631706,3.4968337061434,0.000235407611714773
"chr19-13172204-13172815","MA0684.2","RUNX3",1.38819283501945,0.0136836937665865,"CACNA1A",0.078713490631706,3.4968337061434,0.000235407611714773
"chr19-13172204-13172815","MA1711.1","ZNF343",1.38819283501945,0.0136836937665865,"CACNA1A",0.078713490631706,3.4968337061434,0.000235407611714773
"chr19-13172204-13172815","MA0081.2","SPIB",1.38819283501945,0.0136836937665865,"CACNA1A",0.078713490631706,3.4968337061434,0.000235407611714773
"chr19-13172204-13172815","MA0071.1","RORA",1.38819283501945,0.0136836937665865,"CACNA1A",0.078713490631706,3.4968337061434,0.000235407611714773
"chr19-13172204-13172815","MA1945.1","ETV5::FIGLA",1.38819283501945,0.0136836937665865,"CACNA1A",0.078713490631706,3.4968337061434,0.000235407611714773
"chr19-13172204-13172815","MA1723.1","PRDM9",1.38819283501945,0.0136836937665865,"CACNA1A",0.078713490631706,3.4968337061434,0.000235407611714773
"chr19-13172204-13172815","MA0741.1","KLF16",1.38819283501945,0.0136836937665865,"CACNA1A",0.078713490631706,3.4968337061434,0.000235407611714773
"chr19-13172204-13172815","MA1511.2","KLF10",1.38819283501945,0.0136836937665865,"CACNA1A",0.078713490631706,3.4968337061434,0.000235407611714773
"chr19-13172204-13172815","MA1135.1","FOSB::JUNB",1.38819283501945,0.0136836937665865,"CACNA1A",0.078713490631706,3.4968337061434,0.000235407611714773
"chr19-13172204-13172815","MA0478.1","FOSL2",1.38819283501945,0.0136836937665865,"CACNA1A",0.078713490631706,3.4968337061434,0.000235407611714773
"chr19-13172204-13172815","MA0130.1","ZNF354C",1.38819283501945,0.0136836937665865,"CACNA1A",0.078713490631706,3.4968337061434,0.000235407611714773
"chr19-13172204-13172815","MA1643.1","NFIB",1.38819283501945,0.0136836937665865,"CACNA1A",0.078713490631706,3.4968337061434,0.000235407611714773
"chr19-13172204-13172815","MA1112.2","NR4A1",1.38819283501945,0.0136836937665865,"CACNA1A",0.078713490631706,3.4968337061434,0.000235407611714773
"chr19-13172204-13172815","MA0477.2","FOSL1",1.38819283501945,0.0136836937665865,"CACNA1A",0.078713490631706,3.4968337061434,0.000235407611714773
"chr19-13172204-13172815","MA0149.1","EWSR1-FLI1",1.38819283501945,0.0136836937665865,"CACNA1A",0.078713490631706,3.4968337061434,0.000235407611714773
"chr19-13172204-13172815","MA1418.1","IRF3",1.38819283501945,0.0136836937665865,"CACNA1A",0.078713490631706,3.4968337061434,0.000235407611714773
"chr19-13172204-13172815","MA1141.1","FOS::JUND",1.38819283501945,0.0136836937665865,"CACNA1A",0.078713490631706,3.4968337061434,0.000235407611714773
"chr19-13172204-13172815","MA1935.1","ERF::FOXI1",1.38819283501945,0.0136836937665865,"CACNA1A",0.078713490631706,3.4968337061434,0.000235407611714773
"chr19-13172204-13172815","MA0160.2","NR4A2",1.38819283501945,0.0136836937665865,"CACNA1A",0.078713490631706,3.4968337061434,0.000235407611714773
"chr19-13172204-13172815","MA0746.2","SP3",1.38819283501945,0.0136836937665865,"CACNA1A",0.078713490631706,3.4968337061434,0.000235407611714773
"chr19-13172204-13172815","MA1712.1","ZNF454",1.38819283501945,0.0136836937665865,"CACNA1A",0.078713490631706,3.4968337061434,0.000235407611714773
"chr19-13172204-13172815","MA1514.1","KLF17",1.38819283501945,0.0136836937665865,"CACNA1A",0.078713490631706,3.4968337061434,0.000235407611714773
"chr19-13172204-13172815","MA0473.3","ELF1",1.38819283501945,0.0136836937665865,"CACNA1A",0.078713490631706,3.4968337061434,0.000235407611714773
"chr19-13172204-13172815","MA0476.1","FOS",1.38819283501945,0.0136836937665865,"CACNA1A",0.078713490631706,3.4968337061434,0.000235407611714773
"chr19-13172204-13172815","MA1144.1","FOSL2::JUND",1.38819283501945,0.0136836937665865,"CACNA1A",0.078713490631706,3.4968337061434,0.000235407611714773
"chr19-13172204-13172815","MA0491.2","JUND",1.38819283501945,0.0136836937665865,"CACNA1A",0.078713490631706,3.4968337061434,0.000235407611714773
"chr3-10010674-10011465","MA1966.1","TFAP4::ETV1",0.738666164262654,0.0156150684551188,"CAMK1",-0.0520254230442351,-2.69010178541859,0.00357151142783191
"chr3-10010674-10011465","MA0141.3","ESRRB",0.738666164262654,0.0156150684551188,"CAMK1",-0.0520254230442351,-2.69010178541859,0.00357151142783191
"chr3-10010674-10011465","MA0743.2","SCRT1",0.738666164262654,0.0156150684551188,"CAMK1",-0.0520254230442351,-2.69010178541859,0.00357151142783191
"chr3-10010674-10011465","MA1579.1","ZBTB26",0.738666164262654,0.0156150684551188,"CAMK1",-0.0520254230442351,-2.69010178541859,0.00357151142783191
"chr3-10010674-10011465","MA0079.5","SP1",0.738666164262654,0.0156150684551188,"CAMK1",-0.0520254230442351,-2.69010178541859,0.00357151142783191
"chr3-10010674-10011465","MA0685.2","SP4",0.738666164262654,0.0156150684551188,"CAMK1",-0.0520254230442351,-2.69010178541859,0.00357151142783191
"chr3-10010674-10011465","MA1723.1","PRDM9",0.738666164262654,0.0156150684551188,"CAMK1",-0.0520254230442351,-2.69010178541859,0.00357151142783191
"chr3-10010674-10011465","MA0163.1","PLAG1",0.738666164262654,0.0156150684551188,"CAMK1",-0.0520254230442351,-2.69010178541859,0.00357151142783191
"chr3-10010674-10011465","MA1947.1","ETV5::FOXO1",0.738666164262654,0.0156150684551188,"CAMK1",-0.0520254230442351,-2.69010178541859,0.00357151142783191
"chr3-10010674-10011465","MA1124.1","ZNF24",0.738666164262654,0.0156150684551188,"CAMK1",-0.0520254230442351,-2.69010178541859,0.00357151142783191
"chr3-10010674-10011465","MA1536.1","NR2C2",0.738666164262654,0.0156150684551188,"CAMK1",-0.0520254230442351,-2.69010178541859,0.00357151142783191
"chr3-10010674-10011465","MA0598.3","EHF",0.738666164262654,0.0156150684551188,"CAMK1",-0.0520254230442351,-2.69010178541859,0.00357151142783191
"chr3-10010674-10011465","MA0759.2","ELK3",0.738666164262654,0.0156150684551188,"CAMK1",-0.0520254230442351,-2.69010178541859,0.00357151142783191
"chr3-10010674-10011465","MA0873.1","HOXD12",0.738666164262654,0.0156150684551188,"CAMK1",-0.0520254230442351,-2.69010178541859,0.00357151142783191
"chr3-10010674-10011465","MA1715.1","ZNF707",0.738666164262654,0.0156150684551188,"CAMK1",-0.0520254230442351,-2.69010178541859,0.00357151142783191
"chr3-10010674-10011465","MA0764.3","ETV4",0.738666164262654,0.0156150684551188,"CAMK1",-0.0520254230442351,-2.69010178541859,0.00357151142783191
"chr3-10010674-10011465","MA1587.1","ZNF135",0.738666164262654,0.0156150684551188,"CAMK1",-0.0520254230442351,-2.69010178541859,0.00357151142783191
"chr3-10010674-10011465","MA1149.1","RARA::RXRG",0.738666164262654,0.0156150684551188,"CAMK1",-0.0520254230442351,-2.69010178541859,0.00357151142783191
"chr3-10010674-10011465","MA1515.1","KLF2",0.738666164262654,0.0156150684551188,"CAMK1",-0.0520254230442351,-2.69010178541859,0.00357151142783191
"chr3-10010674-10011465","MA1539.1","NR2F6",0.738666164262654,0.0156150684551188,"CAMK1",-0.0520254230442351,-2.69010178541859,0.00357151142783191
"chr3-10010674-10011465","MA0103.3","ZEB1",0.738666164262654,0.0156150684551188,"CAMK1",-0.0520254230442351,-2.69010178541859,0.00357151142783191
"chr3-10010674-10011465","MA0101.1","REL",0.738666164262654,0.0156150684551188,"CAMK1",-0.0520254230442351,-2.69010178541859,0.00357151142783191
"chr3-10010674-10011465","MA1713.1","ZNF610",0.738666164262654,0.0156150684551188,"CAMK1",-0.0520254230442351,-2.69010178541859,0.00357151142783191
"chr3-10010674-10011465","MA0039.4","KLF4",0.738666164262654,0.0156150684551188,"CAMK1",-0.0520254230442351,-2.69010178541859,0.00357151142783191
"chr3-10010674-10011465","MA0509.3","RFX1",0.738666164262654,0.0156150684551188,"CAMK1",-0.0520254230442351,-2.69010178541859,0.00357151142783191
"chr3-10010674-10011465","MA0829.2","SREBF1",0.738666164262654,0.0156150684551188,"CAMK1",-0.0520254230442351,-2.69010178541859,0.00357151142783191
"chr3-10010674-10011465","MA1522.1","MAZ",0.738666164262654,0.0156150684551188,"CAMK1",-0.0520254230442351,-2.69010178541859,0.00357151142783191
"chr3-10010674-10011465","MA1983.1","ZNF582",0.738666164262654,0.0156150684551188,"CAMK1",-0.0520254230442351,-2.69010178541859,0.00357151142783191
"chr3-10010674-10011465","MA0510.2","RFX5",0.738666164262654,0.0156150684551188,"CAMK1",-0.0520254230442351,-2.69010178541859,0.00357151142783191
"chr3-10010674-10011465","MA0867.2","SOX4",0.738666164262654,0.0156150684551188,"CAMK1",-0.0520254230442351,-2.69010178541859,0.00357151142783191
"chr3-10010674-10011465","MA0493.2","KLF1",0.738666164262654,0.0156150684551188,"CAMK1",-0.0520254230442351,-2.69010178541859,0.00357151142783191
"chr3-10010674-10011465","MA1950.1","FLI1::FOXI1",0.738666164262654,0.0156150684551188,"CAMK1",-0.0520254230442351,-2.69010178541859,0.00357151142783191
"chr3-10010674-10011465","MA0761.2","ETV1",0.738666164262654,0.0156150684551188,"CAMK1",-0.0520254230442351,-2.69010178541859,0.00357151142783191
"chr3-10010674-10011465","MA0914.1","ISL2",0.738666164262654,0.0156150684551188,"CAMK1",-0.0520254230442351,-2.69010178541859,0.00357151142783191
"chr3-10010674-10011465","MA1531.1","NR1D1",0.738666164262654,0.0156150684551188,"CAMK1",-0.0520254230442351,-2.69010178541859,0.00357151142783191
"chr3-10010674-10011465","MA0798.3","RFX3",0.738666164262654,0.0156150684551188,"CAMK1",-0.0520254230442351,-2.69010178541859,0.00357151142783191
"chr3-10010674-10011465","MA1954.1","FOXO1::ELK1",0.738666164262654,0.0156150684551188,"CAMK1",-0.0520254230442351,-2.69010178541859,0.00357151142783191
"chr3-10010674-10011465","MA0736.1","GLIS2",0.738666164262654,0.0156150684551188,"CAMK1",-0.0520254230442351,-2.69010178541859,0.00357151142783191
"chr3-10010674-10011465","MA1107.2","KLF9",0.738666164262654,0.0156150684551188,"CAMK1",-0.0520254230442351,-2.69010178541859,0.00357151142783191
"chr3-10010674-10011465","MA1491.2","GLI3",0.738666164262654,0.0156150684551188,"CAMK1",-0.0520254230442351,-2.69010178541859,0.00357151142783191
"chr3-10010674-10011465","MA1538.1","NR2F1",0.738666164262654,0.0156150684551188,"CAMK1",-0.0520254230442351,-2.69010178541859,0.00357151142783191
"chr3-10010674-10011465","MA1716.1","ZNF76",0.738666164262654,0.0156150684551188,"CAMK1",-0.0520254230442351,-2.69010178541859,0.00357151142783191
"chr3-10010674-10011465","MA0156.3","FEV",0.738666164262654,0.0156150684551188,"CAMK1",-0.0520254230442351,-2.69010178541859,0.00357151142783191
"chr3-10010674-10011465","MA1953.1","FOXO1::ELF1",0.738666164262654,0.0156150684551188,"CAMK1",-0.0520254230442351,-2.69010178541859,0.00357151142783191
"chr3-10010674-10011465","MA0872.1","TFAP2A",0.738666164262654,0.0156150684551188,"CAMK1",-0.0520254230442351,-2.69010178541859,0.00357151142783191
"chr3-10010674-10011465","MA0028.2","ELK1",0.738666164262654,0.0156150684551188,"CAMK1",-0.0520254230442351,-2.69010178541859,0.00357151142783191
"chr3-10010674-10011465","MA1535.1","NR2C1",0.738666164262654,0.0156150684551188,"CAMK1",-0.0520254230442351,-2.69010178541859,0.00357151142783191
"chr3-10010674-10011465","MA0741.1","KLF16",0.738666164262654,0.0156150684551188,"CAMK1",-0.0520254230442351,-2.69010178541859,0.00357151142783191
"chr3-10010674-10011465","MA1584.1","ZIC5",0.738666164262654,0.0156150684551188,"CAMK1",-0.0520254230442351,-2.69010178541859,0.00357151142783191
"chr3-10010674-10011465","MA0651.2","HOXC11",0.738666164262654,0.0156150684551188,"CAMK1",-0.0520254230442351,-2.69010178541859,0.00357151142783191
"chr3-10010674-10011465","MA0516.3","SP2",0.738666164262654,0.0156150684551188,"CAMK1",-0.0520254230442351,-2.69010178541859,0.00357151142783191
"chr3-10010674-10011465","MA1653.1","ZNF148",0.738666164262654,0.0156150684551188,"CAMK1",-0.0520254230442351,-2.69010178541859,0.00357151142783191
"chr3-10010674-10011465","MA1955.1","FOXO1::ELK3",0.738666164262654,0.0156150684551188,"CAMK1",-0.0520254230442351,-2.69010178541859,0.00357151142783191
"chr3-10010674-10011465","MA0750.2","ZBTB7A",0.738666164262654,0.0156150684551188,"CAMK1",-0.0520254230442351,-2.69010178541859,0.00357151142783191
"chr3-10010674-10011465","MA0003.4","TFAP2A",0.738666164262654,0.0156150684551188,"CAMK1",-0.0520254230442351,-2.69010178541859,0.00357151142783191
"chr3-10010674-10011465","MA0076.2","ELK4",0.738666164262654,0.0156150684551188,"CAMK1",-0.0520254230442351,-2.69010178541859,0.00357151142783191
"chr3-10010674-10011465","MA1721.1","ZNF93",0.738666164262654,0.0156150684551188,"CAMK1",-0.0520254230442351,-2.69010178541859,0.00357151142783191
"chr3-10010674-10011465","MA0777.1","MYBL2",0.738666164262654,0.0156150684551188,"CAMK1",-0.0520254230442351,-2.69010178541859,0.00357151142783191
"chr3-10010674-10011465","MA1981.1","ZNF530",0.738666164262654,0.0156150684551188,"CAMK1",-0.0520254230442351,-2.69010178541859,0.00357151142783191
"chr3-10010674-10011465","MA0742.2","KLF12",0.738666164262654,0.0156150684551188,"CAMK1",-0.0520254230442351,-2.69010178541859,0.00357151142783191
"chr3-10010674-10011465","MA0813.1","TFAP2B",0.738666164262654,0.0156150684551188,"CAMK1",-0.0520254230442351,-2.69010178541859,0.00357151142783191
"chr3-10010674-10011465","MA0747.1","SP8",0.738666164262654,0.0156150684551188,"CAMK1",-0.0520254230442351,-2.69010178541859,0.00357151142783191
"chr3-10010674-10011465","MA0062.3","GABPA",0.738666164262654,0.0156150684551188,"CAMK1",-0.0520254230442351,-2.69010178541859,0.00357151142783191
"chr3-10010674-10011465","MA0687.1","SPIC",0.738666164262654,0.0156150684551188,"CAMK1",-0.0520254230442351,-2.69010178541859,0.00357151142783191
"chr3-10010674-10011465","MA1512.1","KLF11",0.738666164262654,0.0156150684551188,"CAMK1",-0.0520254230442351,-2.69010178541859,0.00357151142783191
"chr3-10010674-10011465","MA1484.1","ETS2",0.738666164262654,0.0156150684551188,"CAMK1",-0.0520254230442351,-2.69010178541859,0.00357151142783191
"chr3-10010674-10011465","MA0815.1","TFAP2C",0.738666164262654,0.0156150684551188,"CAMK1",-0.0520254230442351,-2.69010178541859,0.00357151142783191
"chr3-10010674-10011465","MA1576.1","THRB",0.738666164262654,0.0156150684551188,"CAMK1",-0.0520254230442351,-2.69010178541859,0.00357151142783191
"chr3-10010674-10011465","MA1941.1","ETV2::FIGLA",0.738666164262654,0.0156150684551188,"CAMK1",-0.0520254230442351,-2.69010178541859,0.00357151142783191
"chr3-10010674-10011465","MA0751.1","ZIC4",0.738666164262654,0.0156150684551188,"CAMK1",-0.0520254230442351,-2.69010178541859,0.00357151142783191
"chr3-10010674-10011465","MA1929.1","CTCF",0.738666164262654,0.0156150684551188,"CAMK1",-0.0520254230442351,-2.69010178541859,0.00357151142783191
"chr3-10010674-10011465","MA0139.1","CTCF",0.738666164262654,0.0156150684551188,"CAMK1",-0.0520254230442351,-2.69010178541859,0.00357151142783191
"chr3-10010674-10011465","MA0765.3","ETV5",0.738666164262654,0.0156150684551188,"CAMK1",-0.0520254230442351,-2.69010178541859,0.00357151142783191
"chr3-10010674-10011465","MA1710.1","ZNF257",0.738666164262654,0.0156150684551188,"CAMK1",-0.0520254230442351,-2.69010178541859,0.00357151142783191
"chr3-10010674-10011465","MA1961.1","PATZ1",0.738666164262654,0.0156150684551188,"CAMK1",-0.0520254230442351,-2.69010178541859,0.00357151142783191
"chr3-10010674-10011465","MA0738.1","HIC2",0.738666164262654,0.0156150684551188,"CAMK1",-0.0520254230442351,-2.69010178541859,0.00357151142783191
"chr3-10010674-10011465","MA1984.1","ZNF667",0.738666164262654,0.0156150684551188,"CAMK1",-0.0520254230442351,-2.69010178541859,0.00357151142783191
"chr3-10010674-10011465","MA1630.2","ZNF281",0.738666164262654,0.0156150684551188,"CAMK1",-0.0520254230442351,-2.69010178541859,0.00357151142783191
"chr3-10010674-10011465","MA1985.1","ZNF669",0.738666164262654,0.0156150684551188,"CAMK1",-0.0520254230442351,-2.69010178541859,0.00357151142783191
"chr3-10010674-10011465","MA1513.1","KLF15",0.738666164262654,0.0156150684551188,"CAMK1",-0.0520254230442351,-2.69010178541859,0.00357151142783191
"chr3-10010674-10011465","MA1581.1","ZBTB6",0.738666164262654,0.0156150684551188,"CAMK1",-0.0520254230442351,-2.69010178541859,0.00357151142783191
"chr3-10010674-10011465","MA1511.2","KLF10",0.738666164262654,0.0156150684551188,"CAMK1",-0.0520254230442351,-2.69010178541859,0.00357151142783191
"chr3-10010674-10011465","MA1711.1","ZNF343",0.738666164262654,0.0156150684551188,"CAMK1",-0.0520254230442351,-2.69010178541859,0.00357151142783191
"chr3-10010674-10011465","MA1726.1","ZNF331",0.738666164262654,0.0156150684551188,"CAMK1",-0.0520254230442351,-2.69010178541859,0.00357151142783191
"chr3-10010674-10011465","MA0696.1","ZIC1",0.738666164262654,0.0156150684551188,"CAMK1",-0.0520254230442351,-2.69010178541859,0.00357151142783191
"chr3-10010674-10011465","MA1596.1","ZNF460",0.738666164262654,0.0156150684551188,"CAMK1",-0.0520254230442351,-2.69010178541859,0.00357151142783191
"chr3-10010674-10011465","MA1933.1","ELK1::SREBF2",0.738666164262654,0.0156150684551188,"CAMK1",-0.0520254230442351,-2.69010178541859,0.00357151142783191
"chr3-10010674-10011465","MA1146.1","NR1H4::RXRA",0.738666164262654,0.0156150684551188,"CAMK1",-0.0520254230442351,-2.69010178541859,0.00357151142783191
"chr3-10010674-10011465","MA1147.1","NR4A2::RXRA",0.738666164262654,0.0156150684551188,"CAMK1",-0.0520254230442351,-2.69010178541859,0.00357151142783191
"chr3-10010674-10011465","MA1555.1","RXRB",0.738666164262654,0.0156150684551188,"CAMK1",-0.0520254230442351,-2.69010178541859,0.00357151142783191
"chr3-10010674-10011465","MA0600.2","RFX2",0.738666164262654,0.0156150684551188,"CAMK1",-0.0520254230442351,-2.69010178541859,0.00357151142783191
"chr3-10010674-10011465","MA1728.1","ZNF549",0.738666164262654,0.0156150684551188,"CAMK1",-0.0520254230442351,-2.69010178541859,0.00357151142783191
"chr3-10010674-10011465","MA1508.1","IKZF1",0.738666164262654,0.0156150684551188,"CAMK1",-0.0520254230442351,-2.69010178541859,0.00357151142783191
"chr3-10010674-10011465","MA1532.2","NR1D2",0.738666164262654,0.0156150684551188,"CAMK1",-0.0520254230442351,-2.69010178541859,0.00357151142783191
"chr3-10010674-10011465","MA1556.1","RXRG",0.738666164262654,0.0156150684551188,"CAMK1",-0.0520254230442351,-2.69010178541859,0.00357151142783191
"chr3-10010674-10011465","MA1102.2","CTCFL",0.738666164262654,0.0156150684551188,"CAMK1",-0.0520254230442351,-2.69010178541859,0.00357151142783191
"chr3-10010674-10011465","MA0672.1","NKX2-3",0.738666164262654,0.0156150684551188,"CAMK1",-0.0520254230442351,-2.69010178541859,0.00357151142783191
"chr3-10010674-10011465","MA1959.1","KLF7",0.738666164262654,0.0156150684551188,"CAMK1",-0.0520254230442351,-2.69010178541859,0.00357151142783191
"chr3-10010674-10011465","MA1965.1","SP5",0.738666164262654,0.0156150684551188,"CAMK1",-0.0520254230442351,-2.69010178541859,0.00357151142783191
"chr3-10010674-10011465","MA0599.1","KLF5",0.738666164262654,0.0156150684551188,"CAMK1",-0.0520254230442351,-2.69010178541859,0.00357151142783191
"chr1-27435536-27436442","MA0801.1","MGA",0.928599762432526,0.0325680071202782,"IFI6",-0.050039313529632,-2.37719203472367,0.00872250171159724
"chr1-27435536-27436442","MA0723.2","VAX2",0.928599762432526,0.0325680071202782,"IFI6",-0.050039313529632,-2.37719203472367,0.00872250171159724
"chr1-27435536-27436442","MA0899.1","HOXA10",0.928599762432526,0.0325680071202782,"IFI6",-0.050039313529632,-2.37719203472367,0.00872250171159724
"chr1-27435536-27436442","MA1541.1","NR6A1",0.928599762432526,0.0325680071202782,"IFI6",-0.050039313529632,-2.37719203472367,0.00872250171159724
"chr1-27435536-27436442","MA0056.2","MZF1",0.928599762432526,0.0325680071202782,"IFI6",-0.050039313529632,-2.37719203472367,0.00872250171159724
"chr1-27435536-27436442","MA0507.2","POU2F2",0.928599762432526,0.0325680071202782,"IFI6",-0.050039313529632,-2.37719203472367,0.00872250171159724
"chr1-27435536-27436442","MA2003.1","NKX2-4",0.928599762432526,0.0325680071202782,"IFI6",-0.050039313529632,-2.37719203472367,0.00872250171159724
"chr1-27435536-27436442","MA0718.1","RAX",0.928599762432526,0.0325680071202782,"IFI6",-0.050039313529632,-2.37719203472367,0.00872250171159724
"chr1-27435536-27436442","MA0493.2","KLF1",0.928599762432526,0.0325680071202782,"IFI6",-0.050039313529632,-2.37719203472367,0.00872250171159724
"chr1-27435536-27436442","MA0800.1","EOMES",0.928599762432526,0.0325680071202782,"IFI6",-0.050039313529632,-2.37719203472367,0.00872250171159724
"chr1-27435536-27436442","MA0041.2","FOXD3",0.928599762432526,0.0325680071202782,"IFI6",-0.050039313529632,-2.37719203472367,0.00872250171159724
"chr1-27435536-27436442","MA0610.1","DMRT3",0.928599762432526,0.0325680071202782,"IFI6",-0.050039313529632,-2.37719203472367,0.00872250171159724
"chr1-27435536-27436442","MA0913.2","HOXD9",0.928599762432526,0.0325680071202782,"IFI6",-0.050039313529632,-2.37719203472367,0.00872250171159724
"chr1-27435536-27436442","MA1721.1","ZNF93",0.928599762432526,0.0325680071202782,"IFI6",-0.050039313529632,-2.37719203472367,0.00872250171159724
"chr1-27435536-27436442","MA1487.2","FOXE1",0.928599762432526,0.0325680071202782,"IFI6",-0.050039313529632,-2.37719203472367,0.00872250171159724
"chr1-27435536-27436442","MA1480.1","DPRX",0.928599762432526,0.0325680071202782,"IFI6",-0.050039313529632,-2.37719203472367,0.00872250171159724
"chr1-27435536-27436442","MA1497.1","HOXA6",0.928599762432526,0.0325680071202782,"IFI6",-0.050039313529632,-2.37719203472367,0.00872250171159724
"chr1-27435536-27436442","MA0613.1","FOXG1",0.928599762432526,0.0325680071202782,"IFI6",-0.050039313529632,-2.37719203472367,0.00872250171159724
"chr1-27435536-27436442","MA1944.1","ETV5::DRGX",0.928599762432526,0.0325680071202782,"IFI6",-0.050039313529632,-2.37719203472367,0.00872250171159724
"chr1-27435536-27436442","MA0903.1","HOXB3",0.928599762432526,0.0325680071202782,"IFI6",-0.050039313529632,-2.37719203472367,0.00872250171159724
"chr1-27435536-27436442","MA1563.2","SOX18",0.928599762432526,0.0325680071202782,"IFI6",-0.050039313529632,-2.37719203472367,0.00872250171159724
"chr1-27435536-27436442","MA0803.1","TBX15",0.928599762432526,0.0325680071202782,"IFI6",-0.050039313529632,-2.37719203472367,0.00872250171159724
"chr1-27435536-27436442","MA0708.2","MSX2",0.928599762432526,0.0325680071202782,"IFI6",-0.050039313529632,-2.37719203472367,0.00872250171159724
"chr1-27435536-27436442","MA0666.2","MSX1",0.928599762432526,0.0325680071202782,"IFI6",-0.050039313529632,-2.37719203472367,0.00872250171159724
"chr1-27435536-27436442","MA0593.1","FOXP2",0.928599762432526,0.0325680071202782,"IFI6",-0.050039313529632,-2.37719203472367,0.00872250171159724
"chr1-27435536-27436442","MA0894.1","HESX1",0.928599762432526,0.0325680071202782,"IFI6",-0.050039313529632,-2.37719203472367,0.00872250171159724
"chr1-27435536-27436442","MA0886.1","EMX2",0.928599762432526,0.0325680071202782,"IFI6",-0.050039313529632,-2.37719203472367,0.00872250171159724
"chr1-27435536-27436442","MA0889.1","GBX1",0.928599762432526,0.0325680071202782,"IFI6",-0.050039313529632,-2.37719203472367,0.00872250171159724
"chr1-27435536-27436442","MA0912.2","HOXD3",0.928599762432526,0.0325680071202782,"IFI6",-0.050039313529632,-2.37719203472367,0.00872250171159724
"chr1-27435536-27436442","MA0878.3","CDX1",0.928599762432526,0.0325680071202782,"IFI6",-0.050039313529632,-2.37719203472367,0.00872250171159724
"chr1-27435536-27436442","MA0902.2","HOXB2",0.928599762432526,0.0325680071202782,"IFI6",-0.050039313529632,-2.37719203472367,0.00872250171159724
"chr1-27435536-27436442","MA0846.1","FOXC2",0.928599762432526,0.0325680071202782,"IFI6",-0.050039313529632,-2.37719203472367,0.00872250171159724
"chr1-27435536-27436442","MA1566.2","TBX3",0.928599762432526,0.0325680071202782,"IFI6",-0.050039313529632,-2.37719203472367,0.00872250171159724
"chr1-27435536-27436442","MA1960.1","MGA::EVX1",0.928599762432526,0.0325680071202782,"IFI6",-0.050039313529632,-2.37719203472367,0.00872250171159724
"chr1-27435536-27436442","MA1719.1","ZNF816",0.928599762432526,0.0325680071202782,"IFI6",-0.050039313529632,-2.37719203472367,0.00872250171159724
"chr1-27435536-27436442","MA1709.1","ZIM3",0.928599762432526,0.0325680071202782,"IFI6",-0.050039313529632,-2.37719203472367,0.00872250171159724
"chr1-27435536-27436442","MA1479.1","DMRTC2",0.928599762432526,0.0325680071202782,"IFI6",-0.050039313529632,-2.37719203472367,0.00872250171159724
"chr1-27435536-27436442","MA0517.1","STAT1::STAT2",0.928599762432526,0.0325680071202782,"IFI6",-0.050039313529632,-2.37719203472367,0.00872250171159724
"chr1-27435536-27436442","MA0528.2","ZNF263",0.928599762432526,0.0325680071202782,"IFI6",-0.050039313529632,-2.37719203472367,0.00872250171159724
"chr1-27435536-27436442","MA0805.1","TBX1",0.928599762432526,0.0325680071202782,"IFI6",-0.050039313529632,-2.37719203472367,0.00872250171159724
"chr1-27435536-27436442","MA0035.4","GATA1",0.928599762432526,0.0325680071202782,"IFI6",-0.050039313529632,-2.37719203472367,0.00872250171159724
"chr1-27435536-27436442","MA0091.1","TAL1::TCF3",0.928599762432526,0.0325680071202782,"IFI6",-0.050039313529632,-2.37719203472367,0.00872250171159724
"chr1-27435536-27436442","MA0802.1","TBR1",0.928599762432526,0.0325680071202782,"IFI6",-0.050039313529632,-2.37719203472367,0.00872250171159724
"chr1-27435536-27436442","MA1508.1","IKZF1",0.928599762432526,0.0325680071202782,"IFI6",-0.050039313529632,-2.37719203472367,0.00872250171159724
"chr1-27435536-27436442","MA0030.1","FOXF2",0.928599762432526,0.0325680071202782,"IFI6",-0.050039313529632,-2.37719203472367,0.00872250171159724
"chr1-27435536-27436442","MA1149.1","RARA::RXRG",0.928599762432526,0.0325680071202782,"IFI6",-0.050039313529632,-2.37719203472367,0.00872250171159724
"chr1-27435536-27436442","MA1574.1","THRB",0.928599762432526,0.0325680071202782,"IFI6",-0.050039313529632,-2.37719203472367,0.00872250171159724
"chr1-27435536-27436442","MA0081.2","SPIB",0.928599762432526,0.0325680071202782,"IFI6",-0.050039313529632,-2.37719203472367,0.00872250171159724
"chr1-27435536-27436442","MA0688.1","TBX2",0.928599762432526,0.0325680071202782,"IFI6",-0.050039313529632,-2.37719203472367,0.00872250171159724
"chr1-27435536-27436442","MA1596.1","ZNF460",0.928599762432526,0.0325680071202782,"IFI6",-0.050039313529632,-2.37719203472367,0.00872250171159724
"chr1-27435536-27436442","MA1565.1","TBX18",0.928599762432526,0.0325680071202782,"IFI6",-0.050039313529632,-2.37719203472367,0.00872250171159724
"chr1-27435536-27436442","MA0073.1","RREB1",0.928599762432526,0.0325680071202782,"IFI6",-0.050039313529632,-2.37719203472367,0.00872250171159724
"chr1-27435536-27436442","MA0148.4","FOXA1",0.928599762432526,0.0325680071202782,"IFI6",-0.050039313529632,-2.37719203472367,0.00872250171159724
"chr1-27435536-27436442","MA1978.1","ZNF354A",0.928599762432526,0.0325680071202782,"IFI6",-0.050039313529632,-2.37719203472367,0.00872250171159724
"chr1-27435536-27436442","MA1473.1","CDX4",0.928599762432526,0.0325680071202782,"IFI6",-0.050039313529632,-2.37719203472367,0.00872250171159724
"chr1-27435536-27436442","MA1581.1","ZBTB6",0.928599762432526,0.0325680071202782,"IFI6",-0.050039313529632,-2.37719203472367,0.00872250171159724
"chr1-27435536-27436442","MA0879.2","DLX1",0.928599762432526,0.0325680071202782,"IFI6",-0.050039313529632,-2.37719203472367,0.00872250171159724
"chr1-27435536-27436442","MA0592.3","ESRRA",0.928599762432526,0.0325680071202782,"IFI6",-0.050039313529632,-2.37719203472367,0.00872250171159724
"chr1-27435536-27436442","MA0481.3","FOXP1",0.928599762432526,0.0325680071202782,"IFI6",-0.050039313529632,-2.37719203472367,0.00872250171159724
"chr1-27435536-27436442","MA0787.1","POU3F2",0.928599762432526,0.0325680071202782,"IFI6",-0.050039313529632,-2.37719203472367,0.00872250171159724
"chr1-27435536-27436442","MA0504.1","NR2C2",0.928599762432526,0.0325680071202782,"IFI6",-0.050039313529632,-2.37719203472367,0.00872250171159724
"chr1-27435536-27436442","MA0596.1","SREBF2",0.928599762432526,0.0325680071202782,"IFI6",-0.050039313529632,-2.37719203472367,0.00872250171159724
"chr1-27435536-27436442","MA1111.1","NR2F2",0.928599762432526,0.0325680071202782,"IFI6",-0.050039313529632,-2.37719203472367,0.00872250171159724
"chr1-27435536-27436442","MA1478.1","DMRTA2",0.928599762432526,0.0325680071202782,"IFI6",-0.050039313529632,-2.37719203472367,0.00872250171159724
"chr1-27435536-27436442","MA0038.2","GFI1",0.928599762432526,0.0325680071202782,"IFI6",-0.050039313529632,-2.37719203472367,0.00872250171159724
"chr1-27435536-27436442","MA1511.2","KLF10",0.928599762432526,0.0325680071202782,"IFI6",-0.050039313529632,-2.37719203472367,0.00872250171159724
"chr1-27435536-27436442","MA0032.2","FOXC1",0.928599762432526,0.0325680071202782,"IFI6",-0.050039313529632,-2.37719203472367,0.00872250171159724
"chr1-27435536-27436442","MA0786.1","POU3F1",0.928599762432526,0.0325680071202782,"IFI6",-0.050039313529632,-2.37719203472367,0.00872250171159724
"chr1-27435536-27436442","MA1471.1","BARX2",0.928599762432526,0.0325680071202782,"IFI6",-0.050039313529632,-2.37719203472367,0.00872250171159724
"chr1-27435536-27436442","MA1707.1","DMRTA1",0.928599762432526,0.0325680071202782,"IFI6",-0.050039313529632,-2.37719203472367,0.00872250171159724
"chr1-27435536-27436442","MA0141.3","ESRRB",0.928599762432526,0.0325680071202782,"IFI6",-0.050039313529632,-2.37719203472367,0.00872250171159724
"chr1-27435536-27436442","MA0766.2","GATA5",0.928599762432526,0.0325680071202782,"IFI6",-0.050039313529632,-2.37719203472367,0.00872250171159724
"chr1-27435536-27436442","MA0784.2","POU1F1",0.928599762432526,0.0325680071202782,"IFI6",-0.050039313529632,-2.37719203472367,0.00872250171159724
"chr1-27435536-27436442","MA1534.1","NR1I3",0.928599762432526,0.0325680071202782,"IFI6",-0.050039313529632,-2.37719203472367,0.00872250171159724
"chr1-27435536-27436442","MA0890.1","GBX2",0.928599762432526,0.0325680071202782,"IFI6",-0.050039313529632,-2.37719203472367,0.00872250171159724
"chr1-27435536-27436442","MA0847.3","FOXD2",0.928599762432526,0.0325680071202782,"IFI6",-0.050039313529632,-2.37719203472367,0.00872250171159724
"chr1-27435536-27436442","MA0149.1","EWSR1-FLI1",0.928599762432526,0.0325680071202782,"IFI6",-0.050039313529632,-2.37719203472367,0.00872250171159724
"chr1-27435536-27436442","MA1601.2","ZNF75D",0.928599762432526,0.0325680071202782,"IFI6",-0.050039313529632,-2.37719203472367,0.00872250171159724
"chr1-27435536-27436442","MA0495.3","MAFF",0.928599762432526,0.0325680071202782,"IFI6",-0.050039313529632,-2.37719203472367,0.00872250171159724
"chr1-27435536-27436442","MA1501.1","HOXB7",0.928599762432526,0.0325680071202782,"IFI6",-0.050039313529632,-2.37719203472367,0.00872250171159724
"chr1-27435536-27436442","MA1956.1","FOXO1::FLI1",0.928599762432526,0.0325680071202782,"IFI6",-0.050039313529632,-2.37719203472367,0.00872250171159724
"chr1-27435536-27436442","MA0595.1","SREBF1",0.928599762432526,0.0325680071202782,"IFI6",-0.050039313529632,-2.37719203472367,0.00872250171159724
"chr1-27435536-27436442","MA0039.4","KLF4",0.928599762432526,0.0325680071202782,"IFI6",-0.050039313529632,-2.37719203472367,0.00872250171159724
"chr1-27435536-27436442","MA0027.2","EN1",0.928599762432526,0.0325680071202782,"IFI6",-0.050039313529632,-2.37719203472367,0.00872250171159724
"chr1-27435536-27436442","MA0699.1","LBX2",0.928599762432526,0.0325680071202782,"IFI6",-0.050039313529632,-2.37719203472367,0.00872250171159724
"chr1-27435536-27436442","MA1542.1","OSR1",0.928599762432526,0.0325680071202782,"IFI6",-0.050039313529632,-2.37719203472367,0.00872250171159724
"chr1-27435536-27436442","MA0807.1","TBX5",0.928599762432526,0.0325680071202782,"IFI6",-0.050039313529632,-2.37719203472367,0.00872250171159724
"chr1-27435536-27436442","MA1500.1","HOXB6",0.928599762432526,0.0325680071202782,"IFI6",-0.050039313529632,-2.37719203472367,0.00872250171159724
"chr1-27435536-27436442","MA0788.1","POU3F3",0.928599762432526,0.0325680071202782,"IFI6",-0.050039313529632,-2.37719203472367,0.00872250171159724
"chr1-27435536-27436442","MA1577.1","TLX2",0.928599762432526,0.0325680071202782,"IFI6",-0.050039313529632,-2.37719203472367,0.00872250171159724
"chr1-27435536-27436442","MA0806.1","TBX4",0.928599762432526,0.0325680071202782,"IFI6",-0.050039313529632,-2.37719203472367,0.00872250171159724
"chr1-27435536-27436442","MA0690.2","TBX21",0.928599762432526,0.0325680071202782,"IFI6",-0.050039313529632,-2.37719203472367,0.00872250171159724
"chr1-27435536-27436442","MA0875.1","BARX1",0.928599762432526,0.0325680071202782,"IFI6",-0.050039313529632,-2.37719203472367,0.00872250171159724
"chr1-27435536-27436442","MA0745.2","SNAI2",0.928599762432526,0.0325680071202782,"IFI6",-0.050039313529632,-2.37719203472367,0.00872250171159724
"chr1-27435536-27436442","MA0069.1","PAX6",0.928599762432526,0.0325680071202782,"IFI6",-0.050039313529632,-2.37719203472367,0.00872250171159724
"chr1-27435536-27436442","MA0084.1","SRY",0.928599762432526,0.0325680071202782,"IFI6",-0.050039313529632,-2.37719203472367,0.00872250171159724
"chr1-27435536-27436442","MA1962.1","POU2F1::SOX2",0.928599762432526,0.0325680071202782,"IFI6",-0.050039313529632,-2.37719203472367,0.00872250171159724
"chr1-27435536-27436442","MA1645.1","NKX2-2",0.928599762432526,0.0325680071202782,"IFI6",-0.050039313529632,-2.37719203472367,0.00872250171159724
"chr1-27435536-27436442","MA0132.2","PDX1",0.928599762432526,0.0325680071202782,"IFI6",-0.050039313529632,-2.37719203472367,0.00872250171159724
"chr1-27435536-27436442","MA0465.2","CDX2",0.928599762432526,0.0325680071202782,"IFI6",-0.050039313529632,-2.37719203472367,0.00872250171159724
"chr1-27435536-27436442","MA1963.1","SATB1",0.928599762432526,0.0325680071202782,"IFI6",-0.050039313529632,-2.37719203472367,0.00872250171159724
"chr3-10010674-10011465","MA1966.1","TFAP4::ETV1",0.738666164262654,0.0156150684551188,"CRELD1",0.0546977344596667,2.08168156597085,0.018685782755749
"chr3-10010674-10011465","MA0141.3","ESRRB",0.738666164262654,0.0156150684551188,"CRELD1",0.0546977344596667,2.08168156597085,0.018685782755749
"chr3-10010674-10011465","MA0743.2","SCRT1",0.738666164262654,0.0156150684551188,"CRELD1",0.0546977344596667,2.08168156597085,0.018685782755749
"chr3-10010674-10011465","MA1579.1","ZBTB26",0.738666164262654,0.0156150684551188,"CRELD1",0.0546977344596667,2.08168156597085,0.018685782755749
"chr3-10010674-10011465","MA0079.5","SP1",0.738666164262654,0.0156150684551188,"CRELD1",0.0546977344596667,2.08168156597085,0.018685782755749
"chr3-10010674-10011465","MA0685.2","SP4",0.738666164262654,0.0156150684551188,"CRELD1",0.0546977344596667,2.08168156597085,0.018685782755749
"chr3-10010674-10011465","MA1723.1","PRDM9",0.738666164262654,0.0156150684551188,"CRELD1",0.0546977344596667,2.08168156597085,0.018685782755749
"chr3-10010674-10011465","MA0163.1","PLAG1",0.738666164262654,0.0156150684551188,"CRELD1",0.0546977344596667,2.08168156597085,0.018685782755749
"chr3-10010674-10011465","MA1947.1","ETV5::FOXO1",0.738666164262654,0.0156150684551188,"CRELD1",0.0546977344596667,2.08168156597085,0.018685782755749
"chr3-10010674-10011465","MA1124.1","ZNF24",0.738666164262654,0.0156150684551188,"CRELD1",0.0546977344596667,2.08168156597085,0.018685782755749
"chr3-10010674-10011465","MA1536.1","NR2C2",0.738666164262654,0.0156150684551188,"CRELD1",0.0546977344596667,2.08168156597085,0.018685782755749
"chr3-10010674-10011465","MA0598.3","EHF",0.738666164262654,0.0156150684551188,"CRELD1",0.0546977344596667,2.08168156597085,0.018685782755749
"chr3-10010674-10011465","MA0759.2","ELK3",0.738666164262654,0.0156150684551188,"CRELD1",0.0546977344596667,2.08168156597085,0.018685782755749
"chr3-10010674-10011465","MA0873.1","HOXD12",0.738666164262654,0.0156150684551188,"CRELD1",0.0546977344596667,2.08168156597085,0.018685782755749
"chr3-10010674-10011465","MA1715.1","ZNF707",0.738666164262654,0.0156150684551188,"CRELD1",0.0546977344596667,2.08168156597085,0.018685782755749
"chr3-10010674-10011465","MA0764.3","ETV4",0.738666164262654,0.0156150684551188,"CRELD1",0.0546977344596667,2.08168156597085,0.018685782755749
"chr3-10010674-10011465","MA1587.1","ZNF135",0.738666164262654,0.0156150684551188,"CRELD1",0.0546977344596667,2.08168156597085,0.018685782755749
"chr3-10010674-10011465","MA1149.1","RARA::RXRG",0.738666164262654,0.0156150684551188,"CRELD1",0.0546977344596667,2.08168156597085,0.018685782755749
"chr3-10010674-10011465","MA1515.1","KLF2",0.738666164262654,0.0156150684551188,"CRELD1",0.0546977344596667,2.08168156597085,0.018685782755749
"chr3-10010674-10011465","MA1539.1","NR2F6",0.738666164262654,0.0156150684551188,"CRELD1",0.0546977344596667,2.08168156597085,0.018685782755749
"chr3-10010674-10011465","MA0103.3","ZEB1",0.738666164262654,0.0156150684551188,"CRELD1",0.0546977344596667,2.08168156597085,0.018685782755749
"chr3-10010674-10011465","MA0101.1","REL",0.738666164262654,0.0156150684551188,"CRELD1",0.0546977344596667,2.08168156597085,0.018685782755749
"chr3-10010674-10011465","MA1713.1","ZNF610",0.738666164262654,0.0156150684551188,"CRELD1",0.0546977344596667,2.08168156597085,0.018685782755749
"chr3-10010674-10011465","MA0039.4","KLF4",0.738666164262654,0.0156150684551188,"CRELD1",0.0546977344596667,2.08168156597085,0.018685782755749
"chr3-10010674-10011465","MA0509.3","RFX1",0.738666164262654,0.0156150684551188,"CRELD1",0.0546977344596667,2.08168156597085,0.018685782755749
"chr3-10010674-10011465","MA0829.2","SREBF1",0.738666164262654,0.0156150684551188,"CRELD1",0.0546977344596667,2.08168156597085,0.018685782755749
"chr3-10010674-10011465","MA1522.1","MAZ",0.738666164262654,0.0156150684551188,"CRELD1",0.0546977344596667,2.08168156597085,0.018685782755749
"chr3-10010674-10011465","MA1983.1","ZNF582",0.738666164262654,0.0156150684551188,"CRELD1",0.0546977344596667,2.08168156597085,0.018685782755749
"chr3-10010674-10011465","MA0510.2","RFX5",0.738666164262654,0.0156150684551188,"CRELD1",0.0546977344596667,2.08168156597085,0.018685782755749
"chr3-10010674-10011465","MA0867.2","SOX4",0.738666164262654,0.0156150684551188,"CRELD1",0.0546977344596667,2.08168156597085,0.018685782755749
"chr3-10010674-10011465","MA0493.2","KLF1",0.738666164262654,0.0156150684551188,"CRELD1",0.0546977344596667,2.08168156597085,0.018685782755749
"chr3-10010674-10011465","MA1950.1","FLI1::FOXI1",0.738666164262654,0.0156150684551188,"CRELD1",0.0546977344596667,2.08168156597085,0.018685782755749
"chr3-10010674-10011465","MA0761.2","ETV1",0.738666164262654,0.0156150684551188,"CRELD1",0.0546977344596667,2.08168156597085,0.018685782755749
"chr3-10010674-10011465","MA0914.1","ISL2",0.738666164262654,0.0156150684551188,"CRELD1",0.0546977344596667,2.08168156597085,0.018685782755749
"chr3-10010674-10011465","MA1531.1","NR1D1",0.738666164262654,0.0156150684551188,"CRELD1",0.0546977344596667,2.08168156597085,0.018685782755749
"chr3-10010674-10011465","MA0798.3","RFX3",0.738666164262654,0.0156150684551188,"CRELD1",0.0546977344596667,2.08168156597085,0.018685782755749
"chr3-10010674-10011465","MA1954.1","FOXO1::ELK1",0.738666164262654,0.0156150684551188,"CRELD1",0.0546977344596667,2.08168156597085,0.018685782755749
"chr3-10010674-10011465","MA0736.1","GLIS2",0.738666164262654,0.0156150684551188,"CRELD1",0.0546977344596667,2.08168156597085,0.018685782755749
"chr3-10010674-10011465","MA1107.2","KLF9",0.738666164262654,0.0156150684551188,"CRELD1",0.0546977344596667,2.08168156597085,0.018685782755749
"chr3-10010674-10011465","MA1491.2","GLI3",0.738666164262654,0.0156150684551188,"CRELD1",0.0546977344596667,2.08168156597085,0.018685782755749
"chr3-10010674-10011465","MA1538.1","NR2F1",0.738666164262654,0.0156150684551188,"CRELD1",0.0546977344596667,2.08168156597085,0.018685782755749
"chr3-10010674-10011465","MA1716.1","ZNF76",0.738666164262654,0.0156150684551188,"CRELD1",0.0546977344596667,2.08168156597085,0.018685782755749
"chr3-10010674-10011465","MA0156.3","FEV",0.738666164262654,0.0156150684551188,"CRELD1",0.0546977344596667,2.08168156597085,0.018685782755749
"chr3-10010674-10011465","MA1953.1","FOXO1::ELF1",0.738666164262654,0.0156150684551188,"CRELD1",0.0546977344596667,2.08168156597085,0.018685782755749
"chr3-10010674-10011465","MA0872.1","TFAP2A",0.738666164262654,0.0156150684551188,"CRELD1",0.0546977344596667,2.08168156597085,0.018685782755749
"chr3-10010674-10011465","MA0028.2","ELK1",0.738666164262654,0.0156150684551188,"CRELD1",0.0546977344596667,2.08168156597085,0.018685782755749
"chr3-10010674-10011465","MA1535.1","NR2C1",0.738666164262654,0.0156150684551188,"CRELD1",0.0546977344596667,2.08168156597085,0.018685782755749
"chr3-10010674-10011465","MA0741.1","KLF16",0.738666164262654,0.0156150684551188,"CRELD1",0.0546977344596667,2.08168156597085,0.018685782755749
"chr3-10010674-10011465","MA1584.1","ZIC5",0.738666164262654,0.0156150684551188,"CRELD1",0.0546977344596667,2.08168156597085,0.018685782755749
"chr3-10010674-10011465","MA0651.2","HOXC11",0.738666164262654,0.0156150684551188,"CRELD1",0.0546977344596667,2.08168156597085,0.018685782755749
"chr3-10010674-10011465","MA0516.3","SP2",0.738666164262654,0.0156150684551188,"CRELD1",0.0546977344596667,2.08168156597085,0.018685782755749
"chr3-10010674-10011465","MA1653.1","ZNF148",0.738666164262654,0.0156150684551188,"CRELD1",0.0546977344596667,2.08168156597085,0.018685782755749
"chr3-10010674-10011465","MA1955.1","FOXO1::ELK3",0.738666164262654,0.0156150684551188,"CRELD1",0.0546977344596667,2.08168156597085,0.018685782755749
"chr3-10010674-10011465","MA0750.2","ZBTB7A",0.738666164262654,0.0156150684551188,"CRELD1",0.0546977344596667,2.08168156597085,0.018685782755749
"chr3-10010674-10011465","MA0003.4","TFAP2A",0.738666164262654,0.0156150684551188,"CRELD1",0.0546977344596667,2.08168156597085,0.018685782755749
"chr3-10010674-10011465","MA0076.2","ELK4",0.738666164262654,0.0156150684551188,"CRELD1",0.0546977344596667,2.08168156597085,0.018685782755749
"chr3-10010674-10011465","MA1721.1","ZNF93",0.738666164262654,0.0156150684551188,"CRELD1",0.0546977344596667,2.08168156597085,0.018685782755749
"chr3-10010674-10011465","MA0777.1","MYBL2",0.738666164262654,0.0156150684551188,"CRELD1",0.0546977344596667,2.08168156597085,0.018685782755749
"chr3-10010674-10011465","MA1981.1","ZNF530",0.738666164262654,0.0156150684551188,"CRELD1",0.0546977344596667,2.08168156597085,0.018685782755749
"chr3-10010674-10011465","MA0742.2","KLF12",0.738666164262654,0.0156150684551188,"CRELD1",0.0546977344596667,2.08168156597085,0.018685782755749
"chr3-10010674-10011465","MA0813.1","TFAP2B",0.738666164262654,0.0156150684551188,"CRELD1",0.0546977344596667,2.08168156597085,0.018685782755749
"chr3-10010674-10011465","MA0747.1","SP8",0.738666164262654,0.0156150684551188,"CRELD1",0.0546977344596667,2.08168156597085,0.018685782755749
"chr3-10010674-10011465","MA0062.3","GABPA",0.738666164262654,0.0156150684551188,"CRELD1",0.0546977344596667,2.08168156597085,0.018685782755749
"chr3-10010674-10011465","MA0687.1","SPIC",0.738666164262654,0.0156150684551188,"CRELD1",0.0546977344596667,2.08168156597085,0.018685782755749
"chr3-10010674-10011465","MA1512.1","KLF11",0.738666164262654,0.0156150684551188,"CRELD1",0.0546977344596667,2.08168156597085,0.018685782755749
"chr3-10010674-10011465","MA1484.1","ETS2",0.738666164262654,0.0156150684551188,"CRELD1",0.0546977344596667,2.08168156597085,0.018685782755749
"chr3-10010674-10011465","MA0815.1","TFAP2C",0.738666164262654,0.0156150684551188,"CRELD1",0.0546977344596667,2.08168156597085,0.018685782755749
"chr3-10010674-10011465","MA1576.1","THRB",0.738666164262654,0.0156150684551188,"CRELD1",0.0546977344596667,2.08168156597085,0.018685782755749
"chr3-10010674-10011465","MA1941.1","ETV2::FIGLA",0.738666164262654,0.0156150684551188,"CRELD1",0.0546977344596667,2.08168156597085,0.018685782755749
"chr3-10010674-10011465","MA0751.1","ZIC4",0.738666164262654,0.0156150684551188,"CRELD1",0.0546977344596667,2.08168156597085,0.018685782755749
"chr3-10010674-10011465","MA1929.1","CTCF",0.738666164262654,0.0156150684551188,"CRELD1",0.0546977344596667,2.08168156597085,0.018685782755749
"chr3-10010674-10011465","MA0139.1","CTCF",0.738666164262654,0.0156150684551188,"CRELD1",0.0546977344596667,2.08168156597085,0.018685782755749
"chr3-10010674-10011465","MA0765.3","ETV5",0.738666164262654,0.0156150684551188,"CRELD1",0.0546977344596667,2.08168156597085,0.018685782755749
"chr3-10010674-10011465","MA1710.1","ZNF257",0.738666164262654,0.0156150684551188,"CRELD1",0.0546977344596667,2.08168156597085,0.018685782755749
"chr3-10010674-10011465","MA1961.1","PATZ1",0.738666164262654,0.0156150684551188,"CRELD1",0.0546977344596667,2.08168156597085,0.018685782755749
"chr3-10010674-10011465","MA0738.1","HIC2",0.738666164262654,0.0156150684551188,"CRELD1",0.0546977344596667,2.08168156597085,0.018685782755749
"chr3-10010674-10011465","MA1984.1","ZNF667",0.738666164262654,0.0156150684551188,"CRELD1",0.0546977344596667,2.08168156597085,0.018685782755749
"chr3-10010674-10011465","MA1630.2","ZNF281",0.738666164262654,0.0156150684551188,"CRELD1",0.0546977344596667,2.08168156597085,0.018685782755749
"chr3-10010674-10011465","MA1985.1","ZNF669",0.738666164262654,0.0156150684551188,"CRELD1",0.0546977344596667,2.08168156597085,0.018685782755749
"chr3-10010674-10011465","MA1513.1","KLF15",0.738666164262654,0.0156150684551188,"CRELD1",0.0546977344596667,2.08168156597085,0.018685782755749
"chr3-10010674-10011465","MA1581.1","ZBTB6",0.738666164262654,0.0156150684551188,"CRELD1",0.0546977344596667,2.08168156597085,0.018685782755749
"chr3-10010674-10011465","MA1511.2","KLF10",0.738666164262654,0.0156150684551188,"CRELD1",0.0546977344596667,2.08168156597085,0.018685782755749
"chr3-10010674-10011465","MA1711.1","ZNF343",0.738666164262654,0.0156150684551188,"CRELD1",0.0546977344596667,2.08168156597085,0.018685782755749
"chr3-10010674-10011465","MA1726.1","ZNF331",0.738666164262654,0.0156150684551188,"CRELD1",0.0546977344596667,2.08168156597085,0.018685782755749
"chr3-10010674-10011465","MA0696.1","ZIC1",0.738666164262654,0.0156150684551188,"CRELD1",0.0546977344596667,2.08168156597085,0.018685782755749
"chr3-10010674-10011465","MA1596.1","ZNF460",0.738666164262654,0.0156150684551188,"CRELD1",0.0546977344596667,2.08168156597085,0.018685782755749
"chr3-10010674-10011465","MA1933.1","ELK1::SREBF2",0.738666164262654,0.0156150684551188,"CRELD1",0.0546977344596667,2.08168156597085,0.018685782755749
"chr3-10010674-10011465","MA1146.1","NR1H4::RXRA",0.738666164262654,0.0156150684551188,"CRELD1",0.0546977344596667,2.08168156597085,0.018685782755749
"chr3-10010674-10011465","MA1147.1","NR4A2::RXRA",0.738666164262654,0.0156150684551188,"CRELD1",0.0546977344596667,2.08168156597085,0.018685782755749
"chr3-10010674-10011465","MA1555.1","RXRB",0.738666164262654,0.0156150684551188,"CRELD1",0.0546977344596667,2.08168156597085,0.018685782755749
"chr3-10010674-10011465","MA0600.2","RFX2",0.738666164262654,0.0156150684551188,"CRELD1",0.0546977344596667,2.08168156597085,0.018685782755749
"chr3-10010674-10011465","MA1728.1","ZNF549",0.738666164262654,0.0156150684551188,"CRELD1",0.0546977344596667,2.08168156597085,0.018685782755749
"chr3-10010674-10011465","MA1508.1","IKZF1",0.738666164262654,0.0156150684551188,"CRELD1",0.0546977344596667,2.08168156597085,0.018685782755749
"chr3-10010674-10011465","MA1532.2","NR1D2",0.738666164262654,0.0156150684551188,"CRELD1",0.0546977344596667,2.08168156597085,0.018685782755749
"chr3-10010674-10011465","MA1556.1","RXRG",0.738666164262654,0.0156150684551188,"CRELD1",0.0546977344596667,2.08168156597085,0.018685782755749
"chr3-10010674-10011465","MA1102.2","CTCFL",0.738666164262654,0.0156150684551188,"CRELD1",0.0546977344596667,2.08168156597085,0.018685782755749
"chr3-10010674-10011465","MA0672.1","NKX2-3",0.738666164262654,0.0156150684551188,"CRELD1",0.0546977344596667,2.08168156597085,0.018685782755749
"chr3-10010674-10011465","MA1959.1","KLF7",0.738666164262654,0.0156150684551188,"CRELD1",0.0546977344596667,2.08168156597085,0.018685782755749
"chr3-10010674-10011465","MA1965.1","SP5",0.738666164262654,0.0156150684551188,"CRELD1",0.0546977344596667,2.08168156597085,0.018685782755749
"chr3-10010674-10011465","MA0599.1","KLF5",0.738666164262654,0.0156150684551188,"CRELD1",0.0546977344596667,2.08168156597085,0.018685782755749
