,n_cells,dynamicColors,moduleColors,moduleLabels,kMEblack,kMEdarkgrey,kMEdimgrey,kMEgainsboro,kMElightgrey
PDE3B,223,darkgrey,darkgrey,1,-0.6087709281676793,0.8636833149518232,0.538963295098005,0.370114871882603,-0.24684122464105276
ARHGAP15,223,darkgrey,darkgrey,1,-0.45538248907137463,0.8231638015888011,0.6566900222861027,0.1260105576052549,-0.1833665757969565
CASK,223,darkgrey,darkgrey,1,-0.4462481223525138,0.8107861301863853,0.6328167947871934,0.1511114621223506,-0.16660311647126902
EML4,223,darkgrey,darkgrey,1,-0.2007430442925747,0.8079721834556093,0.8115961826832134,-0.09166184733606597,-0.39427846451337273
VPS13B,223,darkgrey,darkgrey,1,-0.5946663335945479,0.8022362930389118,0.4956076394891311,0.3259853583146359,-0.08487630691344931
LDLRAD4,223,darkgrey,darkgrey,1,-0.46054349275764905,0.7916371230356006,0.601486804218403,0.2457356774088103,-0.32677964800094994
LRBA,223,darkgrey,darkgrey,1,-0.40512219899216806,0.791075416498237,0.6516538482163056,0.12844865186112756,-0.24777715772637987
KIAA1109,223,darkgrey,darkgrey,1,-0.5547743686996776,0.7910449000088798,0.5070267212955567,0.2933288520315673,-0.1769865442820199
PCNX1,223,darkgrey,darkgrey,1,-0.47444690764773034,0.7847444064340222,0.6280272236610643,0.10655423121487062,-0.21807516048150252
PNISR,223,darkgrey,darkgrey,1,-0.3232635364085448,0.7843144134144375,0.6962241677266949,0.06698259375542466,-0.4120474506666364
LPP,223,darkgrey,darkgrey,1,-0.464629788354842,0.7789647301078536,0.5336812751150278,0.26102493036058627,-0.12647544295787583
KANSL1,223,darkgrey,darkgrey,1,-0.35535202221861767,0.7776402190291916,0.7049472323605095,-0.014414067646521459,-0.23005884820903763
DDX17,223,darkgrey,darkgrey,1,-0.533071482323422,0.7736788405942908,0.5228042585394739,0.24167365521114734,-0.16500747272922373
HERC4,223,darkgrey,darkgrey,1,-0.46696924398315354,0.7724176541001723,0.5735250178063541,0.1828160731848754,-0.20962341251567337
PHC3,223,darkgrey,darkgrey,1,-0.6144026241026199,0.7713944496770885,0.45553704683500906,0.3452627801474255,-0.14162259652575898
RUNX1,223,darkgrey,darkgrey,1,-0.5833357120201262,0.7712685671400544,0.4919295627047498,0.2896076143520296,-0.09854450093537037
RAPGEF6,223,darkgrey,darkgrey,1,-0.5085083377884208,0.7709073884572192,0.5485724695454338,0.20576336318150495,-0.11421640764664513
RESF1,223,darkgrey,darkgrey,1,-0.5825488777559149,0.7680858272644919,0.47531162751448386,0.23797411072527816,-0.03711064590911522
NKTR,223,darkgrey,darkgrey,1,-0.4583049946563391,0.7675975836834121,0.5684796912823162,0.2240366528297505,-0.3800121215026522
NR3C1,223,darkgrey,darkgrey,1,-0.6378167461240566,0.7666377132685401,0.42213442124133316,0.4183044336577678,-0.15323031549243962
SLC38A1,223,darkgrey,darkgrey,1,-0.5417697509766864,0.7634505225562774,0.5098665479526316,0.2675093229334471,-0.25506032568292514
ELMO1,223,darkgrey,darkgrey,1,-0.6854625193120558,0.7573260919289903,0.3843540160663685,0.4466323347347173,-0.05927491518689625
JAK1,223,darkgrey,darkgrey,1,-0.5175828975559221,0.756895531631822,0.5140808798058125,0.2292189519903717,-0.12577273029149988
CCSER2,223,darkgrey,darkgrey,1,-0.5529616208709823,0.7536676852631865,0.48783621210920347,0.3044845841704019,-0.22317794170366875
ARID1B,223,darkgrey,darkgrey,1,-0.46368465059863406,0.7536309750448233,0.5753074381730156,0.1827283795821597,-0.28343002185526056
SUCLG2,223,darkgrey,darkgrey,1,-0.6298775433841314,0.7527542394809037,0.4240770332284816,0.3517433926416684,-0.0003313946505738619
BABAM2,223,darkgrey,darkgrey,1,-0.4239439063347932,0.7485549184583759,0.5958056271452743,0.16577829790774845,-0.31114524199409577
ERN1,223,darkgrey,darkgrey,1,-0.21832178621676157,0.7409380670621107,0.7385219755825359,-0.15375192103898164,-0.17685100598894046
OGT,223,darkgrey,darkgrey,1,-0.6620524811666029,0.7406523745706909,0.3653568608918675,0.4529606725289562,-0.17422261690788277
UTRN,223,darkgrey,darkgrey,1,-0.28708980647112026,0.7368505243611031,0.6796786116737332,-0.0610771624641867,-0.08752139296631203
N4BP2L2,223,darkgrey,darkgrey,1,-0.3504724773719391,0.7350202499365275,0.6605789010587659,0.022620742986727456,-0.40151205576398
SMARCA2,223,darkgrey,darkgrey,1,-0.5832028615283318,0.7346450360818578,0.44157902065839716,0.3153937288779871,-0.08048320747247836
MAP3K5,223,darkgrey,darkgrey,1,-0.22310101801262677,0.7344804210626914,0.739836777708691,-0.08811269403683535,-0.3772939831298406
EXOC4,223,darkgrey,darkgrey,1,-0.6379632360948383,0.7314943472366435,0.3652922793154474,0.4490173337247541,-0.08114840895359146
SOS1,223,darkgrey,darkgrey,1,-0.40073991466453324,0.7305952949209243,0.5393269541980332,0.16006866940891637,-0.13639755321848587
TRAPPC9,223,darkgrey,darkgrey,1,-0.553006972385413,0.7296383044734802,0.4489825875868907,0.2919212591805123,-0.07996972898170777
RBMS1,223,darkgrey,darkgrey,1,-0.49270110054728417,0.7269828551637945,0.5384020918131655,0.12794396185727813,0.011506716703096246
ZNF638,223,darkgrey,darkgrey,1,-0.5925345880421652,0.7266276485365368,0.40614719602751337,0.3493440281793117,-0.12558258675387404
SP100,223,darkgrey,darkgrey,1,-0.4145449935769388,0.7264847971954257,0.6034815287600414,0.10223891977532915,-0.2987100044098776
PUM2,223,darkgrey,darkgrey,1,-0.5438935477008816,0.7263620039962632,0.4378432486102636,0.3232782482319149,-0.14985323200668102
CDKAL1,223,darkgrey,darkgrey,1,-0.45619107281985327,0.7254942997535737,0.5153797821203331,0.22574520564375217,-0.15226655097933842
ETV6,223,darkgrey,darkgrey,1,-0.5455343968022917,0.7199797539780678,0.4503695616858305,0.3072981471761532,-0.08020350691778015
MYCBP2,223,darkgrey,darkgrey,1,-0.619776715478242,0.7168034493069344,0.3929571908277875,0.36718110555989486,-0.051606378705555817
TCF12,223,darkgrey,darkgrey,1,-0.32011468466647147,0.7166466681137506,0.6381304584847269,0.03855090661386995,-0.23295665511699956
TBC1D5,223,darkgrey,darkgrey,1,-0.5278452362067837,0.7162935255663654,0.44771628707838135,0.28956981953640787,-0.07115938028442267
ZNF292,223,darkgrey,darkgrey,1,-0.39449836414952855,0.7162092867751164,0.549258529791391,0.21032116801705084,-0.35626284349995085
USP15,223,darkgrey,darkgrey,1,-0.5416167968526504,0.7156832795371035,0.43946771544416835,0.379545010914919,-0.23373758145032636
PHACTR2,223,darkgrey,darkgrey,1,-0.2871118013523445,0.7106843568207194,0.6470642916696531,0.06952579405714064,-0.3630400009105551
VTI1A,223,darkgrey,darkgrey,1,-0.6327287882577355,0.7086594092629234,0.34757526923026677,0.40761997323524607,-0.0513158380394903
FAM172A,223,darkgrey,darkgrey,1,-0.6505950715784025,0.7076888753358842,0.3661281424609033,0.385315526489936,-0.060576765622187195
KMT2C,223,darkgrey,darkgrey,1,-0.2577194880547409,0.7061612335649597,0.6582539320022456,-0.012781922429470249,-0.14973902580490278
PCM1,223,darkgrey,darkgrey,1,-0.5977541074179871,0.7005669137203534,0.3614481193529113,0.3942083807737419,-0.08762207557248766
CLASP1,223,darkgrey,darkgrey,1,-0.3760897349153867,0.6995038913087178,0.5391225054841035,0.16048845751454527,-0.21416946271851953
NIPBL,223,darkgrey,darkgrey,1,-0.4519053362617181,0.6965232140249903,0.5189796202064432,0.19398659036310253,-0.2796757427457665
FBXW7,223,darkgrey,darkgrey,1,-0.41223880860117496,0.6964973687775722,0.5316984719981744,0.1825010968229792,-0.22256785872874896
ZHX2,223,darkgrey,darkgrey,1,-0.5365527369761741,0.6962680595846682,0.42568907085365704,0.2788485419306325,-0.17995185361912577
KDM4C,223,darkgrey,darkgrey,1,-0.5163094094418059,0.694924577847017,0.4606983706364599,0.20944898562837738,-0.08235730949060259
SENP6,223,darkgrey,darkgrey,1,-0.4179987410002039,0.6943434335166876,0.5291343475321423,0.13357788205572776,-0.08183831811709986
RNGTT,223,darkgrey,darkgrey,1,-0.5269153813245155,0.6932665040648931,0.3934615438239491,0.32334017844782725,-0.039340664293941875
CHD2,223,darkgrey,darkgrey,1,-0.2712617948643887,0.6929153931874046,0.6499141715763341,0.0073589581014241075,-0.3338409348520425
FNDC3A,223,darkgrey,darkgrey,1,-0.6341264716369784,0.6928956173813615,0.33093668716838737,0.45227002858232757,-0.08178007008309933
WDR70,223,darkgrey,darkgrey,1,-0.49402602846046345,0.6922834086810777,0.45144751346475975,0.21979261927743496,-0.11550114786171602
MSI2,223,darkgrey,darkgrey,1,-0.21158966894024797,0.6875026495933382,0.6673035405923523,0.007095801871031276,-0.43652851566479783
TTC39C,223,darkgrey,darkgrey,1,-0.6629519628927916,0.6868439888396946,0.31734268816567573,0.3510618489334041,0.12722258857085847
MACF1,223,darkgrey,darkgrey,1,-0.1879312082109731,0.6868097636995094,0.669096959136835,-0.09225369447380119,-0.16288882390263265
FTO,223,darkgrey,darkgrey,1,-0.6248391990032347,0.6845736753999379,0.34163924763264925,0.3956865771123173,-0.08176960622655981
ZCCHC7,223,darkgrey,darkgrey,1,-0.3621732237811906,0.6830746700126376,0.5745144422529046,0.05812310776955495,-0.22776582874077492
SETX,223,darkgrey,darkgrey,1,-0.3248133665563861,0.6827924425339595,0.5674318573871698,0.053685578972076126,-0.20903830534983187
DYRK1A,223,darkgrey,darkgrey,1,-0.4336081308835864,0.6821885999725313,0.501347732027323,0.18681910114915642,-0.21189093825610425
CDK13,223,darkgrey,darkgrey,1,-0.4823500780894662,0.6804624529558048,0.4590773325741782,0.18993173204518268,-0.025549217714564032
FAF1,223,darkgrey,darkgrey,1,-0.45816308158600444,0.6767986361140467,0.44082214589568464,0.27351303440550545,-0.04443269219212509
PDE4D,223,darkgrey,darkgrey,1,-0.40281854018999663,0.6757965596903401,0.5000128360145383,0.11785373403380003,0.04911472181659271
NCOR1,223,darkgrey,darkgrey,1,-0.319353627057731,0.6739403127941042,0.561105118705375,0.09230238476759224,-0.22634268880771763
PRRC2C,223,darkgrey,darkgrey,1,-0.20666117459207886,0.6702717531576785,0.6163756867898186,-0.03253204367618942,-0.13902318716964715
NEK7,223,darkgrey,darkgrey,1,-0.5899566341033483,0.6690773347970982,0.3309393353854726,0.42819754053079256,-0.2239692823040389
EPC1,223,darkgrey,darkgrey,1,-0.3174039796647841,0.6654849638378266,0.5628365625078061,0.09745653367088324,-0.3322853200219249
FTX,223,darkgrey,darkgrey,1,-0.4724115383561983,0.6639380571401273,0.4614527332292332,0.1371491194461636,-0.0699473725029106
CCDC91,223,darkgrey,darkgrey,1,-0.6018324183338848,0.6620645387352828,0.33203248965793714,0.3948634191854593,-0.13782897738084912
DENND1B,223,darkgrey,darkgrey,1,-0.5522787119106632,0.6608000620415917,0.3664386710711685,0.33267915400592,-0.025726542008467072
VPS13D,223,darkgrey,darkgrey,1,-0.32435224622979963,0.6607244446211372,0.542082129362179,0.053169347743806036,-0.14552141517227085
COP1,223,darkgrey,darkgrey,1,-0.6297039898116688,0.6589013765794357,0.30397218709488194,0.43641064466524343,-0.10110606537305743
CAMK2D,223,darkgrey,darkgrey,1,-0.44455328653770937,0.6564153633724931,0.47367932771285404,0.17503505204428005,-0.1767733170041361
EPS15,223,darkgrey,darkgrey,1,-0.22674777608918342,0.6550863670412295,0.6593137582253579,-0.053366519893578754,-0.3294819998286035
FAM214A,223,darkgrey,darkgrey,1,-0.2806010739107841,0.6525235628525347,0.5884733063846427,0.031854274235754744,-0.352562981553658
TGFBR2,223,darkgrey,darkgrey,1,-0.6131502021361518,0.6518331304610667,0.3385000158527912,0.3369780005179041,-0.0397861955728837
BIRC6,223,darkgrey,darkgrey,1,-0.2642542038491265,0.6495340728319244,0.587170558686494,0.01934612869242188,-0.25124271457216735
ZBTB20,223,darkgrey,darkgrey,1,-0.7700254850127498,0.648701822183879,0.1966960433391592,0.5449016430600319,0.11740901724105782
DPYD,223,darkgrey,darkgrey,1,-0.5360691635312252,0.6483949580726032,0.38230371696822885,0.2660716726016055,0.07252474457916412
FBXL17,223,darkgrey,darkgrey,1,-0.5696111926518372,0.6463255599244936,0.35604994604248763,0.31178615480819905,-0.09639442361667773
ARID5B,223,darkgrey,darkgrey,1,-0.19328481658714539,0.6427744756923044,0.6164197413123748,0.025502263866622854,-0.47670340548966383
FRYL,223,darkgrey,darkgrey,1,-0.3422721627612102,0.640721812283609,0.517495825230921,0.13140114124913252,-0.30167179845532976
SETD2,223,darkgrey,darkgrey,1,-0.18310265804709,0.6398478157830277,0.6175450821383931,-0.061245752671308565,-0.11601536168812024
SGMS1,223,darkgrey,darkgrey,1,-0.6369516345775073,0.6390479293082586,0.2753738836256813,0.49177206614856583,-0.10081428512062153
SMAP2,223,darkgrey,darkgrey,1,-0.31343009459969895,0.6347483856680625,0.5876256438957675,-0.011870488674831932,-0.3885196361586319
PTPN4,223,darkgrey,darkgrey,1,-0.4924864011797816,0.6336303142034824,0.37868658036278463,0.2826745771677318,-0.07756232523716167
PHIP,223,darkgrey,darkgrey,1,-0.4333545294910256,0.633183924273473,0.44106170337537226,0.2387115345063739,-0.302768185331154
SPIDR,223,darkgrey,darkgrey,1,-0.27230900823883936,0.6303972230467121,0.56801915504189,0.009467994039917226,-0.12981151349172043
MBD5,223,darkgrey,darkgrey,1,-0.6915177391723542,0.6298002716149215,0.23521491662127056,0.46365475803256156,0.027677986817634715
ARID2,223,darkgrey,darkgrey,1,-0.2805519024338343,0.6265819407162582,0.5544238096730026,0.09928001854141036,-0.3455089615888454
RICTOR,223,darkgrey,darkgrey,1,-0.526686448005827,0.6258783742549063,0.34879339257281516,0.34112928186383007,-0.27803416083352944
ATP2B1,223,darkgrey,darkgrey,1,-0.2560442229084489,0.6257508762608948,0.5514267005013198,0.07161444977957891,-0.3342063830360938
DUSP16,221,darkgrey,darkgrey,1,-0.33292599924868516,0.6243148959090238,0.4890196965152489,0.16664422627147266,-0.26021617547304515
ASAP1,222,darkgrey,darkgrey,1,-0.5505264823784015,0.6242757340537873,0.30692101337959804,0.36024579393009554,-0.02883401545857486
PPP1R12A,223,darkgrey,darkgrey,1,-0.37200236355869365,0.6210698932589478,0.46381756555683545,0.17603017055972212,-0.22010318009435076
CNOT1,223,darkgrey,darkgrey,1,-0.43924864606373726,0.6209558787091919,0.38601394006558454,0.2726748159327613,-0.12556568071687102
MON2,223,darkgrey,darkgrey,1,-0.528743083270567,0.6200764494927655,0.34075867214223515,0.3217739492117141,-0.15277319177466583
FARS2,222,darkgrey,darkgrey,1,-0.5802587726762781,0.6186745524034954,0.29094248543503565,0.3584625437157885,0.029751755015201758
UBR5,223,darkgrey,darkgrey,1,-0.18835196864341666,0.6181393597856675,0.5956921514688297,-0.029679658599463043,-0.28066166203473913
RSF1,223,darkgrey,darkgrey,1,-0.40420811586617084,0.6171791102485628,0.39652438712385124,0.24751756367972585,-0.02100942498917185
SCAF11,223,darkgrey,darkgrey,1,-0.3028919726622443,0.6154598295587601,0.507466968584355,0.08667860151749504,-0.2510138396373564
RPS6KA3,223,darkgrey,darkgrey,1,-0.46068412397659153,0.6088061254344288,0.3896872476475635,0.27133818956438127,-0.18356130535533274
ATP11B,223,darkgrey,darkgrey,1,-0.22533795426095518,0.6053073061845463,0.5566829633692908,0.028303082416423344,-0.36707475946507795
HIVEP2,222,darkgrey,darkgrey,1,-0.5456619439846904,0.6052268522138761,0.2889436504789718,0.38320304788997367,-0.10565365693331008
USP25,223,darkgrey,darkgrey,1,-0.6776673997504068,0.6049944728831095,0.22806005109068833,0.45464461987600097,-0.10411810683180635
THADA,221,darkgrey,darkgrey,1,-0.36993650555892715,0.6041897362234236,0.42415250727878256,0.18118318853515708,-0.14394758865482205
ZNF407,221,darkgrey,darkgrey,1,-0.5954702163769382,0.603004217036462,0.23721289256609598,0.451129148836728,-0.03143381044634284
OSBPL8,223,darkgrey,darkgrey,1,-0.29847022603362156,0.6018143051295709,0.5328445605049678,0.057152030608281175,-0.385283290549381
TBL1XR1,223,darkgrey,darkgrey,1,-0.4197330157562675,0.5996799297249088,0.3731061594232861,0.24981043887956902,-0.09762420856178268
KDM6A,223,darkgrey,darkgrey,1,-0.3644082943206897,0.5993655512162821,0.4528354347858165,0.17484157894223254,-0.31536478906120335
PIAS1,223,darkgrey,darkgrey,1,-0.40547396698203136,0.5983181899849146,0.40194118090248643,0.20521668889024947,-0.18808913818091302
SMG1,223,darkgrey,darkgrey,1,-0.2038482058348162,0.5953388400835968,0.5338655218040155,0.006227474108821324,-0.22114147237452172
PDS5A,223,darkgrey,darkgrey,1,-0.13760711363512934,0.5953189047547186,0.5986250944353668,-0.07749073399326764,-0.24134624055755605
PATJ,222,darkgrey,darkgrey,1,-0.34849955634511054,0.5950542072953457,0.460844979282422,0.03699292878798571,0.09154269952977914
ACTR3,223,darkgrey,darkgrey,1,-0.6049900924034891,0.5945624356496539,0.22402505519726815,0.41714228017824584,0.08155284046547723
ARGLU1,219,darkgrey,darkgrey,1,-0.43720032011550647,0.591547495349632,0.32409232329592375,0.31507373129061866,-0.16398059861910702
ATAD2B,222,darkgrey,darkgrey,1,-0.2637524684585379,0.5913201961498852,0.5249549098146192,0.02696223969431934,-0.12926202976247464
HUWE1,223,darkgrey,darkgrey,1,-0.5870495816715865,0.5912033349905991,0.1832774823714586,0.47807766945675495,-0.00622941688030806
PPP6R3,223,darkgrey,darkgrey,1,-0.43070022726552465,0.5899508857027292,0.3357540536931458,0.3287686936094661,-0.09771276760554355
CAB39,222,darkgrey,darkgrey,1,-0.4211696810137374,0.5867190790285834,0.3623564838732919,0.28293857367008046,-0.13599271092875884
PRKCA,223,darkgrey,darkgrey,1,-0.21907785022743975,0.586316328992985,0.50973809376545,0.0991870425497684,-0.3484754145077611
HDAC4,221,darkgrey,darkgrey,1,-0.4784814282729982,0.5856913179645761,0.32250040335550983,0.3029496069712111,-0.06813652452500665
AP3B1,222,darkgrey,darkgrey,1,-0.5243935607202127,0.5854324977041254,0.28133075551123976,0.358529134997905,-0.042901376940116046
ASCC3,222,darkgrey,darkgrey,1,-0.6264240630615663,0.5850930597142592,0.17584313243836333,0.49596606295350504,0.13368628006797
BBX,223,darkgrey,darkgrey,1,-0.5023178959632103,0.5850397035342556,0.3485139888090614,0.2597976367850191,-0.09956296724851536
EHMT1,223,darkgrey,darkgrey,1,-0.20335725632775217,0.5822934994485124,0.5380986227156948,-0.01844147343053854,-0.2860232484735567
KAT6A,222,darkgrey,darkgrey,1,-0.42326598338097626,0.5822799434771072,0.3742041758251345,0.23255406488025154,-0.18333761295601841
TLK1,222,darkgrey,darkgrey,1,-0.44495614781412846,0.5811646657599547,0.3384359685589211,0.3008275797857537,-0.15478838719217095
ZEB1,220,darkgrey,darkgrey,1,-0.5644196341190397,0.579372964622588,0.22398145752244134,0.49196410624162135,-0.1035153126775428
SCAPER,222,darkgrey,darkgrey,1,-0.5289396452689142,0.5786853301476703,0.29042820426644944,0.36128586085459014,-0.06921468854230717
USP47,223,darkgrey,darkgrey,1,-0.44923792804090407,0.5783934026812577,0.35443914913238544,0.29245396179104605,-0.2685466214555452
ZMYM2,223,darkgrey,darkgrey,1,-0.2703650861029252,0.5763320162622593,0.5123483997005056,0.05168733853031305,-0.34627313087435446
UBAC2,222,darkgrey,darkgrey,1,-0.5464161959279068,0.5730177728587195,0.2565904399265481,0.3595718632106053,0.05742340321081212
KMT2A,223,darkgrey,darkgrey,1,-0.43258947787738644,0.5727576545402557,0.34968665084745126,0.21507085761689565,-0.2068621790368025
ATRX,223,darkgrey,darkgrey,1,-0.1567418148023532,0.5725666414927549,0.5732164344007097,-0.06076750242615534,-0.26041014072174756
PDSS2,223,darkgrey,darkgrey,1,-0.28416915748202215,0.5680843915747807,0.47830133537890923,0.024131213413790886,0.009026995620208908
TASOR2,222,darkgrey,darkgrey,1,-0.4849178773007022,0.5680569933541062,0.28088423905651766,0.3605990088646023,-0.1799142769162491
ZNF644,223,darkgrey,darkgrey,1,-0.5411781188762578,0.5666836969829778,0.2713272019273834,0.3611500067764554,-0.08088723420763383
FOXJ3,215,darkgrey,darkgrey,1,-0.496088117757752,0.5627751348694308,0.25412424495449487,0.37991031423481075,-0.11279708749123146
TRPM7,222,darkgrey,darkgrey,1,-0.31188779150924706,0.5625562122072076,0.4317397899534701,0.13449726334447087,-0.1923112558574595
ARL15,223,darkgrey,darkgrey,1,-0.27353619714995275,0.5601676093653349,0.4899179039424431,0.07064244152370926,-0.3243642335723157
ITSN2,223,darkgrey,darkgrey,1,-0.26129989095426626,0.5597274757176921,0.4999504463349751,0.042766503403300585,-0.28076611245475136
NEDD9,222,darkgrey,darkgrey,1,-0.3989802375935185,0.5593332793975488,0.3549126092733153,0.2563137306199644,-0.13729439698908882
MLLT10,222,darkgrey,darkgrey,1,-0.3782943497907563,0.5579930131020395,0.3686358953646647,0.17636199606374686,-0.12623095894765263
RBL2,223,darkgrey,darkgrey,1,-0.6766760809780602,0.5579090645967164,0.1562489557958139,0.4693140295505918,0.07896478879877178
LARP4B,222,darkgrey,darkgrey,1,-0.4576592366603686,0.5578011426854506,0.3122986358254547,0.28296686739368426,-0.06710344068452745
ERBIN,223,darkgrey,darkgrey,1,-0.6604945378654745,0.5566945330326215,0.15323537704023235,0.5124656160071961,0.003405113000389428
VPS13C,222,darkgrey,darkgrey,1,-0.45223975192587756,0.5562916438787734,0.3305205423669992,0.2653357928360259,-0.12031757220663238
TBC1D22A,222,darkgrey,darkgrey,1,-0.40775134745916186,0.5553353045171412,0.35130067370905105,0.2035395843434208,-0.05792542743405518
KLF12,223,darkgrey,darkgrey,1,-0.5647941028855058,0.5542433245222166,0.2696106563679591,0.3203077040393791,-0.0745280466414589
GSK3B,222,darkgrey,darkgrey,1,-0.48675449092585643,0.5540538988957413,0.2807120669018481,0.3178750536915746,0.00455523747285115
ATR,222,darkgrey,darkgrey,1,-0.28530016467640396,0.5535020217705596,0.42013710745151195,0.06594171455047618,-0.1409520883935427
LUC7L3,220,darkgrey,darkgrey,1,-0.40290072249287384,0.5525190831424086,0.3482856749821075,0.258397330951372,-0.13923998368593835
NAP1L4,223,darkgrey,darkgrey,1,-0.4143798031952061,0.5512239651984637,0.3678582499291674,0.23615783707978927,-0.2497384823311386
MAP4K4,222,darkgrey,darkgrey,1,-0.4363141222106715,0.551108091468621,0.30860645360982586,0.2743779574754161,-0.07435537424548654
ANKRD28,222,darkgrey,darkgrey,1,-0.2517603873423539,0.5502003780487765,0.47499634908504307,0.0454196974752105,-0.18614688011693545
UTY,222,darkgrey,darkgrey,1,-0.3154300851584516,0.549826165431922,0.4233815771601256,0.09737467201105442,-0.155789697819144
LPIN2,223,darkgrey,darkgrey,1,-0.30889005021059507,0.5497594076173102,0.39015782095126483,0.13776323497229467,-0.0005631211518602862
SERINC5,223,darkgrey,darkgrey,1,-0.5778213691304049,0.5437847250973764,0.22529083909854664,0.372759071412876,0.009280861427286775
SMAD3,223,darkgrey,darkgrey,1,-0.2969583697157842,0.5433734949056339,0.42395950891207057,0.0489092824270407,-0.11780836611220656
XRN1,222,darkgrey,darkgrey,1,-0.391789504812918,0.5423712517158954,0.335775204098174,0.2315388417077091,-0.181099136549301
RERE,223,darkgrey,darkgrey,1,-0.1631541355834519,0.54145755536272,0.551613614494904,-0.19611865774125584,0.03477471763411149
ATP9B,220,darkgrey,darkgrey,1,-0.46803726715192373,0.5393658847332417,0.264799967188408,0.32120918263643256,-0.12802832738963527
SCAF8,221,darkgrey,darkgrey,1,-0.47513414379286456,0.5379384087105307,0.27663922983688305,0.3133759018381923,-0.02705237417505832
NCOA2,223,darkgrey,darkgrey,1,-0.394458121132499,0.5371089508435272,0.32277040655947237,0.24670982716810458,-0.172583804398337
ARHGAP35,223,darkgrey,darkgrey,1,-0.5556545286330306,0.5369024351839905,0.22852353467066788,0.3241147934566027,0.10479409279890892
NSMCE2,223,darkgrey,darkgrey,1,-0.39623765043120057,0.5358271293831339,0.34488108753487473,0.17722020795859675,0.04178674800933073
COMMD10,219,darkgrey,darkgrey,1,-0.5836761296399334,0.5354001490069389,0.18305948427299032,0.4340826448763063,0.01518994597583284
SEC24B,222,darkgrey,darkgrey,1,-0.2863206420209873,0.5334004539137728,0.4309907500990803,0.10348961392531551,-0.25866275076817014
FCHSD2,222,darkgrey,darkgrey,1,-0.3466821014250255,0.5332997084662929,0.35855233732973163,0.1814031145913253,-0.019743268506300274
PPP3CA,223,darkgrey,darkgrey,1,-0.3955926625158432,0.5322921660889942,0.3764378377680011,0.1260014613866487,0.0017724563988594717
ARFGEF1,221,darkgrey,darkgrey,1,-0.45853501393619667,0.5322444714076491,0.2655332042417493,0.3204642713187515,-0.07536804134459092
REV3L,223,darkgrey,darkgrey,1,-0.42747171115655697,0.5303121201355789,0.30639325117328575,0.30688645361059397,-0.10765669293508583
ADAM10,223,darkgrey,darkgrey,1,-0.22136068780616067,0.5283472901524973,0.48574914897336335,0.023039536971092497,-0.28913047641155165
AGPAT3,223,darkgrey,darkgrey,1,-0.30003064569779403,0.5264752849098817,0.38205676855909954,0.10510158595745374,-0.03795829124190448
ROCK1,222,darkgrey,darkgrey,1,-0.37366606811837516,0.5224229803197087,0.32418269903182423,0.21746427674155042,-0.1501161982214311
TTC17,220,darkgrey,darkgrey,1,-0.6256172421570441,0.5210277462405738,0.12786269252461901,0.5143050672000933,0.040474952647750945
DLG1,222,darkgrey,darkgrey,1,-0.5162042451775094,0.5205128353691287,0.2244725587328358,0.387190117465503,-0.1254625862607663
SND1,222,darkgrey,darkgrey,1,-0.5521949580168563,0.5205059651608372,0.14560069353612246,0.4320057739509923,0.037359614184834876
KTN1,223,darkgrey,darkgrey,1,-0.5485155316431833,0.5204037533035039,0.18959251442313285,0.40311787767089935,0.0417074121717855
ATXN10,211,darkgrey,darkgrey,1,-0.527042736167323,0.5203248910110693,0.17145755136762977,0.4471659172467489,-0.026375027109913754
UBR3,220,darkgrey,darkgrey,1,-0.4260572547488311,0.5187134648083274,0.27622455730974177,0.25753745758303737,7.466760432931969e-06
DIAPH2,223,darkgrey,darkgrey,1,-0.21104782426205856,0.5138307818585327,0.4950176688702859,-0.04104183836462354,-0.20984997299042404
DYM,220,darkgrey,darkgrey,1,-0.46897556798040685,0.5132122157858724,0.2423196744156707,0.34339748642808543,-0.06088333351181769
RASA1,223,darkgrey,darkgrey,1,-0.4672554859554241,0.5072035585173749,0.2973313308227785,0.22657572729022782,-0.07434719968991856
ERC1,222,darkgrey,darkgrey,1,-0.2541747038196609,0.5065348911276062,0.40606771880044723,0.0731962159068206,-0.01675809112503206
ANKIB1,222,darkgrey,darkgrey,1,-0.387515301434419,0.5064824940051303,0.28633276245764,0.24633495275176712,-0.0820934293693179
IMMP2L,223,darkgrey,darkgrey,1,-0.6906854568586385,0.5048156926716393,0.06607129013048232,0.5168694863647201,0.1906907987637066
CHCHD3,220,darkgrey,darkgrey,1,-0.5107099736227393,0.504372792627569,0.18739647582956834,0.3830722618817214,-0.05575355236454513
FAM120B,215,darkgrey,darkgrey,1,-0.525782505676613,0.5034889903784818,0.1773764592086763,0.3923627416181821,-0.016354689616472923
ITFG1,222,darkgrey,darkgrey,1,-0.5072095479282016,0.503271043835937,0.19603676780463145,0.3829986812743281,-0.006433548964900991
MED13,223,darkgrey,darkgrey,1,-0.08371230131108019,0.5026182489224091,0.5317729983252721,-0.07623240793870521,-0.15315226332489879
TNRC6A,223,darkgrey,darkgrey,1,-0.38438233273750994,0.5014942001831079,0.33109143572585087,0.170278603347589,-0.12163492951376713
TENT2,220,darkgrey,darkgrey,1,-0.4182901414278422,0.5014767892778799,0.24930183061430128,0.2973828795439184,-0.11470695012724001
SRRM2,223,darkgrey,darkgrey,1,-0.4068709334103167,0.5005153472665899,0.2713081429659323,0.27966486774191524,-0.17354540863486537
BRWD1,222,darkgrey,darkgrey,1,-0.3117961634446521,0.49696471827662,0.36874760120300626,0.13190117364230813,-0.10739688476996834
SBF2,222,darkgrey,darkgrey,1,-0.4289167156273276,0.4959668786306189,0.2636788107802102,0.21804250978425513,0.18739139447776249
NSD1,221,darkgrey,darkgrey,1,-0.3209134550804309,0.4950175449224053,0.31530638945042383,0.1875715132764095,-0.047153521961292216
NBAS,218,darkgrey,darkgrey,1,-0.5135651089815418,0.49461952221255223,0.16679635430372194,0.4014261921774493,-0.05634324270383211
CNOT4,216,darkgrey,darkgrey,1,-0.4214966357947164,0.49313072818482784,0.23739203201519285,0.34675970997933997,-0.08912840434046851
WDR33,220,darkgrey,darkgrey,1,-0.3583063184587673,0.4916787725389892,0.3088447437220803,0.1899630165463809,-0.018797481201725308
TANK,223,darkgrey,darkgrey,1,-0.16969909376846998,0.4912532682661558,0.468300067172015,0.0153204647767248,-0.4278089506493665
ZNF207,223,darkgrey,darkgrey,1,-0.5331549850092717,0.49051024485500355,0.20985368861719536,0.3686068538076571,-0.16618124854755148
TBCK,214,darkgrey,darkgrey,1,-0.5681065410783708,0.48964288547966656,0.13325807013843133,0.46102454127880954,0.010363485583829223
PSMA1,221,darkgrey,darkgrey,1,-0.5027573729880507,0.488630541832542,0.17821551492946153,0.379942845895833,-0.006563710911040135
LCOR,221,darkgrey,darkgrey,1,-0.35002710326201064,0.48833652899693625,0.3093671478880699,0.18843452646009823,-0.023738122932180965
GPHN,217,darkgrey,darkgrey,1,-0.44162788645355017,0.4878199745047483,0.22191284914901832,0.34641504940764606,-0.15807251628224755
ANKRD17,222,darkgrey,darkgrey,1,-0.2812027536153287,0.48768257760358463,0.36379544641635336,0.12101411290534876,-0.0815214050437212
SNX9,213,darkgrey,darkgrey,1,-0.35561693477876044,0.4876681316310442,0.2895391395316687,0.3162313766143904,-0.2504426399459879
SCFD2,218,darkgrey,darkgrey,1,-0.5030641441659696,0.48764695433977223,0.1783719283822416,0.3557804585601631,0.046316842444458564
SMC5,222,darkgrey,darkgrey,1,-0.3799242792711291,0.4875060613801821,0.28394795995721456,0.27057887219140386,-0.16215340157698147
THRAP3,223,darkgrey,darkgrey,1,-0.2891834962701896,0.48593394693226183,0.3474855892378385,0.10510015128227244,-0.04659809989977889
STT3B,221,darkgrey,darkgrey,1,-0.5219330208355555,0.48514898354807484,0.1462110361540867,0.4336657250473003,0.0053784216162026536
MKLN1,222,darkgrey,darkgrey,1,-0.45883475013767366,0.4847247422593012,0.208882635457683,0.33706051956166416,-0.02896048415042774
AUH,217,darkgrey,darkgrey,1,-0.43120408974013863,0.4839020757377145,0.22605715567304,0.3303764790019311,-0.11784606490971102
CUL3,222,darkgrey,darkgrey,1,-0.3108353556040786,0.48320355764072365,0.337201370211013,0.21932693877820025,-0.34013529713344337
PCCA,218,darkgrey,darkgrey,1,-0.3663477394739795,0.4824054476872385,0.2489138049727302,0.26796407146897094,-0.07795015067225057
SPECC1L,208,darkgrey,darkgrey,1,-0.4839265634044146,0.4789285209628877,0.16958329885650247,0.41003291540096715,0.0017098462534184669
CCNY,221,darkgrey,darkgrey,1,-0.47861762468888114,0.4786776570232088,0.16928486522232264,0.3851436006614488,0.0811958429410339
VPS13A,218,darkgrey,darkgrey,1,-0.5219582130379878,0.47861678483484416,0.1488103004647832,0.4268261868215268,-0.005856101625848005
STAG2,222,darkgrey,darkgrey,1,-0.2997308290135076,0.47818761759323475,0.3493466497823924,0.14100520503872802,-0.09695563145079533
KIAA0319L,218,darkgrey,darkgrey,1,-0.37316026841238487,0.47745862522566296,0.24159436391404454,0.27356527250608875,-0.08109966274239587
ZNF148,222,darkgrey,darkgrey,1,-0.46688917300477223,0.4772310872760225,0.21557437737962204,0.31360172413400544,0.026356839118628225
TMEM131L,222,darkgrey,darkgrey,1,-0.25696752681210905,0.4762102332846352,0.3749889098018681,0.08666351979157193,-0.1499280334226078
MAN1A2,215,darkgrey,darkgrey,1,-0.4994685248085987,0.4748135639281335,0.15632208980623594,0.44584621349674086,-0.152807993863383
DIAPH1,223,darkgrey,darkgrey,1,-0.3718100399998809,0.47348060944266723,0.24807576874184992,0.28693165500117557,-0.11590997940783154
UVRAG,221,darkgrey,darkgrey,1,-0.4370256890673519,0.47280538555868423,0.20016322290827077,0.32756576220375505,0.08390875104886661
PTBP3,223,darkgrey,darkgrey,1,-0.4141839718435351,0.47089257563314263,0.24754614857341836,0.26151190980971706,-0.09692197998037469
LMBR1,217,darkgrey,darkgrey,1,-0.4926573745556841,0.4703625606221373,0.16055131070538278,0.3832168890765406,0.0209206277272343
MAPKAP1,220,darkgrey,darkgrey,1,-0.4276503545391678,0.4667339622612171,0.21142303900699883,0.28527612084030607,-0.022884893939612627
HECTD4,223,darkgrey,darkgrey,1,-0.18035851035221426,0.46655713611059374,0.4043145162790843,0.01900071248590336,-0.0946706998211828
RSRC1,219,darkgrey,darkgrey,1,-0.4677613702338817,0.4664537989172655,0.17673353918832088,0.35171611165964545,0.001751987621105356
UBE3A,219,darkgrey,darkgrey,1,-0.4538966051250819,0.46372328306702604,0.16646343495194652,0.3569434922322553,0.039332811650857474
ADK,222,darkgrey,darkgrey,1,-0.16351850088567474,0.4635869323705942,0.43830854366162525,-0.0319149450598054,-0.15544899026409653
SETD5,221,darkgrey,darkgrey,1,-0.4148159266034411,0.46268252844006486,0.23258704858987214,0.2779503087615656,-0.17896097036412836
SRSF5,221,darkgrey,darkgrey,1,-0.4431610991692324,0.46175350784902003,0.20597867352148566,0.35225908333774997,-0.11175590013029656
GNAQ,219,darkgrey,darkgrey,1,-0.38045369356215475,0.46068949493473277,0.25595280799102477,0.24071309557130652,0.038101783561546795
ASXL2,222,darkgrey,darkgrey,1,-0.3222025565311826,0.4603983929328208,0.2766521047647014,0.22410756769736423,-0.07855529504131849
BDP1,222,darkgrey,darkgrey,1,-0.16462318008740587,0.4597508632953357,0.3973799750418714,0.032636566769925816,-0.16147205662280195
PPP1CB,223,darkgrey,darkgrey,1,-0.27395012824593984,0.45939222874522934,0.346532609018712,0.1536794442221081,-0.3112775835211528
BCLAF1,220,darkgrey,darkgrey,1,-0.37788535717149047,0.45932041041656957,0.24790569811557356,0.27356019443410823,-0.17329076761251563
EXOC6B,220,darkgrey,darkgrey,1,-0.40360995238092323,0.45806160027224063,0.22560021049446993,0.24946035697149893,0.01002747486628753
MAP4,223,darkgrey,darkgrey,1,-0.10480130463426628,0.4572113154079453,0.4180187501097179,-0.01348876368858924,-0.08526477299943533
ST6GAL1,222,darkgrey,darkgrey,1,-0.4211343327902153,0.4540422497530372,0.2120321716428856,0.25338371651760744,0.05529320754588319
TNKS,220,darkgrey,darkgrey,1,-0.4901398121288035,0.45291574683140123,0.15141051019087248,0.36554044145461695,0.05627773357477322
XPO1,222,darkgrey,darkgrey,1,-0.19358130098725002,0.4510169603653212,0.3286381228311557,0.11487102307552738,-0.06356300904143415
PBRM1,222,darkgrey,darkgrey,1,-0.14862126081026328,0.45035020808697634,0.41890770981652453,-0.003517847718238642,-0.1234700045228533
RPTOR,222,darkgrey,darkgrey,1,-0.3123664589142633,0.44957733095387575,0.30528479798524494,0.08988168414386337,-0.00889144337573364
UMAD1,218,darkgrey,darkgrey,1,-0.49384799132625556,0.4492147011516756,0.14171243259648295,0.383011873067257,0.041486916826319865
KPNA1,213,darkgrey,darkgrey,1,-0.4248133263502896,0.4490304057275737,0.1821790287683245,0.3384941938016914,-0.04248165139875824
FBXO11,221,darkgrey,darkgrey,1,-0.17336793060939237,0.44749149310337993,0.3966867093908554,0.048330941849810294,-0.27206531367623094
PLCB1,223,darkgrey,darkgrey,1,-0.3407660010418624,0.4472881446786459,0.29304204961703245,0.05897390993222762,0.30505686211045935
PDE8A,214,darkgrey,darkgrey,1,-0.3561891133212782,0.4466123861529514,0.24393925040724973,0.22799382961212877,-0.10721376350806816
CLASP2,223,darkgrey,darkgrey,1,-0.2580006226938805,0.44331295456208536,0.36892779049489605,0.024875103717062527,-0.11000195333280359
CAMKMT,222,darkgrey,darkgrey,1,-0.37545787132015135,0.44293397157850517,0.22656699349081758,0.26545996497894037,-0.0905391488546316
DENND1A,221,darkgrey,darkgrey,1,-0.33965441131139057,0.44172640175935257,0.2686428209905245,0.1880288455004504,-0.036735230175590654
ZFR,220,darkgrey,darkgrey,1,-0.2835030673157036,0.43941548575150646,0.25924393469957685,0.18945310611841976,-0.15107439619355356
PPP2R2A,222,darkgrey,darkgrey,1,-0.1448767582772943,0.43853885146772076,0.41050656233761923,0.00813630323182514,-0.2697410754431364
FUS,223,darkgrey,darkgrey,1,-0.18519640747613847,0.4365566586147696,0.4207607563469125,0.01089657035077427,-0.269749955822087
HNRNPH1,223,darkgrey,darkgrey,1,-0.21211780788245208,0.43568122010641686,0.38461294786613964,0.05013343179667306,-0.30919890448955384
CEP350,221,darkgrey,darkgrey,1,-0.380731952442121,0.4353176433240663,0.18313163833042925,0.2770873486219277,-0.03914954726044454
PPP1R12B,218,darkgrey,darkgrey,1,-0.4559004601156155,0.433972365034357,0.15352409318420795,0.3670749570932755,-0.05563440079896319
USP3,223,darkgrey,darkgrey,1,-0.3146227946253513,0.433150727277224,0.34244400230702593,0.12175377819923011,-0.24244572333359632
GOLGB1,218,darkgrey,darkgrey,1,-0.38767655042736093,0.4321933457082404,0.16721773200301512,0.318552403619214,-0.022410716289726237
SORL1,223,darkgrey,darkgrey,1,-0.2501560104816167,0.43049115286901435,0.39096031418270594,-0.06812444072016743,0.002464564617919851
GOLGA4,222,darkgrey,darkgrey,1,-0.1768043767892134,0.4288884450929491,0.3532978659794302,0.07074116906727249,-0.157964964172039
SFPQ,223,darkgrey,darkgrey,1,-0.262504295749754,0.4272682215075715,0.2864664099169174,0.17760664484284056,-0.19157824057840478
EXT1,223,darkgrey,darkgrey,1,-0.34232680608816934,0.42653836042967586,0.22112732952906194,0.22421274579176134,0.17762398688091666
CCNL1,219,darkgrey,darkgrey,1,-0.38618080444722425,0.4257202595934077,0.2012890363099894,0.3183178722690435,-0.1725928681452329
RAB3GAP2,219,darkgrey,darkgrey,1,-0.3973510699991383,0.4245574779491167,0.169112172656508,0.3149588076342741,-0.05194928818770818
GMDS-DT,221,darkgrey,darkgrey,1,-0.4645675128400919,0.4240354579218237,0.15180806588373602,0.32668325833298856,-0.055621256725130803
KAT6B,222,darkgrey,darkgrey,1,-0.12256209130031243,0.4222061177791692,0.4239344994255132,-0.045801624030137406,-0.18339850189915202
TTC3,220,darkgrey,darkgrey,1,-0.48970446254007566,0.42084363909289835,0.12380980979417781,0.3525917732329809,-0.03073627858146735
WAPL,216,darkgrey,darkgrey,1,-0.2998213765301655,0.420787617570216,0.2562371317734416,0.21557915182307408,-0.07525366222336737
RBM26,220,darkgrey,darkgrey,1,-0.4432972848381164,0.42076992163299826,0.1667548965975391,0.3206165482612285,-0.08274526538784797
RREB1,221,darkgrey,darkgrey,1,-0.3425269700235886,0.4198752011983354,0.22419771942526318,0.22797251790080572,-0.016432262135914786
BRAF,222,darkgrey,darkgrey,1,-0.2896128689844361,0.41957084686938395,0.28034891707238985,0.16849156550997824,-0.1839047329287157
TRPC4AP,221,darkgrey,darkgrey,1,-0.1608097089436678,0.41885323690112924,0.3965736983605068,0.054054842838351776,-0.3090493651944439
AC118549-1,217,darkgrey,darkgrey,1,-0.4741221426674517,0.41843141962512514,0.1240992514199883,0.3684384578966468,0.017976569999179935
SUMF1,222,darkgrey,darkgrey,1,-0.3724283016106787,0.4168906032474124,0.2328571246463505,0.17122547058472137,0.04264181320559461
ATG7,222,darkgrey,darkgrey,1,-0.08401522229466192,0.413982450868332,0.4439515949136312,-0.08848940075170963,-0.20075106507199464
CHD6,221,darkgrey,darkgrey,1,-0.4718795095821296,0.41314312424807176,0.14193395383625795,0.32019103592018255,0.03699581394683531
UBE2D3,223,darkgrey,darkgrey,1,-0.3592902650478715,0.4119913618073695,0.22295189056011613,0.25919999561153567,-0.19560365184700065
LRCH1,217,darkgrey,darkgrey,1,-0.38774564469184486,0.4117329363202586,0.17648218852864347,0.30261334271807344,-0.10004041417338218
SMURF1,207,darkgrey,darkgrey,1,-0.4249773607815701,0.4112780735485888,0.1382739213392736,0.3438518216607534,-0.06227324295585591
FOXO3,222,darkgrey,darkgrey,1,-0.22108613884555767,0.41054013298687125,0.35182363207662165,0.02083204011441255,-0.1131637307025322
WASF2,223,darkgrey,darkgrey,1,-0.15337620417487297,0.40883284553293975,0.349119957945161,0.015708523517710057,-0.018461509380467336
GMDS,222,darkgrey,darkgrey,1,-0.3099154506868852,0.4082338724034284,0.23254869943836268,0.26049473617211755,-0.15152000540433844
CSNK1A1,221,darkgrey,darkgrey,1,-0.3629881470251857,0.40691382574425383,0.1968188306532245,0.28492557890677594,-0.06767703431849863
PPP3R1,221,darkgrey,darkgrey,1,-0.3522481377530717,0.4058911436901875,0.20718840739030253,0.2614728593643873,-0.07500448404569547
RPS6KC1,214,darkgrey,darkgrey,1,-0.4275187092416811,0.40356847528751805,0.11506399119371694,0.3527299516841424,-0.01602234176175442
RAB10,221,darkgrey,darkgrey,1,-0.21554037540920545,0.40313083795128934,0.293923300994792,0.13132054079325547,-0.10579301191531158
UBE3C,220,darkgrey,darkgrey,1,-0.3584366903447053,0.40289829198356936,0.17867382695857337,0.2602534660606744,0.011390857069159509
MBP,223,darkgrey,darkgrey,1,-0.28863097397114434,0.3990023125929046,0.31014880055595173,0.035865664942604514,-0.11702461842720423
RSRP1,221,darkgrey,darkgrey,1,-0.3675524380128537,0.3972728641236714,0.20777172184013956,0.21989695412029403,-0.13307347049163457
KDM5A,222,darkgrey,darkgrey,1,-0.19273982610858373,0.39720084417737894,0.34374309462716746,-0.00014837829980927748,-0.06508062356031429
LUC7L2,219,darkgrey,darkgrey,1,-0.4248238936308955,0.3961660305487052,0.12171659239970029,0.3564579232090112,0.02028475951870632
SPPL3,221,darkgrey,darkgrey,1,-0.27845268645716,0.394158208687417,0.2628892005096619,0.17253433775311372,-0.19839189560304135
UGP2,220,darkgrey,darkgrey,1,-0.2429386437746762,0.3927378175555697,0.25470975870807466,0.22348977941977768,-0.23640179909352402
USP32,222,darkgrey,darkgrey,1,-0.179569438132643,0.3904839095670782,0.3125487967375969,0.030845258986227257,0.017662831891665103
HERC2,219,darkgrey,darkgrey,1,-0.3721509065651522,0.3904248888925167,0.15386645803575555,0.27209303831163917,-0.031168826261828
TMCC1,219,darkgrey,darkgrey,1,-0.3024659914905741,0.3884554610072619,0.2186942659348644,0.19667476674106954,0.06885543135859157
SLMAP,222,darkgrey,darkgrey,1,-0.08135700430895065,0.38809253608936495,0.4099641962766367,-0.08171709307513286,-0.25969535800969246
ESYT2,222,darkgrey,darkgrey,1,-0.3075268141230667,0.3873501687313092,0.21076744917883442,0.2602302778253302,-0.17912179989009894
CAST,222,darkgrey,darkgrey,1,-0.37047595771833713,0.3837803758047218,0.16732797181197706,0.2667200434793442,-0.06016244603544945
MEF2A,221,darkgrey,darkgrey,1,-0.39572972341167156,0.3801669299436402,0.138002049154829,0.3231314516253057,0.036205469962667394
GIGYF2,217,darkgrey,darkgrey,1,-0.3574824861955134,0.3790547519182609,0.145230953790132,0.286016938996561,0.01873490635453233
USP9X,218,darkgrey,darkgrey,1,-0.39065869625633076,0.37578934751509,0.11148963197366644,0.3517214697078138,-0.037445904696885864
POGZ,220,darkgrey,darkgrey,1,-0.3216617683244425,0.37166649104048066,0.17631725163272424,0.2270987317314801,-0.029394358864242832
LIMS1,219,darkgrey,darkgrey,1,-0.3147307966349454,0.37076572635869853,0.16523373275457703,0.28127040866818653,-0.0614062063751982
ECPAS,218,darkgrey,darkgrey,1,-0.39775285530263893,0.3666220846873813,0.0980941788072633,0.3490071980774603,-0.002013604907536317
TPR,218,darkgrey,darkgrey,1,-0.32964038139696344,0.36274376578632106,0.1342379460086032,0.29963807329742753,-0.03229702818544067
HIPK3,220,darkgrey,darkgrey,1,-0.3687170590555533,0.36193133763168966,0.14415038910772865,0.24018806592650985,0.025905656215848255
SPEN,221,darkgrey,darkgrey,1,-0.18527039084827146,0.36083136680763483,0.2552145252322718,0.11758474274229021,-0.10497413416827582
ADD1,222,darkgrey,darkgrey,1,-0.18894535920756392,0.36079173221520794,0.27677727402119023,0.0698721507954742,0.011159323072986367
TUT7,220,darkgrey,darkgrey,1,-0.30917359684319584,0.35906517681499517,0.1822047266798024,0.24863723628419387,-0.17038582852771322
NEAT1,223,darkgrey,darkgrey,1,-0.1448890996693257,0.35810441781303304,0.3024576915640722,0.14211734238909554,-0.4374855790545948
OSBPL9,221,darkgrey,darkgrey,1,-0.24711949895508994,0.35366580632791583,0.18742074002311399,0.1827455269476308,0.09946402857146809
MAPK14,221,darkgrey,darkgrey,1,-0.2302683097316845,0.3534686886619238,0.24133875702435945,0.13223303994557312,-0.10245141571798722
PDXDC1,214,darkgrey,darkgrey,1,-0.3801448760120082,0.3510564847614736,0.09370479053749489,0.3300316320610743,-0.01363597312032953
ACACA,211,darkgrey,darkgrey,1,-0.30171144354668544,0.3497270841000643,0.15912681827647912,0.23795530874285448,0.046658061973797973
XPR1,221,darkgrey,darkgrey,1,-0.22087529270114473,0.34950743479779894,0.22522634155354535,0.14191477505959357,-0.07947311026754056
BTAF1,222,darkgrey,darkgrey,1,-0.19770164753759856,0.34907821154583724,0.26740613518719936,0.09758174715502418,-0.1292247414604749
SLC39A11,219,darkgrey,darkgrey,1,-0.2177647880112604,0.34869879558045114,0.23214184425284073,0.11220476343449204,-0.03660913126825429
RAB2A,220,darkgrey,darkgrey,1,-0.4098153956294273,0.3470524277857701,0.07592075853492286,0.3791841094750519,0.019025303961517838
STAU1,219,darkgrey,darkgrey,1,-0.19432118005231347,0.3468789087317521,0.20173652199392025,0.17577743756848616,-0.043502160917364675
TNKS2,215,darkgrey,darkgrey,1,-0.45361112228445566,0.3463153452774835,0.0472779624497606,0.3660583489445233,-0.0010348520232862039
SRSF11,222,darkgrey,darkgrey,1,-0.2851495887315052,0.3460752202537743,0.2180943284034516,0.14981198314639102,-0.19474078439816248
THOC2,221,darkgrey,darkgrey,1,-0.19931015775581007,0.34157450177236603,0.2464567064994927,0.0985808200742434,-0.2892672932512049
NSUN6,208,darkgrey,darkgrey,1,-0.3112414450096635,0.34021731456408894,0.13934081682430285,0.2206722697962386,-0.07988924491569115
ZC3H13,220,darkgrey,darkgrey,1,-0.2827232777956573,0.33121042227246733,0.16537230405396428,0.1580148491893823,0.0025656070518614202
CLINT1,219,darkgrey,darkgrey,1,-0.33879237754314867,0.324628266681422,0.10045757059879597,0.27372384807899336,0.008258526576959795
SRSF4,220,darkgrey,darkgrey,1,-0.13110947097505798,0.3227522109266464,0.2684988806618709,0.06325874804251538,-0.21569368168896683
SEPTIN7,223,darkgrey,darkgrey,1,-0.41282907834506527,0.32105678365059603,0.10132053772574011,0.2565574138211097,-0.06700265426597216
HOOK3,215,darkgrey,darkgrey,1,-0.25503561270842495,0.31299867340476467,0.1281839253714492,0.23846689845907687,0.026866609556632257
CRADD,220,darkgrey,darkgrey,1,-0.2771786646550492,0.3097113633500336,0.15877970820944975,0.1748317408483969,0.04218790410409936
TAF15,223,darkgrey,darkgrey,1,-0.18156052592195115,0.3067881699264116,0.24393896524256659,0.1170661357803505,-0.3327585056535506
KIAA0232,218,darkgrey,darkgrey,1,-0.2213885085074595,0.3011981228618374,0.16313000677683576,0.18710772956455535,-0.08328697305334708
SEC63,218,darkgrey,darkgrey,1,-0.32811162469908495,0.29797599576656336,0.07554213679780074,0.25853181990314816,-0.06156424180496406
HIBCH,218,darkgrey,darkgrey,1,-0.19919447778486812,0.29631266162642017,0.19312516575245608,0.17391740061867658,-0.12915685837776583
TGOLN2,222,darkgrey,darkgrey,1,-0.33760708088674996,0.2935800497886106,0.0664122819133322,0.23845769461179425,0.11461983154910885
MAP3K2,222,darkgrey,darkgrey,1,-0.22155044843732452,0.2932321406655977,0.16007613181091546,0.18991199964008063,-0.025426406455053913
RAPGEF2,223,darkgrey,darkgrey,1,-0.1298979902202109,0.2897683092773874,0.25210167440649395,0.029080640095862156,-0.06767527386229005
ANKH,216,darkgrey,darkgrey,1,-0.39557888720269685,0.28909972448631666,0.013341812120002678,0.3148623688358573,0.08027033099316436
DYNC1H1,222,darkgrey,darkgrey,1,0.041400010002316544,0.2884033149356548,0.3649470107288795,-0.16422444302444947,-0.0676977836735878
NPEPPS,218,darkgrey,darkgrey,1,-0.22417445064685632,0.2883550909482642,0.17612760086416626,0.16145397995696092,-0.06376266411823857
MDM2,221,darkgrey,darkgrey,1,-0.1077111555632624,0.2829712585810365,0.22728677923211363,0.072198834896131,-0.06531211951638734
ATXN2,222,darkgrey,darkgrey,1,-0.061304522935405066,0.2811006210340064,0.30439882948158986,-0.05277733201254066,-0.06966548659425427
BAZ2B,220,darkgrey,darkgrey,1,-0.30241125214142406,0.263639684285593,0.10496562228119073,0.1668041562938219,0.10597897783179822
PPP2R5A,220,darkgrey,darkgrey,1,-0.20870671233126606,0.25905880958637484,0.13299750479145445,0.19007737952397236,-0.14313104238114735
ANKS1A,217,darkgrey,darkgrey,1,-0.2429380280665936,0.2531396321034743,0.12262200556516142,0.16417022652024948,-0.09598814980607004
EIF4A2,222,darkgrey,darkgrey,1,-0.2329663443853407,0.2486777875033859,0.09874323072366378,0.25937429366857745,-0.17223523434213067
ATP2A2,220,darkgrey,darkgrey,1,-0.08867626329185904,0.24769841204732226,0.1711741391976923,0.10551166799867948,-0.06959897482155213
ZMYM4,218,darkgrey,darkgrey,1,-0.2681680512948431,0.2428717163974686,0.0702050076965558,0.17705448903840607,0.004726519873563563
HIPK2,222,darkgrey,darkgrey,1,-0.37650835148136735,0.22923381936585985,-0.04438963083665283,0.36379081995341767,0.156040367602395
LINC01578,223,darkgrey,darkgrey,1,-0.09012018034852054,0.22591533621540508,0.21242454453019813,0.09981605339244454,-0.34826022941013585
PRKAG2,221,darkgrey,darkgrey,1,-0.25967409974067013,0.21583011261553736,0.07691601613450064,0.1488867159043947,-0.018783914287501337
TACC1,221,darkgrey,darkgrey,1,-0.21774197313483337,0.21167094200041933,0.08041280756463605,0.21062709682391387,-0.02376511900645369
RAB1A,222,darkgrey,darkgrey,1,0.1433137264874236,0.1662171945734948,0.30836781499578264,-0.17618217456940277,-0.3042132389584957
SF3B1,221,darkgrey,darkgrey,1,-0.31077175736533413,0.14484743260628694,-0.03669580498062002,0.25483899355614054,0.0025654272803844677
ELF2,219,darkgrey,darkgrey,1,-0.09754778542919963,0.13632064145403083,0.10085415944205832,0.03980035990120187,0.05735772197359579
SON,223,darkgrey,darkgrey,1,-0.15778705588823277,0.13593714094663717,0.08230911148143946,0.0009967025921108852,-0.03410598781950568
IQSEC1,222,darkgrey,darkgrey,1,-0.24127888331078276,0.12498554898654164,-0.05012479271983561,0.2624282364737797,0.05084087744604132
CPEB4,217,darkgrey,darkgrey,1,-0.07059250420405352,0.118182601858468,0.03210358536375382,0.11865719875220598,-0.09321087654608022
SPTAN1,222,darkgrey,darkgrey,1,0.09032146890137757,0.07088764340947924,0.09985639191499394,-0.0246764325555313,-0.03354977625618218
PTPRM,218,darkgrey,darkgrey,1,-0.18598979880148536,-0.03679541620551148,-0.12021497067080152,0.1095801914193026,0.11261539758535795
YWHAZ,223,darkgrey,darkgrey,1,0.02227599093475692,-0.11352479053613872,-0.10654699727746865,0.04997799256775997,-0.01486525867234272
STOM,215,darkgrey,darkgrey,1,-0.30264780661772084,-0.12601911974388266,-0.3462231667624731,0.2953734339573174,0.25184878985254294
XBP1,209,darkgrey,darkgrey,1,-0.25924958131898546,-0.15857577880008553,-0.39707180936563546,0.3303423977537439,0.18152811566654414
DDX3X,222,darkgrey,darkgrey,1,0.061386707438369575,-0.16194579441340315,-0.12222372395515513,0.01834897415799525,-0.15164893120484127
EIF4B,221,darkgrey,darkgrey,1,-0.13149987825329154,-0.16650240224893212,-0.2909412856211014,0.16636343722609828,0.34990268577559236
ITM2B,222,darkgrey,darkgrey,1,-0.30658735491984834,-0.16947054518631371,-0.40658795870719106,0.3198757540905999,0.2311574773835057
FGD4,199,darkgrey,darkgrey,1,-0.031552953908073694,-0.19412544465703643,-0.24806143640739445,0.09410096355728607,0.3188507192969765
LDHA,209,darkgrey,darkgrey,1,-0.06671665949874378,-0.196523985074794,-0.2979548357861923,0.22504695139534428,0.1078921431059691
SERBP1,220,darkgrey,darkgrey,1,0.012236352690456287,-0.22981430056498284,-0.2903409554789846,0.14602198565872623,0.1396303806310651
UHMK1,206,darkgrey,darkgrey,1,-0.25681878219597043,-0.25001660709553764,-0.4993595759536031,0.3851044369771344,0.24942987546181863
PLIN2,217,darkgrey,darkgrey,1,0.08715372690115669,-0.2527771814671644,-0.21794059065202057,0.035732385419279845,0.17756200512558495
TLN1,216,darkgrey,darkgrey,1,-0.1986613269791783,-0.2596947651269545,-0.47393353394506454,0.29314051623818776,0.2954189685005019
TRIO,217,darkgrey,darkgrey,1,0.05379937666297341,-0.2731729606088209,-0.2722450974127118,0.018328922029342526,0.27944602110249495
SOD1,211,darkgrey,darkgrey,1,0.010369769379550054,-0.3064678092370207,-0.33809690603699816,0.1695753419518542,-0.15584682895880772
SMIM14,196,darkgrey,darkgrey,1,-0.26465633336893424,-0.30932282898069274,-0.559155653122206,0.3842939499042064,0.37148772926887724
CD99,223,darkgrey,darkgrey,1,0.05867209779213616,-0.32207761741938157,-0.3334659156048547,-0.04896527640781669,0.30646349395278516
PNRC1,217,darkgrey,darkgrey,1,-0.0992143842721123,-0.3376931880324192,-0.4701369457447775,0.20416909837815128,0.1972610292999053
TMBIM6,217,darkgrey,darkgrey,1,-0.21039041396180805,-0.35095813885602123,-0.5876160106633463,0.36114866639514265,0.2745390556417533
ETFB,194,darkgrey,darkgrey,1,-0.0791972242473399,-0.3544135969671767,-0.49429555794057994,0.3252267748910385,-0.028847157058057706
ZFP36,215,darkgrey,darkgrey,1,0.012841297870631554,-0.35450131339295604,-0.3607709346575749,0.07007125118881295,0.12711647961320777
SLC38A2,223,darkgrey,darkgrey,1,0.01808114332524992,-0.35563405024690653,-0.4354670238721647,0.21950530186803674,-0.06822817120045727
KRTCAP2,192,darkgrey,darkgrey,1,-0.11037277583936597,-0.37417855380271076,-0.5590659058029633,0.34043922215348127,0.18353934968528446
PPIB,202,darkgrey,darkgrey,1,-0.21414955976978425,-0.3871148767337332,-0.6325523859805502,0.4254800009166422,0.24817122767954405
EEF2,215,darkgrey,darkgrey,1,-0.22671369643212583,-0.3940243405884113,-0.6605373014120807,0.40929025936599267,0.37575641756282224
TXN,186,darkgrey,darkgrey,1,-0.050050037153984366,-0.3995911941145768,-0.5035039460756716,0.3166994415213033,-0.0158209637149603
NCL,218,darkgrey,darkgrey,1,0.035078424848076176,-0.4130943617727087,-0.4724755350848281,0.14726612906327374,0.20655420580971903
HSPA5,219,darkgrey,darkgrey,1,-0.055821571057137184,-0.4191444573435102,-0.5767012933395552,0.26670283888925334,0.2439674990468232
HSP90B1,223,darkgrey,darkgrey,1,-0.09226100422474712,-0.42205781325725417,-0.6209944712865064,0.33830199954127577,0.4408534890190664
TXNIP,223,darkgrey,darkgrey,1,0.46193339460476357,-0.42262976181839657,-0.03428632424736438,-0.5415700717657264,0.11448290615852663
CHCHD2,194,darkgrey,darkgrey,1,-0.19633669954730068,-0.42352715708045624,-0.6647092776883881,0.44203466530508023,0.20254487300123403
ROBO1,138,darkgrey,darkgrey,1,0.18190675317062185,-0.43199247738366203,-0.42108403050565624,-0.021426384586019327,0.5269423696863048
FTL,221,darkgrey,darkgrey,1,-0.24024584886079087,-0.43560057384082657,-0.7009650202969469,0.49339903650481337,0.06611692449608422
NDUFA4,186,darkgrey,darkgrey,1,-0.09917090879220788,-0.445405165744653,-0.6232760829164902,0.3721385112417405,0.19089267278814936
NME2,184,darkgrey,darkgrey,1,-0.09356344058366373,-0.4506253130926607,-0.6351272907516329,0.3746935583507893,0.15980958775722212
CEBPD,194,darkgrey,darkgrey,1,-0.22495056649193004,-0.4516305740501567,-0.70191531276466,0.41600806641839955,0.3141302062304172
COX5B,186,darkgrey,darkgrey,1,-0.05275563285092198,-0.4563763194286142,-0.5846407568510538,0.29929906514265947,0.06766419264242843
TSC22D3,222,darkgrey,darkgrey,1,0.36489284424566915,-0.46512498942296054,-0.18979725196514002,-0.3152822392371331,-0.10515779029122609
TAPBP,222,darkgrey,darkgrey,1,0.291225682271082,-0.46848004784347125,-0.3118303522259069,-0.21855158225332863,0.2921783564898603
COX6C,205,darkgrey,darkgrey,1,-0.0615601266228225,-0.47458788820887415,-0.5881697377450361,0.2771234049695291,0.04067417174717677
FTH1,218,darkgrey,darkgrey,1,-0.15933750120764018,-0.4795501939835768,-0.715768282645839,0.4707632065038948,0.15980677477149346
PSAP,215,darkgrey,darkgrey,1,-0.05323217938815715,-0.48416537556859796,-0.6037762687581204,0.25347818773244607,0.2387062078156724
ATP5MC2,204,darkgrey,darkgrey,1,-0.04846853699675828,-0.4854826718427918,-0.625488073747165,0.26689101644404367,0.15961334389163218
GPX4,188,darkgrey,darkgrey,1,-0.20086496001567955,-0.49434764746496906,-0.7528641832623076,0.4751185507479311,0.1740289126222179
CTSD,207,darkgrey,darkgrey,1,-0.11635606749997549,-0.49751326979598215,-0.6587136518738784,0.311860691270904,0.29460062731526554
PRDX1,189,darkgrey,darkgrey,1,0.1269679422002642,-0.5049744107599199,-0.5212574270898943,0.1537597158424904,0.048987205406003244
CALR,215,darkgrey,darkgrey,1,0.0008992561299324803,-0.5148963229787069,-0.634401023309786,0.23461511663555581,0.35957687531448035
RPS26,199,darkgrey,darkgrey,1,0.03689081470400252,-0.5172327338173751,-0.5962431636678254,0.22808174210287277,0.14958696852904602
ENO1,221,darkgrey,darkgrey,1,0.28901050487055774,-0.5242508873002726,-0.42915589566303186,-0.02638025082121786,0.025850210940031076
ZFP36L1,222,darkgrey,darkgrey,1,0.37726389796678517,-0.5309437352918658,-0.3268611001033801,-0.18826783716421788,0.07988817429698503
NFKBIA,221,darkgrey,darkgrey,1,0.38199774629166555,-0.534132078164476,-0.29961664466284976,-0.24908650289131773,0.038538110827091465
MIF,190,darkgrey,darkgrey,1,-0.11383294867081961,-0.5411060881718927,-0.7355661722952417,0.36753951454867806,0.3074668154972532
ELL2,222,darkgrey,darkgrey,1,0.33896943140982005,-0.5431171216673772,-0.4073708012600826,-0.0734015775400904,0.08222239860836707
TPT1,219,darkgrey,darkgrey,1,0.0339176232025148,-0.5522021631713712,-0.6054069708317245,0.1744019885580099,0.06482524781715746
COX6A1,187,darkgrey,darkgrey,1,-0.056733754997093364,-0.5524355147222769,-0.7005346864026414,0.3440788674940835,0.12367646724240462
COX8A,187,darkgrey,darkgrey,1,-0.11782449207607147,-0.5696367539011162,-0.7654140786006596,0.3813186207357123,0.17223626550453455
NACA,212,darkgrey,darkgrey,1,0.0561859121350239,-0.5696904334822582,-0.6325525626193694,0.16844020223372014,0.1227665444758344
RPS3A,211,darkgrey,darkgrey,1,0.0348292346905297,-0.5729711327529015,-0.6407251397158765,0.2125334525511648,0.1713958597552264
EEF1D,215,darkgrey,darkgrey,1,0.09702138161042786,-0.5858090166529627,-0.6075762295456174,0.0932087264304382,0.19407510720058183
RPL3,214,darkgrey,darkgrey,1,0.015950700876826745,-0.593447862327614,-0.6681485134616004,0.18168500749004296,0.2860556969822574
UQCR11,194,darkgrey,darkgrey,1,0.00032357947049812364,-0.5937170646547713,-0.6888960374385722,0.24177265663240016,0.1274736777021471
RPL4,212,darkgrey,darkgrey,1,0.0794579782022598,-0.6073532353319779,-0.6527276972564667,0.14707497646241954,0.19757878303360252
H3F3A,218,darkgrey,darkgrey,1,0.26067796057394355,-0.6151938114953142,-0.5447182390981625,0.014081059007119806,0.09723948405980172
OAZ1,214,darkgrey,darkgrey,1,0.2313406116744162,-0.6156864956343188,-0.57334837447639,0.021522627835898613,0.1332225622580321
CST3,194,darkgrey,darkgrey,1,-0.04556566875917756,-0.6220721669646816,-0.7460118450704079,0.2939852360778019,0.30935051005178676
EEF1G,213,darkgrey,darkgrey,1,0.08194015045098468,-0.6256455061910989,-0.6837363221636851,0.1713313887047535,0.2681538344622835
PPIA,215,darkgrey,darkgrey,1,0.04538745458783129,-0.6269077392462239,-0.7145704330142598,0.22427219275495408,0.25668786000661803
RPLP0,213,darkgrey,darkgrey,1,-0.0015891115073604905,-0.6286422910813709,-0.7411438797777478,0.2508318898799897,0.3098774706221904
RPL6,212,darkgrey,darkgrey,1,0.13626772576183804,-0.6295945038758716,-0.6229807512566328,0.10569749118333005,0.12359513512164376
RPS7,212,darkgrey,darkgrey,1,0.06432620348856669,-0.6318370814335338,-0.6892202287518525,0.18757424821749316,0.16894482000714875
SERF2,210,darkgrey,darkgrey,1,0.05781229522433094,-0.6354293854803045,-0.6871197126193483,0.18338178279898512,0.1420791429282207
CD63,198,darkgrey,darkgrey,1,0.061223800765753136,-0.6356938586870794,-0.6958542594333336,0.19774875658232147,0.1952600728763983
EIF1,217,darkgrey,darkgrey,1,0.1527348160261581,-0.6390592363618214,-0.6275523588813566,0.09749955622529227,-0.030642612674905027
GAPDH,212,darkgrey,darkgrey,1,0.04701681975598536,-0.6415201103822635,-0.7529166635758409,0.26826035387693686,0.26112295696710675
CD74,215,darkgrey,darkgrey,1,0.11484427563286886,-0.6471149257995006,-0.6391980145003936,0.10069782416154882,0.18205339909583826
RPL14,213,darkgrey,darkgrey,1,0.16043224574429513,-0.6539178099996212,-0.6330137173360258,0.09110422547203799,0.13104016244331235
ACTG1,215,darkgrey,darkgrey,1,0.13491253540879608,-0.6591892168821147,-0.6920656327118461,0.13024446480233537,0.2685177156792279
RPS9,219,darkgrey,darkgrey,1,0.21182698044433546,-0.6601871960564721,-0.6153284218566251,0.043948190138486366,0.19021907661361248
TMSB10,215,darkgrey,darkgrey,1,0.36362507436149655,-0.6670186640284641,-0.45826314059630313,-0.19138096300660512,0.007237543225373753
PFN1,210,darkgrey,darkgrey,1,0.18362462048617448,-0.6691346131287519,-0.6291451980472872,0.02540519102022894,0.0946872672237118
RPL24,207,darkgrey,darkgrey,1,0.24204186823795246,-0.6707921265921852,-0.5844739779594733,-0.004408766601508352,0.03596738595701939
RPS24,218,darkgrey,darkgrey,1,0.31324347602285446,-0.6717472909358254,-0.527101136870453,-0.08635808446936562,0.020547637220650266
PDIA3,223,darkgrey,darkgrey,1,0.37804209531591076,-0.6731694917186255,-0.5407970204296536,-0.06769452523425282,0.23778738474254119
COX4I1,202,darkgrey,darkgrey,1,0.06461076939417583,-0.6738881765010424,-0.7430172672961884,0.20366303866513477,0.14330600293671603
RPS25,211,darkgrey,darkgrey,1,0.18736191519523585,-0.6744497443632759,-0.626081236100663,0.028396193536159575,0.10085509956141679
TMSB4X,218,darkgrey,darkgrey,1,0.3704098568911237,-0.6766942839991437,-0.4517058434730879,-0.22243903244506338,0.08626017852612973
UBB,207,darkgrey,darkgrey,1,0.3253670292530058,-0.6780267029843853,-0.5666337215190261,-0.01811321751415371,0.12208244583536088
RPS8,216,darkgrey,darkgrey,1,0.21871906284579495,-0.6895352263946719,-0.6205762832852253,0.036884037264315,0.09794238066916877
H3F3B,220,darkgrey,darkgrey,1,0.32752511355984765,-0.689673691310218,-0.5732107293674747,-0.03046017816842479,0.03740354032272268
RPS3,218,darkgrey,darkgrey,1,0.22705211433878758,-0.6903264065117278,-0.6488083339166892,0.04308235088482348,0.19567519713443057
RPL15,214,darkgrey,darkgrey,1,0.12777901149788928,-0.6915655221576648,-0.7087498535057069,0.15602026730291416,0.20129142466612726
RPS6,218,darkgrey,darkgrey,1,0.2913551508298166,-0.693793640930989,-0.583532725008758,-0.031804530300088056,0.09000685771275259
COX7C,199,darkgrey,darkgrey,1,0.037663015744010146,-0.6966282132647998,-0.7725867752519648,0.22728393816422235,0.18655513200439863
RPL29,204,darkgrey,darkgrey,1,0.1580672166610419,-0.7007447548563086,-0.7080902675360926,0.12700995806888335,0.09646174503334609
RPS15A,211,darkgrey,darkgrey,1,0.23505810082241912,-0.7037706791728101,-0.639469318726548,0.010201463977065497,0.08534222669194831
RPL31,216,darkgrey,darkgrey,1,0.33834582345542913,-0.7042580779628854,-0.5370606191104224,-0.10188422043084353,0.03874453703662658
RPL7,207,darkgrey,darkgrey,1,0.16658798032274683,-0.7051091672881837,-0.6900887373902636,0.1265454595799049,0.10697271995941539
RPL21,216,darkgrey,darkgrey,1,0.4011537896006955,-0.711274697307689,-0.49387272351952083,-0.18675540122993312,0.06066011836085895
RPS29,212,darkgrey,darkgrey,1,0.5846926147419927,-0.7135408284313753,-0.3363964074383327,-0.416944627470655,-0.07187551364814855
RPS27A,210,darkgrey,darkgrey,1,0.17242419932634773,-0.7151491405494367,-0.690484479551291,0.06825760805578704,0.19890537566267968
RPL37,217,darkgrey,darkgrey,1,0.32125733307987864,-0.7157271176474201,-0.5772144397212896,-0.07232582814304729,0.05253756383048663
RACK1,221,darkgrey,darkgrey,1,0.3043753255065814,-0.7172819468154905,-0.6368092296775436,0.01014411893888455,0.12808522707252007
RPL36,209,darkgrey,darkgrey,1,0.20333175790410463,-0.7176260822990758,-0.6713480755036082,0.049490853022669604,0.13794136407097815
RPL27,203,darkgrey,darkgrey,1,0.16038201067395663,-0.7203897016434289,-0.7202113230916278,0.11203814168196889,0.12558215133320275
RPL35,213,darkgrey,darkgrey,1,0.2942992828720871,-0.7209324384021002,-0.6162791778901675,-0.028270836027447566,0.11666624802660486
RPS5,204,darkgrey,darkgrey,1,0.17192042160095508,-0.7233843961645544,-0.7176023215180837,0.10554516007786965,0.21656989406755917
RPL8,209,darkgrey,darkgrey,1,0.16349090812597078,-0.7269389324864445,-0.7197075048547676,0.12894461280698852,0.15833442641087694
RPL35A,210,darkgrey,darkgrey,1,0.3640418560548498,-0.7275932679283904,-0.5513125528638938,-0.12862604253923146,0.053102711512352505
RPL36A,207,darkgrey,darkgrey,1,0.3070747863154555,-0.7277621824371784,-0.5833150327436977,-0.07492793416397489,0.03639210425894256
RPS12,213,darkgrey,darkgrey,1,0.1992142852174285,-0.7279179368777828,-0.684918829101241,0.06953624612531206,0.12959638992001388
RPS23,207,darkgrey,darkgrey,1,0.13085480418044454,-0.7283632872312785,-0.7347918521965509,0.1268818221031003,0.16849703999863042
RPL13,220,darkgrey,darkgrey,1,0.2810736568653735,-0.7297455503048723,-0.622683126808124,-0.029756995672290874,0.17238260270605985
RPS2,213,darkgrey,darkgrey,1,0.2234500616072735,-0.7311392840150291,-0.6785341432547469,0.03649597801975607,0.1709483490711697
RPL17,218,darkgrey,darkgrey,1,0.3023741425363682,-0.732013513178999,-0.6285829425949945,-0.016833934526835195,0.12074247638221751
MYL6,217,darkgrey,darkgrey,1,0.3677836755951036,-0.7324667400157506,-0.56375082312428,-0.11504563955506954,0.135670473542329
RPL23A,216,darkgrey,darkgrey,1,0.3825371427460253,-0.7351042681716904,-0.5595417222757598,-0.1348319897166784,0.07529372563636051
ATP5F1E,206,darkgrey,darkgrey,1,0.3227642707115528,-0.7363517069511635,-0.5906790402301917,-0.07514824734029978,0.11864802573946402
RPL18A,215,darkgrey,darkgrey,1,0.293452547721585,-0.7364571653338319,-0.62521866132491,-0.03411733416472224,0.10835399682171504
RPL37A,215,darkgrey,darkgrey,1,0.3837214155929894,-0.738229463593002,-0.5448558965206706,-0.15352620416157076,0.048046329589934385
RPL30,216,darkgrey,darkgrey,1,0.2933147370656479,-0.7421031874135315,-0.6340081021241644,-0.026966378548225454,0.05887169292098715
CFL1,212,darkgrey,darkgrey,1,0.30656690775252754,-0.7422366616875212,-0.6374142945022817,-0.04041712233999202,0.2470778616117248
RPL28,219,darkgrey,darkgrey,1,0.39274985693132325,-0.7467120196563946,-0.5687129918444148,-0.14102618913111445,0.09793664799367231
RPS17,200,darkgrey,darkgrey,1,0.2622495422978094,-0.7470390239174772,-0.6568286307123802,0.004666817008854952,0.10435545521684556
RPSA,221,darkgrey,darkgrey,1,0.3535681660382811,-0.7483948440535851,-0.6075403452016037,-0.07998273506402956,0.17958565001382715
RPS19,220,darkgrey,darkgrey,1,0.372436409418664,-0.7495486203356675,-0.5761365548970475,-0.1378399639360517,0.11349389322467876
FAU,213,darkgrey,darkgrey,1,0.2873913693309078,-0.7520812933189266,-0.6517399434692259,-0.026378135502922104,0.14615221901828906
RPL38,206,darkgrey,darkgrey,1,0.30494248534613133,-0.7544283419685796,-0.6336411595903292,-0.05448452051664947,0.07604924982152673
UBA52,210,darkgrey,darkgrey,1,0.29541270306395523,-0.7621339823394513,-0.6558894953820942,-0.01762819419565649,0.107880745486986
RPS20,213,darkgrey,darkgrey,1,0.4058331358944985,-0.7658268487758797,-0.5757241319477618,-0.12404619184545242,0.03232516015210666
RPL39,215,darkgrey,darkgrey,1,0.5406054552339346,-0.769622066732598,-0.45588737561705783,-0.30179589938523854,-0.0026126988911411952
RPL23,216,darkgrey,darkgrey,1,0.4868208128356013,-0.7739075776225014,-0.5329962473225697,-0.19397930562894816,0.028632226571897682
RPS11,212,darkgrey,darkgrey,1,0.36851654716058146,-0.7815330304257824,-0.613078044100706,-0.10388233370766357,0.08359698988151162
RPLP1,221,darkgrey,darkgrey,1,0.3402418168728458,-0.8100473251161582,-0.6739162991811088,-0.07639803048347327,0.14826022693430843
